Journey_Id,Workflow_Type,Total_Gt_Blocks,Line_Break,Merge,Split_Edits,Split_Merge,Size_Change,Line_Shift,Position_Shift,Alignment_Change,Region_Change,Extra_Block,Missing_Block,Block_Match_Time_Drift,VTT_Style,Spanwise_Style_Change,Punctuation_Edits,Word_Edits,Musical_Lyrics,Closed_Caption,Speaker_Transition,Content_Duration,Tier,Created_At
7ef30ad7-b70e-40b1-812b-684a7b3a6659,closed_captioning_v2,1635,172,23,335,156,,,,,1570,41,29,24,,1550,386,292,0,406,275,65.6315382,3,2026-08-23T16:03:00.411398
70225853-8fd7-413c-81df-dabd102b9b86,closed_captioning_v2,959,138,5,241,134,,,,,913,31,14,24,,901,166,182,0,110,72,42.751597783333331,3,2026-08-20T13:50:32.288100
618a0d66-5323-46a1-b322-73cafe9d532d,emt_dialog,969,19,3,110,24,,,,,177,615,792,36,,171,51,83,0,,2,90.924166666666665,3,2026-08-20T04:26:43.497376
1b57172c-c8b5-4a7a-bbf7-4b172cc61428,closed_captioning_v2,969,80,8,194,92,,,,,936,10,19,28,,914,121,138,0,200,120,43.767334716666667,3,2026-08-20T03:27:03.058327
51d0e99b-c9de-4959-b71e-01aef05bcd02,closed_captioning_v2,1111,86,2,228,51,,,,,1066,19,25,32,,1057,137,275,0,217,157,43.001291666666667,3,2026-08-19T10:26:31.494509
d68711ed-6d4d-49e9-966c-d2aa6171bf7e,closed_captioning_v2,1132,66,3,261,46,,,,,1091,22,21,25,,1079,161,277,0,201,150,43.000596533333336,3,2026-08-19T03:18:19.749043
db165e7f-9c7c-4971-ba16-1d7678d802ee,closed_captioning_v2,706,52,6,112,42,,,,,633,49,22,23,,625,77,110,0,22,35,42.18333333333333,2,2026-08-18T21:51:29.130506
d7d71df7-1838-4706-a9f6-54f200bca4c9,closed_captioning_v2,924,131,2,257,145,,,,,892,26,14,27,,877,193,201,0,109,105,42.335348616666671,3,2026-08-18T18:17:22.045149
bab45d10-8a7f-4561-8c39-2d3b6bad0008,closed_captioning_v2,831,107,7,211,88,,,,,682,86,41,15,,660,163,193,0,155,103,44.25393195,3,2026-08-18T17:36:18.643720
43e4ee41-df97-45b3-bbfb-a4ae28c1a54c,closed_captioning_v2,902,99,3,237,129,,,,,826,94,23,19,,805,210,233,0,140,105,43.352336799999996,3,2026-08-17T20:12:33.414014
13824661-1c91-46a5-bfd6-39fe339b3dc9,closed_captioning_v2,746,29,1,227,91,,,,,645,91,29,251,,617,184,184,0,106,62,42.335348616666671,2,2026-08-17T19:53:49.230965
02e8564a-f4e3-4899-8999-be8f01cdca0b,closed_captioning_v2,982,70,3,190,42,,,,,953,7,8,19,,944,115,193,0,85,78,42.750346533333328,3,2026-08-17T18:33:07.806717
51e177f9-f554-4f6f-8b99-f72c7bfad5fe,closed_captioning_v2,999,144,5,193,94,,,,,962,7,17,24,,953,80,175,0,238,100,42.68291805,3,2026-08-15T11:34:46.224848
a17b525a-608d-42fe-bc0f-1ff058367e07,closed_captioning_v2,831,51,4,146,72,,,,,762,46,42,15,,754,112,126,0,122,36,43.836153466666666,2,2026-08-15T09:36:51.694247
a2ddf969-221c-4058-9428-31ff429f4cb1,closed_captioning_v2,1062,126,2,212,80,,,,,1020,6,12,31,,1008,88,203,0,253,112,42.683613199999996,3,2026-08-15T09:30:52.441552
89732110-b2f6-4f09-a189-f39de2aa6aec,closed_captioning_v2,778,46,7,208,101,,,,,730,11,26,17,,710,102,142,0,92,46,42.25193195,2,2026-08-15T08:12:39.722335
b12195ef-b06f-497e-b0c0-5f490349286c,closed_captioning_v2,1047,108,10,295,131,,,,,1000,4,12,24,,988,148,170,0,225,146,43.784713200000006,3,2026-08-15T06:22:19.832816
849c2bea-c7a2-41a3-b96d-3591a0f47687,closed_captioning_v2,538,83,14,119,77,,,,,511,16,10,9,,508,90,103,0,85,72,22.1346125,2,2026-08-14T23:51:26.797249
6e7cf189-2e1c-404d-b587-713183aad809,closed_captioning_v2,1649,219,12,378,174,,,,,1615,18,21,25,,1599,253,225,0,177,104,84.583109716666669,2,2026-08-14T18:25:15.819511
f0184c25-506c-49ed-9a08-00e7ac40089e,closed_captioning_v2,1019,119,6,196,68,,,,,1000,2,9,32,,992,134,208,0,123,79,42.750346533333328,3,2026-08-14T03:33:16.340909
71e74485-b97c-4b6c-921a-a3d74e608696,closed_captioning_v2,1592,273,10,374,139,,,,,1496,116,37,37,,1477,269,240,0,406,113,84.583387783333336,3,2026-08-13T23:18:26.399621
646e0c68-0411-410c-bd8c-a48ba7144a50,closed_captioning_v2,1084,81,4,178,56,,,,,1040,17,21,15,,1025,108,177,0,177,95,42.716979866666662,3,2026-08-13T21:39:49.082171
30e63752-9a0a-48d6-b913-bd11b0a96680,closed_captioning_v2,1040,126,20,206,122,,,,,1014,6,15,28,,994,151,125,0,233,158,44.25142945,3,2026-08-13T05:08:44.806418
04552fb5-1459-47d3-92a9-e2f7144cfcad,closed_captioning_v2,568,78,1,129,56,,,,,527,324,19,20,,502,71,105,0,42,69,43.419070133333335,3,2026-08-13T03:09:02.867109
115868d4-cd0a-4764-b3cb-e6a1d76b3678,closed_captioning_v2,495,16,5,110,83,,,,,488,9,4,9,,485,32,68,0,6,6,22.501367783333333,2,2026-08-12T23:49:24.676614
d73b03df-2bd0-45d2-a95c-0c7606bf9bdb,closed_captioning_v2,775,91,4,240,43,,,,,723,72,20,7,,673,243,171,0,139,146,42.25,3,2026-08-12T22:47:41.123337
d105d4f1-6406-48d1-aecc-da7a651f64e0,closed_captioning_v2,1150,113,31,198,103,,,,,1127,12,6,19,,1117,153,175,0,259,185,43.79375,3,2026-08-12T18:58:06.275495
1a86683d-bdc6-4089-b770-1b22f2b4ed91,closed_captioning_v2,789,56,9,190,87,,,,,730,125,26,22,,721,101,154,1,67,51,42.2512368,3,2026-08-12T09:17:25.247219
453cf111-a883-4fb4-96bc-23df1d695718,closed_captioning_v2,1095,184,35,265,191,,,,,1040,22,14,42,,1028,165,206,0,198,163,43.668625,3,2026-08-12T02:08:02.698832
79baa034-5917-4542-b231-2b9e8fa9dec9,closed_captioning_v2,414,39,2,100,42,,,,,401,2,13,14,,396,66,85,0,3,3,21.600745833333335,1,2026-08-12T01:39:48.176672
1ebc9f67-fe8f-40ee-9f8f-d27fcf66ef49,closed_captioning_v2,485,80,7,120,65,,,,,469,3,3,15,,461,52,64,0,105,40,22.100967783333331,2,2026-08-12T00:09:30.621089
0ab8570c-a1f6-4d20-8666-ea851b0efc2e,closed_captioning_v2,1185,157,12,280,104,,,,,1144,21,24,19,,1132,145,303,0,203,150,43.000596533333336,3,2026-08-11T10:23:26.160651
ce1f0698-7c4f-424d-9217-9191a877db07,emt_dialog,33,2,0,18,7,,,,,33,0,0,0,,33,4,5,0,,0,1.6383033333333332,1,2026-08-11T05:29:36.209368
cce5f49b-89c5-474c-b9a0-f98964847fee,emt_dialog,41,0,0,23,15,,,,,41,1,0,0,,41,11,5,0,,1,2.5058366666666667,1,2026-08-11T05:28:51.572676
4e9f724a-e6e2-41da-91cb-850472c751c4,emt_dialog,25,4,0,11,8,,,,,25,0,0,1,,25,1,4,0,,0,1.60438055,1,2026-08-11T05:28:14.959904
6582eaef-4ce2-4590-aab7-86ccd09e8676,emt_dialog,55,4,0,31,17,,,,,54,1,1,0,,54,19,20,0,,3,2.54976945,1,2026-08-11T05:27:25.929929
2a6b26d0-4b70-4051-9f4b-d4ba2ee96b4e,emt_dialog,38,4,0,17,11,,,,,38,0,0,0,,38,7,7,0,,6,1.7256127833333332,1,2026-08-11T05:26:43.501243
835b9881-ee7a-4529-99e3-fa6957e33929,emt_dialog,50,1,0,27,12,,,,,50,1,0,0,,50,11,11,0,,2,2.7549744499999997,1,2026-08-11T05:26:00.583972
894f6447-e06e-4792-a505-17f0f146d2e1,closed_captioning_v2,540,41,1,107,87,,,,,526,4,2,2,,525,39,43,0,31,17,22.500811666666667,2,2026-08-11T04:57:22.105262
8f6409c8-2dd3-4b49-83a6-16419298df65,closed_captioning_v2,1050,81,15,188,60,,,,,995,29,25,18,,984,131,178,0,298,133,43.83379,3,2026-08-11T01:11:26.745680
c556dce4-d5b3-4b22-8947-42862727b707,closed_captioning_v2,46,3,0,7,5,,,,,45,351,0,0,,44,6,15,0,5,2,22.75050555,1,2026-08-10T21:44:45.053085
875af6c3-ba93-4b74-96dc-5ea4353d2fd8,closed_captioning_v2,402,40,1,57,29,,,,,348,23,6,7,,347,18,52,0,30,24,21.366345000000003,2,2026-08-10T20:42:00.474061
b3e42918-ae9f-4c70-bd8c-8e7409e3942a,closed_captioning_v2,929,176,9,270,134,,,,,901,22,11,30,,883,118,172,0,111,95,42.201186799999995,3,2026-08-10T17:04:12.482330
dc79cecc-b732-4613-b482-672fae9323a1,closed_captioning_v2,1028,159,9,336,169,,,,,945,30,35,17,,927,188,178,0,121,116,42.751597783333331,3,2026-08-10T16:49:40.331209
b80e8fdd-d5b3-4319-88f2-792fbab34c3b,closed_captioning_v2,884,106,5,269,118,,,,,734,89,63,14,,699,253,248,0,144,137,44.253236799999996,3,2026-08-10T16:43:19.662386
4d43bb16-d2fb-4fc1-aaa2-ea3cb638f866,closed_captioning_v2,633,92,2,112,87,,,,,594,146,3,9,,591,44,121,0,63,2,42.2512368,1,2026-08-08T06:43:41.595725
27bc067a-2e13-430b-873c-af5608479aca,closed_captioning_v2,1031,167,11,264,172,,,,,1011,17,5,31,,1006,109,169,0,229,156,43.784713200000006,2,2026-08-08T03:30:04.716841
739fc2b5-bcd9-499c-a44d-33e8b9746d65,closed_captioning_v2,653,32,7,143,80,,,,,598,80,29,14,,584,81,112,0,55,36,42.216,3,2026-08-07T23:53:13.295139
06d94a5c-88a0-4953-9457-02ce3d473b40,closed_captioning_v2,489,62,3,98,44,,,,,463,1,7,9,,457,56,76,0,104,49,22.100967783333331,2,2026-08-07T20:35:40.808765
6a6f5047-d7a2-445b-b8d6-9d82024f2554,closed_captioning_v2,528,89,6,91,29,,,,,513,9,8,20,,506,64,90,0,221,104,22.117651116666664,2,2026-08-07T14:03:24.553306
3a49e851-6b05-473e-8b44-3ec1f8e62d7c,closed_captioning_v2,1362,185,8,386,159,,,,,1190,291,55,44,,1141,217,292,1,241,184,85.750943049999989,3,2026-08-07T14:03:24.368742
7841a309-528b-48ed-8a98-7eda46c050fc,closed_captioning_v2,588,58,2,116,31,,,,,448,89,27,17,,425,100,99,0,80,31,43.650829449999996,3,2026-08-07T14:03:23.642114
78caf617-1e25-4583-bdda-7114665b7d5d,closed_captioning_v2,775,189,7,55,26,,,,,754,19,5,25,,753,85,94,0,57,17,43.419070133333335,2,2026-08-07T14:03:23.102721
b6d6b0fb-63e3-4249-bbf6-9a59d0128464,closed_captioning_v2,785,118,9,182,138,,,,,765,16,4,10,,762,71,67,0,35,14,43.419070133333335,2,2026-08-07T14:03:21.619430
46e05ba6-4fb8-4742-9d21-4512f2948e92,closed_captioning_v2,522,68,4,83,57,,,,,516,1,4,9,,512,44,50,0,100,47,23.017438883333334,2,2026-08-07T14:03:21.184723
adcc4bf2-4a3b-46a9-b3d8-531a00861472,closed_captioning_v2,1544,210,11,409,151,,,,,1427,69,62,35,,1404,208,223,0,329,116,84.583387783333336,3,2026-08-07T07:27:41.391281
3a680223-fa2e-4639-a8c9-8005792ac512,closed_captioning_v2,601,29,3,125,72,,,,,548,46,23,13,,541,93,95,0,11,22,42.18333333333333,3,2026-08-07T05:14:02.280215
cece1169-1840-4e12-9712-e015748821e4,closed_captioning_v2,1005,95,4,168,43,,,,,966,15,20,36,,957,102,176,0,238,98,42.683613199999996,3,2026-08-06T23:38:09.887117
020d4ff7-1f1c-408f-9597-de97a6caf317,closed_captioning_v2,1177,230,19,245,140,,,,,1142,11,9,30,,1130,111,195,0,285,205,43.79375,2,2026-08-06T20:46:20.957907
d9addd19-3eab-42fb-8863-d11961d30dc7,closed_captioning_v2,614,55,5,139,30,,,,,471,83,94,19,,448,131,182,0,111,77,42.217731116666663,3,2026-08-06T17:21:45.637854
bfe1e466-0128-4833-80f6-15e3a37f2094,closed_captioning_v2,781,109,4,189,79,,,,,756,2,12,29,,754,96,94,0,166,31,42.25,3,2026-08-06T17:21:45.285763
e66d37a7-0c20-476c-87bb-0444f90d17d0,closed_captioning_v2,560,37,1,141,23,,,,,391,104,88,19,,370,80,129,0,87,53,42.23497055,2,2026-08-06T17:21:45.065235
26bb5261-6b40-4489-8201-350a07d247c7,closed_captioning_v2,627,31,5,129,66,,,,,602,29,8,13,,599,49,75,0,36,8,42.184503466666669,3,2026-08-06T17:21:44.853414
cb1de94e-f55a-4845-9e7f-71279ee7835e,closed_captioning_v2,808,102,9,182,50,,,,,746,45,30,24,,732,142,132,0,182,71,42.25,3,2026-08-06T17:21:44.655136
d903efcd-9989-4381-b26d-9a6f02f8135a,closed_captioning_v2,682,60,11,113,74,,,,,652,68,4,7,,644,119,84,0,45,10,42.767168883333333,2,2026-08-06T15:41:29.110076
47749856-8b0a-4713-bfb3-83a677318262,closed_captioning_v2,962,126,19,128,88,,,,,946,9,5,26,,945,50,77,0,212,72,43.750373333333329,2,2026-08-06T15:14:24.888419
752a8b76-ce44-42fd-83a5-fa4b0d5e115e,closed_captioning_v2,977,88,15,220,81,,,,,902,26,27,24,,890,172,202,0,116,140,42.267920133333334,3,2026-08-06T04:10:29.876949
56eadb1e-98dd-40c7-8b18-946987c347ac,closed_captioning_v2,1100,143,8,200,87,,,,,1025,20,36,43,,1011,99,154,0,172,94,43.668625,2,2026-08-06T01:59:48.455252
b095695e-7830-47d8-aa3d-707f2382bd67,closed_captioning_v2,472,75,0,75,22,,,,,462,6,2,13,,459,54,64,0,71,44,22.605916666666666,2,2026-08-06T01:44:51.032467
6441425e-fca4-41d9-89ac-23751ec379c5,closed_captioning_v2,441,26,2,81,52,,,,,428,5,5,1,,427,55,76,0,3,1,22.500255550000002,1,2026-08-05T21:31:38.574319
c38e6c61-5143-4290-8d16-ee8d0642cddf,closed_captioning_v2,130,10,0,25,18,,,,,101,2,6,3,,101,2,5,0,0,0,22.105416666666667,2,2026-08-05T20:18:44.369064
7b2245a6-a4eb-4961-9fca-88de849e8762,closed_captioning_v2,526,87,7,140,77,,,,,505,6,6,17,,495,68,100,0,145,87,22.100967783333331,2,2026-08-05T19:14:24.230067
f34679b4-bd35-4264-8991-716c489745f1,closed_captioning_v2,520,82,4,149,72,,,,,489,16,16,5,,479,79,100,0,124,71,22.100967783333331,2,2026-08-05T19:14:23.696807
13d5cf06-f8f0-4665-aec7-8365b026f06e,closed_captioning_v2,521,72,2,158,78,,,,,501,3,4,23,,469,83,67,0,98,73,22.668479166666668,2,2026-08-05T19:14:21.104143
b2ffb01e-b489-40cf-8814-dda0eb72fb3f,closed_captioning_v2,1064,163,3,223,104,,,,,1043,12,19,15,,1030,113,168,0,145,119,42.750346533333328,3,2026-08-05T18:27:35.548309
5d385e80-1420-465a-b6d9-303db77ef2cc,emt_dialog,35,4,0,18,10,,,,,35,1,0,0,,35,3,4,0,,4,1.74396445,1,2026-08-05T05:01:44.178578
f95da605-cf9e-4b16-b547-75b47b9d4214,emt_dialog,50,5,0,25,15,,,,,49,0,1,0,,49,4,9,0,,3,2.6498694499999997,1,2026-08-05T05:00:57.845517
69601c1c-a2d5-4105-b0c1-060344776e79,emt_dialog,30,2,0,19,6,,,,,30,0,0,0,,30,4,6,0,,3,1.67389445,1,2026-08-05T05:00:16.874451
e292bb5a-d996-4b3b-936c-897afcfd9bde,emt_dialog,49,2,0,19,17,,,,,49,0,0,0,,49,9,10,0,,0,2.72494445,1,2026-08-05T04:58:27.025299
09e5b8f9-6489-4eb2-82ab-c7e10d00885a,emt_dialog,27,2,0,16,9,,,,,27,0,0,0,,27,3,6,0,,0,1.6472011166666667,1,2026-08-05T04:57:41.506175
16e68b27-b0a4-4b73-be80-1eed7ca26eff,emt_dialog,44,6,0,20,14,,,,,44,0,0,0,,44,6,7,0,,0,2.5731261166666664,1,2026-08-05T04:54:48.946276
0735ccd3-4aa2-4d4e-8c16-35adaabdb238,closed_captioning_v2,574,54,5,92,39,,,,,565,5,3,12,,564,45,75,0,79,17,22.500811666666667,3,2026-08-04T20:45:17.440436
83f4caae-1c22-44ac-98fe-457b813e50d8,closed_captioning_v2,991,151,6,311,156,,,,,920,38,49,18,,900,220,300,0,155,177,42.335348616666671,3,2026-07-31T06:19:27.652779
2e08571a-a0df-411d-a9ed-602a71146a99,closed_captioning_v2,1128,201,8,351,173,,,,,1049,25,42,14,,1038,262,344,0,159,195,42.267920133333334,3,2026-07-29T05:51:14.508757
2bbf4c1e-b295-494a-9645-7931c3634fe2,emt_dialog,1381,174,22,460,146,,,,,1357,117,24,45,,1302,303,382,0,,280,121.69212445,2,2026-07-29T04:22:30.509396
c5a39703-a87e-488d-ab21-62787609853c,emt_dialog,661,59,5,303,112,,,,,596,405,65,21,,579,230,285,0,,71,101.45413055,3,2026-07-29T03:53:03.156661
22f40189-aeb3-4fe6-a0fb-13c8fff0f5dc,closed_captioning_v2,707,131,3,192,155,,,,,698,59,7,7,,694,76,172,0,126,29,41.851253883333335,1,2026-07-27T19:57:38.835000
6f0630f2-7852-4204-92ea-3bf06eb6a1e1,closed_captioning,148,3,0,20,12,0,13,1,1,,428,26,7,43,,3,15,0,2,0,43.352335611979164,2,2026-07-27T19:48:45.731714
5a156459-3a15-44d2-b936-f411d2e9f0fd,closed_captioning_v2,170,14,1,27,23,,,,,164,143,0,2,,164,14,20,0,0,2,21.017524299999998,1,2026-07-27T19:02:27.282059
9919ebf0-8ee4-4b09-8262-f9f9068b18e3,closed_captioning_v2,786,56,0,222,109,,,,,733,148,28,18,,726,171,163,0,104,43,42.334653466666666,3,2026-07-27T18:32:33.571704
df14942c-c94d-4d3c-9601-bf3b53a8527d,closed_captioning,963,50,3,174,37,0,23,0,0,,28,32,25,0,,86,131,0,154,68,42.78440755208333,3,2026-07-27T18:11:32.694966
75072b75-8e5c-450d-858d-8f38041fd1d0,closed_captioning,1021,68,3,213,54,0,20,0,0,,3,20,24,0,,121,239,0,198,99,42.68430989583333,3,2026-07-25T17:42:06.044953
f93df402-fafd-40a4-8791-f52524a09480,closed_captioning,995,129,4,285,135,0,21,0,0,,35,42,17,0,,184,170,0,152,102,42.251932779947914,3,2026-07-25T15:40:34.491369
6535774f-def7-47e0-b845-cd786e0f777d,closed_captioning,607,26,2,75,23,0,40,2,0,,27,17,27,184,,54,71,0,53,21,41.484000651041669,3,2026-07-25T00:08:09.633106
17946e8b-2fba-460d-b8c6-ffb6e5e5993a,closed_captioning_v2,974,171,13,219,107,,,,,911,46,30,43,,906,165,268,0,106,117,42.335348616666671,3,2026-07-24T07:40:38.454898
a75831b1-927a-458f-aa61-bd2bf7609d9f,emt_dialog,590,61,1,263,107,,,,,571,15,19,9,,566,125,163,0,,74,45.000511116666665,2,2026-07-24T04:28:30.335599
c3bb98f5-7eac-4960-bbfb-dc879fd177c6,closed_captioning,961,66,10,187,92,0,29,0,0,,11,15,26,0,,123,139,0,135,109,42.781628417968747,3,2026-07-23T18:38:25.429202
560d78e0-69b3-4c74-80fb-666e8f3750fc,closed_captioning,976,123,8,191,71,0,106,0,0,,24,15,50,0,,109,138,0,141,98,42.7809326171875,3,2026-07-23T18:38:07.727052
36fbe471-8822-4010-9615-eb0a2bacf0c2,closed_captioning,647,75,3,201,96,0,54,0,0,,320,37,28,0,,132,161,0,80,95,43.419071451822916,2,2026-07-23T14:00:54.685292
8e9e394b-9f0c-428f-9c52-f8854eae44fc,closed_captioning,958,40,7,251,145,0,32,0,0,,15,25,15,0,,168,164,0,179,138,44.251985677083333,2,2026-07-23T03:51:08.257638
929e8f9d-b113-4a24-a857-cdee63b667ad,emt_dialog,1727,204,19,742,276,,,,,1614,127,113,32,,1558,554,790,0,,451,103.31821333333333,3,2026-07-23T03:25:44.200660
2f7eb2a0-327c-4d0c-94ee-9b4745cdb910,closed_captioning,551,76,13,112,50,0,15,0,0,,1,4,6,0,,91,96,0,174,115,22.1176513671875,3,2026-07-22T08:37:17.435892
ac6d203e-14fa-4b20-8fd6-3fe404a54977,closed_captioning,517,73,9,138,56,0,22,0,0,,6,9,10,0,,86,73,0,76,43,22.605916341145832,2,2026-07-22T06:18:38.947183
c98bb03f-810c-43f6-bca5-22bd3c1017ee,closed_captioning_v2,892,150,8,216,111,,,,,837,3,25,29,,825,118,134,0,89,66,42.32005555,1,2026-07-22T04:50:15.428745
06775a02-c28e-4e3c-bc9e-d360e9d7da47,closed_captioning_v2,528,28,7,112,43,,,,,516,0,0,4,,515,67,95,0,44,35,22.500811666666667,3,2026-07-21T18:56:38.866319
e88e1d42-f18b-4c4b-9ff5-252b5a41e9bb,closed_captioning_v2,871,108,3,220,82,,,,,846,10,8,19,,836,103,85,0,78,46,42.32005555,2,2026-07-21T17:13:20.529771
cf361161-2260-4b45-9e8e-d748195dd517,closed_captioning_v2,1045,192,3,231,140,,,,,998,23,16,18,,989,216,247,0,65,120,42.267920133333334,3,2026-07-21T16:22:59.229911
bbd11416-e145-47d6-be09-157aaee490f4,closed_captioning,776,61,7,154,79,0,22,0,0,,26,16,26,174,,82,131,0,115,57,42.192150878906247,3,2026-07-21T03:42:30.890769
fe620c1e-09db-455b-82de-03ac6c0b3cd5,closed_captioning,373,84,4,46,14,0,13,0,0,,0,1,11,0,,42,61,0,0,0,17.459108479817708,1,2026-07-20T20:12:54.274487
eabcb2b5-f0eb-4601-90ed-dd8cff3c5cbc,closed_captioning,934,123,10,252,175,0,30,0,0,,47,28,20,0,,173,178,0,119,122,42.251932779947914,3,2026-07-20T18:23:25.323048
a5ee9759-b086-4c6b-9b1c-0a07f6433d22,closed_captioning,838,127,11,246,132,0,56,0,0,,85,30,17,0,,235,229,0,108,132,42.251932779947914,3,2026-07-20T17:23:29.390274
6885c0cc-8e42-45bc-bc02-0bf9c178eea7,closed_captioning,516,11,3,113,47,0,9,0,0,,3,9,17,0,,51,54,0,110,66,22.100968424479166,2,2026-07-19T12:23:06.459998
7dc4486a-6f91-407e-86ab-d80b5dfd630c,closed_captioning,926,104,4,249,109,0,24,0,0,,110,35,18,27,,126,174,0,144,80,42.8355712890625,3,2026-07-18T21:04:26.779847
66edcf9f-4982-416c-9ba1-bbb6c63f9d28,closed_captioning,632,31,5,154,92,0,62,1,1,,142,32,10,142,,67,133,0,76,55,42.18519694010417,3,2026-07-18T18:56:16.942896
4881b5a8-9aa7-4dc5-a581-89ad8c06faab,closed_captioning,536,53,4,158,106,0,32,0,0,,1,5,5,0,,71,61,0,114,70,22.66847941080729,2,2026-07-18T17:18:42.748654
635288b4-8a35-43d3-bc10-598d08157d3f,closed_captioning,1049,55,3,228,60,0,15,0,0,,7,34,28,0,,118,228,0,271,109,42.67666015625,3,2026-07-17T22:47:38.950769
0cd5a662-ca97-461c-b4cc-cd7eefefd179,closed_captioning,608,31,2,147,115,0,32,1,0,,0,1,15,503,,38,84,0,12,0,42.916666666666664,2,2026-07-17T18:31:31.435426
1a7b36ec-3452-4368-a207-b7f9e388a6ef,closed_captioning,502,27,3,89,30,0,21,0,0,,137,7,22,0,,25,65,0,26,2,42.184505208333334,2,2026-07-17T15:49:32.605085
b6bbb9e1-6290-41c9-9456-c18ba6e1acf5,emt_dialog,660,24,5,201,63,,,,,362,701,298,12,,329,167,208,0,,65,145.97749833333333,2,2026-07-17T13:15:25.426111
7dfaac35-f8d5-49ad-826b-05a99f73d3d8,closed_captioning,645,96,2,147,94,0,45,0,0,,24,10,22,0,,59,147,0,70,11,42.250541178385419,1,2026-07-17T03:53:32.669610
6a0e2b22-86f8-4676-9f32-747c3815f457,closed_captioning,1040,69,5,205,57,0,64,0,0,,12,19,32,0,,91,194,0,154,102,42.71697998046875,3,2026-07-17T02:24:17.581018
95edac9b-100d-4cb8-81e6-bd978871aeb5,closed_captioning,908,87,2,290,200,0,25,0,0,,90,23,11,17,,96,135,0,95,61,43.33634847005208,2,2026-07-16T21:06:42.800949
e375d835-843d-4b99-824e-a37832b24368,closed_captioning,1096,58,4,206,71,0,54,0,0,,32,22,21,0,,112,187,0,186,89,42.751599121093747,3,2026-07-16T15:32:13.915091
22fd6780-5626-43ca-8357-f661e65802b6,closed_captioning,731,68,3,265,131,0,57,0,0,,254,32,18,0,,166,175,0,80,127,43.419071451822916,3,2026-07-16T04:07:45.254294
ae059a0c-2323-4578-a8a0-bb23fdd6437b,emt_dialog,1278,143,9,547,244,,,,,1208,49,70,34,,1198,275,315,0,,65,102.42732445,2,2026-07-16T03:30:01.933125
4b2da3bb-d9ee-4bb3-afa8-1ce828c6be0c,closed_captioning,849,55,0,153,79,0,21,1,1,,29,15,30,20,,110,101,0,66,40,43.352335611979164,2,2026-07-15T20:03:54.751558
e83ec024-e216-44c1-a551-52cdf9e604b1,closed_captioning,675,62,0,228,90,0,110,0,0,,221,44,20,0,,159,213,0,133,127,42.32631022135417,3,2026-07-15T18:55:55.749125
b3544d75-f357-4495-9a41-6d1eaa700c85,closed_captioning,537,66,2,130,57,0,20,0,0,,9,5,17,0,,71,85,0,70,54,22.605916341145832,2,2026-07-15T05:53:21.935823
5774fc0a-6735-4764-a458-85e428a08482,closed_captioning,1135,94,34,196,106,0,19,19,16,,8,7,38,0,,134,193,0,241,181,43.794445800781247,2,2026-07-15T00:34:25.488354
ada9f5a9-d135-4041-800b-802a5c2bf73b,closed_captioning,161,22,1,58,34,0,7,0,0,,174,1,4,0,,17,20,0,1,1,21.017525227864585,1,2026-07-14T22:40:48.188334
7e351d5f-1d39-4551-9270-c777c3cd4aa5,closed_captioning,1078,93,6,260,81,0,28,0,0,,16,30,33,0,,170,248,0,168,87,42.751599121093747,3,2026-07-14T14:38:01.218937
8a4ef969-7a50-4ee2-9995-37257772322f,emt_dialog,1000,113,17,370,92,,,,,957,156,43,41,,928,242,322,0,,181,108.02402666666667,2,2026-07-14T05:13:12.393239
fec65254-829c-41bc-adfc-2ed93d698940,closed_captioning,494,74,3,126,99,0,30,0,0,,120,2,16,0,,35,81,0,33,1,42.25123697916667,1,2026-07-10T19:10:46.663783
76902ea1-fd97-4df8-9fbc-791cff121569,emt_dialog,846,109,15,243,55,,,,,816,37,30,30,,772,203,194,0,,140,89.360382216666665,1,2026-07-09T06:26:02.947537
bcaf033b-761a-429f-90ef-3e8c7e5cde95,closed_captioning,1631,192,15,392,147,0,52,0,0,,150,49,60,104,,160,271,0,465,131,84.582828776041666,3,2026-07-08T17:59:26.493757
c3029237-92e7-4163-b5ce-d1786f94a5c0,closed_captioning,847,42,0,186,64,0,29,0,0,,59,35,24,0,,103,147,0,102,76,42.25123697916667,3,2026-07-08T17:00:30.882316
8142f2b6-111c-428a-a40b-63ad9046393c,emt_dialog,1705,307,38,388,210,,,,,1632,34,73,43,,1605,232,296,0,,210,120.45923333333333,2,2026-07-08T04:57:31.674451
0f6a9c21-155d-43b6-bb4f-22af13e5761e,emt_dialog,1210,110,8,447,123,,,,,953,81,257,32,,876,356,410,0,,308,84.9165,2,2026-07-08T04:25:05.795171
d1615578-b3aa-406a-a183-630f237fffe1,closed_captioning,545,86,5,159,70,0,31,0,0,,0,2,5,25,,73,80,0,104,61,22.1176513671875,2,2026-07-07T12:17:35.129478
e3754351-3f4c-4f75-9a7b-35d8d9d39945,emt_dialog,1169,143,22,359,111,,,,,1085,79,84,43,,1041,198,281,0,,245,88.831516666666658,2,2026-07-07T03:50:45.541092
b374d1e1-7596-4fb3-b9e9-f14e634ee243,emt_dialog,921,129,25,280,99,,,,,885,48,36,31,,855,157,249,0,,174,80.400316666666669,2,2026-07-05T12:51:55.495864
d4b22601-41ba-441b-8e29-ba6d9af57ce8,emt_dialog,764,101,13,260,76,,,,,730,71,34,19,,715,239,318,0,,53,111.83616666666667,2,2026-07-03T04:03:36.332506
19f2d9cd-75ef-4628-ac51-3bc6d7d31d4e,closed_captioning,851,49,3,216,89,0,33,0,0,,54,27,18,0,,128,155,0,122,109,42.25123697916667,3,2026-07-02T21:58:48.920187
913c627f-6cb3-460c-941b-e69a4bc151fc,closed_captioning,1046,119,5,292,138,0,46,0,0,,25,24,30,0,,130,148,0,149,105,42.350642903645834,3,2026-07-02T08:21:51.263570
14cbc59b-1b93-4ff4-85ed-4481e027d700,closed_captioning,913,54,7,230,102,0,33,0,0,,22,20,19,0,,154,176,0,146,140,44.251985677083333,2,2026-07-02T06:31:11.223240
a5cecee5-3af6-4b57-80fb-313455f45061,closed_captioning,899,147,9,177,57,0,79,0,0,,20,17,41,0,,121,196,0,144,119,42.773286946614583,2,2026-07-01T17:43:15.299539
6fbe65c8-7ffe-4d0e-a155-31707fa40d05,closed_captioning,1181,79,6,383,160,0,15,0,0,,15,36,30,0,,148,223,0,349,236,43.8337890625,3,2026-07-01T14:12:46.403703
ec14e835-f247-487f-bfb6-fac610d52512,emt_dialog,822,84,12,238,57,,,,,771,166,51,27,,748,142,190,0,,117,118.73416666666667,2,2026-07-01T12:29:38.637109
e3868506-6367-4c61-9b23-684ca17d6c20,closed_captioning,1015,143,7,246,109,0,40,0,0,,11,31,21,0,,136,159,0,162,94,42.683614095052086,3,2026-07-01T08:47:47.871686
7addad5b-08de-4fd8-a96d-3467aae26e24,closed_captioning,170,9,0,46,36,0,9,0,0,,238,0,0,0,,22,21,0,3,1,21.017525227864585,1,2026-07-01T01:09:01.060902
d4382305-c207-4bcc-8ee5-854c6734c277,closed_captioning,1719,380,8,155,31,0,115,1,1,,21,18,42,151,,127,215,0,284,120,84.583113606770837,3,2026-06-30T20:35:44.702590
06bd56f2-b9c9-4efd-917a-82d02d801dcf,closed_captioning,146,9,0,26,23,0,11,0,0,,175,3,0,0,,17,21,0,3,1,21.017525227864585,1,2026-06-30T12:54:45.595531
3bbbd5a7-483e-45f3-854c-39b760b18f9a,closed_captioning,602,57,5,232,89,0,43,0,0,,6,17,4,23,,126,130,0,176,158,22.1176513671875,2,2026-06-30T05:45:24.113293
e3b63a5f-395f-4c90-96b8-a18cce2b1f86,closed_captioning,963,198,5,150,30,0,46,0,0,,12,8,36,12,,105,142,0,286,90,43.750374348958331,2,2026-06-29T20:23:05.920154
b5d0ac9e-8de0-4a93-ae05-39b84d62c61c,closed_captioning,962,70,5,198,43,0,14,0,0,,17,20,38,0,,141,212,0,169,94,42.7809326171875,3,2026-06-29T14:22:34.056342
b7a39e14-edb4-4fb1-84d9-00da6f09008f,closed_captioning,908,66,1,189,35,0,17,0,0,,63,24,31,0,,105,197,0,169,116,42.781628417968747,3,2026-06-29T14:22:11.413953
171316ac-67aa-489c-a671-3961cc7c1e6f,closed_captioning,959,158,17,273,132,0,35,0,0,,7,16,25,0,,180,213,0,254,204,43.750651041666664,3,2026-06-27T17:24:20.438066
e761f2db-916a-43b4-8f84-63dee9278407,closed_captioning,670,43,5,140,57,0,50,1,0,,87,46,30,203,,81,118,0,61,49,41.935335286458333,3,2026-06-26T22:37:12.759944
c839fb04-e252-4d7a-826a-6ce023b0859b,closed_captioning,511,24,2,78,32,0,20,2,2,,12,26,14,99,,44,69,0,39,35,21.6014404296875,2,2026-06-26T22:25:04.464020
bab56079-f0d1-4681-9c86-30baa9cc43d4,closed_captioning,615,79,6,166,46,0,44,0,0,,331,42,31,0,,103,165,0,69,92,43.419071451822916,3,2026-06-25T21:17:38.749937
2afdca02-50d5-4086-8da4-8faad509ed0c,closed_captioning,715,120,4,186,120,0,23,0,0,,69,7,6,0,,72,219,0,127,13,42.14488118489583,2,2026-06-25T20:02:52.873065
40c3f3a1-0b0d-4183-9af2-19f1f82f9311,closed_captioning,518,38,3,100,37,0,6,0,0,,10,30,12,0,,52,114,0,78,73,22.585062662760418,3,2026-06-25T14:52:10.790921
9a7530ce-f729-4069-aad1-a13d1ff890ce,closed_captioning,529,35,0,80,42,0,17,0,0,,71,20,27,0,,45,84,0,23,8,42.184505208333334,2,2026-06-25T06:52:37.377704
a1a2e075-9546-44a2-98ed-32bb21a9cdcb,closed_captioning,602,48,3,71,44,0,36,7,7,,14,2,24,421,,33,53,0,24,0,42.833333333333336,3,2026-06-25T05:30:42.311567
f031fd1e-d935-4f32-b2cc-b096c213b1ed,closed_captioning,146,29,0,37,30,0,2,0,0,,183,1,5,0,,20,31,0,2,0,21.017525227864585,1,2026-06-25T01:35:31.656249
ddb156b9-0583-4964-b657-0bfd57dad5f6,closed_captioning,675,65,1,214,87,0,120,0,0,,256,94,22,0,,167,239,0,159,161,42.3339599609375,3,2026-06-25T00:04:43.763094
d878bb9a-1705-4d99-ac55-40de09f3bb06,closed_captioning,1389,112,4,287,100,0,21,0,0,,12,32,41,0,,153,270,0,212,96,73.604085286458329,3,2026-06-24T04:47:52.675313
6647923b-9f49-406d-a59a-e59c90dbe998,closed_captioning,738,98,3,229,159,0,46,0,0,,130,12,4,0,,91,73,0,144,46,42.052010091145831,2,2026-06-23T21:02:24.922209
373f005f-bdc8-400d-ba45-3c669d0176e7,closed_captioning,1375,144,12,437,195,0,100,1,1,,401,57,38,0,,333,375,0,162,182,83.667610677083331,3,2026-06-23T20:21:15.674452
b707b16f-6ec5-4516-bb46-11814e28d197,closed_captioning,747,81,3,170,71,0,15,0,0,,112,22,8,13,,69,110,0,92,57,43.766666666666666,2,2026-06-23T18:39:35.081659
17304d0b-248c-42c1-9a7e-193d348607db,closed_captioning,816,136,2,241,179,0,22,0,0,,7,15,19,0,,76,116,0,31,27,42.055904134114584,1,2026-06-23T18:13:12.505862
20e590ca-ae38-450d-9afe-bd9d534d3cee,closed_captioning,818,63,1,144,57,0,16,0,0,,0,6,11,0,,133,134,0,27,27,41.680529785156253,2,2026-06-23T18:09:55.992678
e13e814e-c939-4f81-a8bf-ea5cf697851d,closed_captioning,918,129,7,224,100,0,24,0,0,,40,21,20,0,,146,245,0,150,127,42.25123697916667,3,2026-06-23T16:53:36.176827
f3bff19f-c949-4f80-88f4-b39d674c2f1b,closed_captioning,1002,71,4,209,64,0,274,0,0,,16,29,27,0,,113,198,0,187,91,42.750484212239584,3,2026-06-23T07:35:07.423661
32ef5a46-c15c-4f67-a5ce-bee168b6cb03,closed_captioning,579,28,1,130,42,0,5,0,0,,3,16,12,0,,63,111,0,98,65,22.585062662760418,3,2026-06-23T05:16:44.408100
da6988ae-7b1d-44f0-bfa2-2459998f09ba,closed_captioning,439,55,6,115,34,0,14,0,0,,0,6,7,0,,43,53,0,74,44,21.387477620442709,3,2026-06-23T01:11:58.141942
c1826dc4-f793-499f-a0bc-3aefc548cdff,closed_captioning,1044,168,14,341,177,0,43,0,0,,10,20,19,0,,127,205,0,309,177,43.9598876953125,3,2026-06-22T23:41:00.846022
f1dd0e3a-c778-4747-8bfa-117c7b1e7a26,closed_captioning,332,44,2,78,37,0,7,0,0,,8,8,20,0,,15,34,0,6,0,22.105415852864585,2,2026-06-22T23:38:02.716514
4f1550f7-a267-41d2-8f8f-3f020d63b67e,closed_captioning,521,33,10,119,51,0,12,0,0,,6,9,10,21,,60,95,0,40,43,21.417228190104165,2,2026-06-22T23:37:40.028688
22860fd9-be9f-4945-9785-e8159ddb09ee,closed_captioning,878,99,7,197,127,0,45,0,0,,29,11,25,0,,165,143,0,63,23,42.183809407552083,1,2026-06-22T23:36:29.929305
4798682c-2946-474c-92e4-bf100fa70f21,closed_captioning,927,39,4,175,89,0,45,0,0,,123,14,17,0,,111,197,0,89,62,49.91764729817708,3,2026-06-22T23:35:34.646933
6a47a89d-f274-45e1-bf79-8944ab62a4e0,closed_captioning,638,19,1,137,84,0,29,2,0,,62,21,21,239,,63,92,0,36,22,41.306001790364583,2,2026-06-22T23:26:49.699116
0cf57fd0-cb05-4a55-ba91-df988df12148,closed_captioning,1660,162,8,447,251,0,94,2,2,,164,61,39,230,,255,340,0,368,168,84.583390299479163,2,2026-06-22T23:26:24.059412
143d6b2b-f0df-47c3-8975-feb4684c54d2,closed_captioning,1029,66,4,192,60,0,9,0,0,,5,23,30,0,,107,200,0,154,112,42.71697998046875,3,2026-06-22T23:25:07.771477
3e75028f-fe47-433d-a4b7-4d9f7c735e59,closed_captioning,586,73,1,80,18,0,27,0,0,,4,11,6,24,,36,62,0,157,60,22.1176513671875,2,2026-06-22T23:10:24.178975
81bd96f2-f975-495d-8dee-f42d3ac21614,closed_captioning,533,54,1,87,27,0,16,0,0,,2,5,11,20,,51,66,0,149,57,22.1176513671875,2,2026-06-22T23:07:28.880974
657ef336-c4d5-4141-ab6e-9cadc3801bd6,closed_captioning,569,76,2,113,27,0,60,0,0,,5,8,15,16,,71,93,0,142,104,22.1176513671875,2,2026-06-22T23:05:31.450449
1950ee0b-c1a2-4d5b-b478-7447db47050a,closed_captioning,494,100,4,95,21,0,63,1,0,,4,3,8,24,,51,82,0,133,52,22.1176513671875,2,2026-06-22T22:57:06.429164
829d6c8d-da8d-4e21-99c9-a6c5e98096a4,closed_captioning,517,96,4,142,58,0,35,0,0,,3,9,1,26,,87,108,0,97,74,22.1176513671875,2,2026-06-22T22:52:09.716554
7383761c-6ea6-44cd-a9de-f0d728f23e3b,closed_captioning,510,61,1,151,57,0,37,0,0,,2,6,5,19,,72,63,0,90,62,22.1176513671875,2,2026-06-22T22:50:09.578070
c3ffd9b5-50f3-4a0f-8ad4-0016aba95556,closed_captioning,567,76,3,92,40,0,19,0,0,,1,4,8,23,,77,101,0,108,65,22.1176513671875,2,2026-06-22T22:48:59.304896
c196f4bc-68c6-49cc-aa2f-fe13972a86ed,closed_captioning,571,81,7,160,86,0,28,0,0,,4,3,14,24,,85,95,0,116,91,22.1176513671875,2,2026-06-22T22:45:16.967549
8b802f1d-14d6-435b-942e-6a7a98c458ee,closed_captioning,550,89,12,146,56,0,46,0,0,,2,14,13,28,,81,108,0,125,103,22.1176513671875,2,2026-06-22T22:41:22.940760
0aca417e-f8ea-46ae-98e7-55e1715ca945,closed_captioning,626,95,5,131,74,0,28,0,0,,4,8,8,16,,62,92,0,150,67,22.1176513671875,2,2026-06-22T22:40:07.656030
5ab01b4f-b27f-42d3-98c1-e2b330d235d7,closed_captioning,585,96,6,131,59,0,28,0,0,,5,6,5,25,,52,74,0,149,76,22.1176513671875,2,2026-06-22T22:36:14.215695
7fa6acf2-114c-4262-a78b-8c412dbbb49d,closed_captioning,505,69,2,128,43,0,7,1,0,,7,20,15,27,,67,89,0,122,74,22.1176513671875,2,2026-06-22T22:35:17.371949
c229d6a8-c635-4030-941f-51413fd91649,closed_captioning,541,33,1,100,21,0,11,0,0,,1,6,13,20,,47,106,0,78,43,22.1176513671875,2,2026-06-22T22:30:28.044166
9c93d282-cc62-4910-a19f-8e1b84c73439,closed_captioning,575,112,5,130,84,0,28,0,0,,4,5,5,20,,63,80,0,121,64,22.1176513671875,2,2026-06-22T22:23:54.612295
32ee5f0b-fc57-45b0-b957-0fc7f53636d9,closed_captioning,565,87,15,179,122,0,41,0,0,,6,27,18,0,,171,183,0,215,172,22.1176513671875,3,2026-06-22T19:21:10.418467
5c503442-39ca-4836-85d2-4536591ad711,closed_captioning,794,96,2,227,101,0,20,0,0,,72,37,17,0,,111,186,0,116,79,42.25123697916667,2,2026-06-22T14:16:20.746304
b99f50b5-879e-4181-9402-b5319dabd752,closed_captioning,589,65,7,159,75,0,23,0,0,,1,8,11,0,,73,97,0,113,110,22.1176513671875,2,2026-06-22T13:14:51.948220
7b612e4e-226a-4810-b501-6fe061738921,closed_captioning,126,10,0,18,25,0,13,0,0,,135,8,1,0,,24,13,0,0,0,21.017525227864585,1,2026-06-18T22:12:08.417377
d8e7a8c7-8f45-45b4-8bff-d78fa907114e,closed_captioning,697,111,1,120,92,0,14,2,0,,1,3,18,484,,43,65,0,19,7,42.916666666666664,2,2026-06-18T21:37:28.319278
80e65d19-d6fe-47af-aea8-fef5e568fb35,closed_captioning,706,80,2,199,56,0,36,0,0,,302,59,22,0,,120,181,0,93,132,43.419071451822916,3,2026-06-18T11:42:09.649745
a133ae3c-59e1-4d4b-afc0-47dee5e068a9,closed_captioning,489,45,0,121,31,0,4,2,1,,5,11,22,21,,101,121,0,136,69,21.354667154947915,3,2026-06-18T11:24:59.703042
dafb2cff-1899-4cf4-a467-9229a8d8ec2d,closed_captioning,941,58,5,196,82,0,252,0,0,,4,26,36,0,,105,180,0,131,73,42.750484212239584,3,2026-06-18T11:22:42.898547
9ff6faa1-9417-4035-b9f0-3d2a5a2f07ed,closed_captioning,331,48,2,55,23,0,3,0,0,,4,5,1,0,,37,34,0,0,2,16.657613118489582,1,2026-06-17T23:45:08.094828
342e1fb2-8c29-413c-b2d5-f7ddcdfdf15f,closed_captioning,951,44,3,242,48,0,27,0,0,,68,35,39,0,,124,210,0,206,164,42.835847981770833,3,2026-06-17T17:38:36.006428
dafdb44b-94a4-42f6-a810-f54e02096eeb,closed_captioning,804,69,4,156,81,0,26,0,0,,59,24,15,162,,100,119,0,56,32,43.419071451822916,2,2026-06-17T12:27:30.822215
69c9a999-e897-4149-98c1-58bf14b8bfbe,closed_captioning,510,28,0,106,30,0,33,1,0,,20,24,13,84,,81,111,0,60,37,21.60074666341146,3,2026-06-17T06:27:06.494247
31703250-256b-410b-9686-d3e0f169f6c8,closed_captioning,538,68,3,101,38,0,7,0,0,,1,7,14,15,,29,62,0,150,47,22.418229166666666,2,2026-06-17T06:03:14.885576
5a97f598-0a07-47f9-98ed-85a230a0b8bd,closed_captioning,474,48,1,95,34,0,13,0,0,,2,7,13,5,,62,89,0,68,21,22.418229166666666,2,2026-06-17T03:52:25.998863
1c0911ba-aea1-4fd9-b365-cbc7f9a9e5db,closed_captioning,134,11,0,25,12,0,6,0,0,,167,1,0,0,,13,15,0,3,2,21.017525227864585,1,2026-06-17T00:36:11.963370
d9ba54b9-86c6-4a83-9fc0-f4e97492c2c5,closed_captioning,531,60,9,116,43,0,30,0,0,,7,11,9,9,,68,96,0,182,80,22.418229166666666,2,2026-06-16T23:35:42.542411
97d0585c-3ff4-47b7-aa2d-e3bc1555427b,closed_captioning,438,37,0,79,42,0,16,0,0,,140,94,13,8,,29,38,0,34,22,43.352335611979164,2,2026-06-16T22:30:11.546409
66673861-92f1-4c87-af6a-6fef72f030d4,closed_captioning,868,100,16,146,79,0,21,0,0,,46,29,44,11,,92,133,0,148,81,43.766666666666666,2,2026-06-16T21:37:51.915941
88302519-c408-497a-9c0c-8f805497b9a6,closed_captioning,934,128,2,223,124,0,30,0,0,,42,20,41,0,,136,180,0,122,83,43.352336799999996,3,2026-06-16T11:44:10.407453
81e6fe57-f38a-4d38-a113-2126aeb784b1,closed_captioning,476,11,0,86,54,0,21,0,0,,2,1,3,0,,52,46,0,9,3,21.3838623046875,3,2026-06-16T05:00:06.828949
76cf92e9-f299-42a0-a64a-865a7dfc0387,closed_captioning,541,23,3,99,25,0,72,0,0,,1,7,3,0,,75,114,0,22,20,22.500811767578124,3,2026-06-15T22:37:52.875314
e8121d4d-1951-4aa4-930e-7e0ba2d45175,closed_captioning,1709,212,4,443,221,0,110,1,0,,106,68,68,195,,180,298,0,350,134,84.583390299479163,3,2026-06-14T15:35:35.870148
9ff0da16-f525-44c2-a9cb-8354765eb9a5,closed_captioning,891,116,6,235,108,0,47,0,0,,74,37,15,0,,173,230,0,154,132,42.251932779947914,3,2026-06-13T20:54:38.834133
bd3b7152-018b-4618-bc90-eea51d834f1b,closed_captioning,897,112,16,157,65,0,32,0,0,,10,21,22,0,,92,116,0,172,123,44.251428222656251,3,2026-06-13T16:55:43.560460
d197a5e1-6676-45c4-a8c0-0f58c91657b4,closed_captioning,1028,73,2,201,62,0,11,0,0,,15,22,29,0,,104,179,0,141,85,42.683614095052086,2,2026-06-13T16:09:00.887085
33698eed-12c1-4610-a8b9-0f85e5a8f158,closed_captioning,572,110,8,79,31,0,44,0,0,,1,2,13,20,,46,58,0,140,49,22.1176513671875,2,2026-06-13T11:18:56.421859
b0e9e84d-1740-4dae-80f0-6cf75d1dfa8a,closed_captioning,643,32,5,126,64,0,8,0,0,,1,1,4,0,,38,115,0,5,2,21.621600341796874,1,2026-06-13T05:00:51.903436
9dcecdee-a57d-4657-9538-1762d2471102,closed_captioning,596,25,2,112,62,0,8,0,0,,5,4,7,1,,68,85,0,5,3,21.621600341796874,1,2026-06-13T04:38:33.519388
eb00e9bd-9cd6-4366-a9e1-94a679554fbc,closed_captioning,529,88,6,156,74,0,12,0,0,,2,13,11,22,,77,80,0,120,77,22.1176513671875,2,2026-06-13T02:34:01.750100
a03be053-2873-4713-b26d-95d21039e7c7,closed_captioning,1042,124,3,287,125,0,20,0,0,,14,42,20,0,,132,214,0,295,172,44.071805826822917,3,2026-06-13T02:15:05.493563
0c905219-fd77-4a17-b277-476b8bd6a6da,closed_captioning,595,72,13,146,58,0,14,0,0,,7,10,8,26,,93,120,0,155,117,22.1176513671875,2,2026-06-13T01:50:14.333074
02643fbb-e6a7-440f-9544-973ab860692e,closed_captioning,590,79,1,165,45,0,15,1,0,,2,18,18,25,,73,127,0,133,95,22.1176513671875,2,2026-06-12T21:54:46.291118
c6a2217c-38bd-4b04-a0ae-5dbbcff76fc9,closed_captioning,1073,180,9,303,139,0,23,0,0,,30,39,18,0,,241,312,0,86,167,42.267919921875,3,2026-06-12T19:49:08.862652
075ffafe-72ee-4933-8ccd-7c7a11daf15f,closed_captioning,392,12,3,41,18,0,17,0,0,,110,17,37,0,,27,68,0,39,1,42.25123697916667,1,2026-06-12T14:38:01.105196
699182cd-bb34-4742-8170-22e4bf7682b7,closed_captioning,858,140,9,131,57,0,7,1,1,,11,33,37,83,,82,104,0,248,81,42.184505208333334,3,2026-06-12T12:28:48.231071
d455320a-874a-4d29-89aa-8a8d0d360b36,closed_captioning,966,147,16,140,54,0,33,0,0,,24,40,32,0,,109,142,0,340,163,40.91754150390625,3,2026-06-12T11:32:29.424645
c0bcc74d-81d7-4bbc-aad8-c2f2838045fc,closed_captioning,593,103,16,134,81,0,29,0,0,,4,16,7,0,,116,158,0,121,71,22.434912109375,3,2026-06-12T05:45:01.455515
fc65c4cb-dbe4-43f1-a022-87b046e09e7b,closed_captioning,766,26,2,93,42,0,30,0,0,,1,8,27,0,,80,95,0,22,7,42.66831868489583,2,2026-06-12T02:48:25.340642
cbb47c5f-c93b-4087-8c18-00ebd8b2a6cd,closed_captioning,613,30,3,103,60,0,8,0,0,,0,2,1,0,,21,85,0,12,3,21.621600341796874,1,2026-06-11T22:26:49.657864
b3b3073c-a80c-4ddf-bc48-57d3a96bb72f,closed_captioning,140,29,2,37,40,0,11,0,0,,194,0,3,0,,26,16,0,0,0,21.017525227864585,1,2026-06-11T07:36:41.873611
2efe099f-acb3-4064-a0f9-6bb323b60ba0,closed_captioning,533,69,7,132,68,0,10,0,0,,3,20,9,0,,82,124,0,101,81,22.585062662760418,3,2026-06-11T06:11:36.077471
69e405b4-882b-41ed-ab6a-f6e27a321056,closed_captioning,579,79,4,165,78,0,14,0,0,,7,13,8,16,,58,109,0,161,103,22.418229166666666,2,2026-06-11T05:17:13.816885
b587c3ed-bba5-4a7b-9791-64bbf57e23ef,closed_captioning,584,74,4,187,88,0,33,0,0,,4,12,8,12,,85,110,0,148,109,22.418229166666666,2,2026-06-11T02:53:32.289437
e1400cec-591e-4ff7-9f05-0fca4cb823e9,closed_captioning,872,121,7,311,182,0,58,1,0,,35,52,29,358,,198,286,0,116,69,43.112512207031251,2,2026-06-10T21:52:21.627299
90aacec8-f10e-4ea5-ae4a-432df10cc451,closed_captioning,1008,123,16,302,211,0,56,0,0,,4,22,29,0,,172,253,0,179,141,43.8337890625,3,2026-06-10T19:35:20.827783
4b734d0b-345e-493d-8531-a4355dfd354d,closed_captioning,695,23,2,174,109,0,72,3,0,,46,27,27,231,,59,140,0,67,29,42.166666666666664,3,2026-06-10T19:07:07.928890
7e1711a0-4528-4c0c-8ad2-536dab16bcbe,closed_captioning,913,89,7,293,124,0,32,0,0,,108,42,33,0,,162,217,0,184,145,42.851835123697917,3,2026-06-10T16:29:45.255817
2319c98b-8c24-4631-ab73-65a7fc7a044f,closed_captioning,1486,129,12,465,232,0,95,0,0,,375,68,49,0,,235,299,0,181,207,85.75094401041666,2,2026-06-10T16:07:51.196407
eda1c58c-9864-42a4-aea3-e82bc255772f,closed_captioning,669,83,8,220,69,0,66,0,0,,296,47,16,0,,178,220,0,73,115,43.419071451822916,3,2026-06-10T14:40:07.738115
02801ceb-9763-489d-a8fa-b833bd3f39d8,closed_captioning,613,76,5,122,42,0,31,0,0,,3,8,7,2,,131,134,0,209,81,22.417395019531249,2,2026-06-10T01:18:17.050628
5b899958-d9ca-4ef1-bd9f-6736a9a9b55a,closed_captioning,552,81,11,135,77,0,9,0,0,,3,14,13,0,,89,135,0,105,103,22.585062662760418,3,2026-06-10T00:10:17.022865
26165504-d350-4d95-b59b-9839b2847f12,closed_captioning,190,1,1,13,9,0,6,1,0,,227,50,1,26,,6,12,0,0,0,43.353727213541667,1,2026-06-09T20:20:13.582806
bc57b532-26b3-456f-be41-fe4a751c028d,closed_captioning,933,72,5,181,67,0,256,0,0,,14,39,43,0,,99,175,0,107,89,42.750484212239584,3,2026-06-09T15:36:37.345978
168466e8-53c5-4d3a-ad8c-ca29cef8722b,closed_captioning,489,26,1,114,32,0,31,0,0,,8,19,11,87,,74,108,0,33,17,21.60074666341146,3,2026-06-09T14:47:39.369207
333afb9f-b2f0-49a6-bca0-d4623479eb17,closed_captioning,598,62,5,115,64,0,17,0,0,,65,24,20,0,,54,87,0,61,11,42.184505208333334,2,2026-06-09T14:28:57.230245
2b560722-de81-4687-8a41-05752cff0157,closed_captioning,490,32,1,88,32,0,12,0,0,,18,8,23,0,,62,74,0,103,67,22.66847941080729,2,2026-06-09T13:29:04.414618
5bbd0ee7-7c33-4e33-913e-142ce2f9f9a8,closed_captioning,758,98,3,214,102,0,59,0,0,,158,53,30,0,,103,172,0,76,96,43.4200439453125,3,2026-06-09T12:03:50.830505
a512ccc9-1fbd-430b-874e-ec8cb76ab22c,closed_captioning,931,70,3,175,65,0,20,0,0,,16,26,17,0,,92,178,0,131,51,53.502754720052081,3,2026-06-09T00:11:36.935120
af16e51d-5f00-4347-b1f5-e55173953a7a,closed_captioning,611,10,1,60,39,0,13,0,0,,380,369,17,74,,43,49,0,30,10,42.133333333333333,3,2026-06-08T17:22:24.694972
aaf5b0d5-bfcd-424b-b09a-c2b5424331a8,closed_captioning,707,70,4,218,137,0,24,0,0,,32,18,20,0,,81,87,0,63,11,43.41767985026042,1,2026-06-08T14:03:46.261953
fd303297-a9a6-4e28-85f4-daa319eb122a,closed_captioning,1135,176,6,384,178,0,13,0,0,,28,57,23,0,,259,391,3,116,207,42.267919921875,3,2026-06-08T12:26:52.735504
6f092c1a-7c78-437f-b900-674e07cebe21,closed_captioning,441,61,6,58,35,0,12,0,0,,6,8,14,23,,47,47,0,73,27,21.354667154947915,3,2026-06-06T21:21:42.648836
76ed810e-2034-43cf-98a8-0a8d4c401a7a,closed_captioning,844,120,2,200,70,0,15,0,0,,59,39,27,0,,109,160,0,134,97,42.250541178385419,3,2026-06-06T14:19:40.367449
1ad1c49c-caf4-4c1a-8670-c78fd57c1001,closed_captioning,168,25,3,45,40,0,7,0,0,,197,5,4,0,,14,15,0,3,0,21.017525227864585,1,2026-06-06T04:51:25.945213
6d889888-cec4-4b7d-8328-74363ebd01e0,closed_captioning,591,75,1,185,58,0,61,0,0,,243,43,17,0,,88,165,0,50,55,43.417818196614583,3,2026-06-06T01:06:15.976736
87ee6f7b-542b-486f-834a-3547891cafad,closed_captioning,469,38,1,171,147,0,61,0,0,,1,4,0,0,,60,62,0,32,3,21.834035237630207,2,2026-06-04T23:54:23.915504
b6aaa409-bb0e-47f6-ab3b-431a8ba91e2a,closed_captioning,1066,139,20,233,106,0,24,1,0,,21,39,25,268,,140,188,0,178,120,43.684000651041664,3,2026-06-04T19:23:36.040991
35da1a33-41d0-491e-997a-463fa7edba97,closed_captioning,978,79,2,262,75,0,31,0,0,,45,34,35,0,,110,175,1,197,130,42.851835123697917,3,2026-06-04T13:46:41.846805
f9703891-a757-45dd-95d5-09a744307ed5,closed_captioning,1284,177,9,357,212,0,119,0,0,,416,33,39,0,,204,283,0,144,147,85.75094401041666,3,2026-06-04T12:58:10.885355
288e2111-b229-4f4a-a104-831e92fe091a,closed_captioning,951,59,2,208,61,0,19,0,0,,32,34,37,0,,97,198,0,181,98,52.983487955729167,3,2026-06-04T06:04:16.983064
f15bf1b1-4ea2-4a31-bd92-bc7e1fadd12f,closed_captioning,899,128,7,221,98,0,48,0,0,,57,22,25,114,,78,158,0,81,38,42.334651692708334,3,2026-06-03T20:40:24.797745
c6134c57-1e75-46c2-a921-450af5a67df0,closed_captioning,831,107,4,123,55,0,14,0,0,,9,25,35,192,,70,134,0,101,27,43.209834798177084,3,2026-06-03T20:39:10.883290
d5005ad5-7d56-41db-a9d5-a538a052361c,closed_captioning,892,99,6,209,75,0,37,6,6,,59,46,30,222,,85,186,0,98,42,43.293249511718749,3,2026-06-03T20:38:26.941872
92c78880-b8da-4e10-9c2f-a69cd4a7d470,closed_captioning,149,13,0,46,35,0,12,0,0,,178,6,2,0,,10,11,0,2,0,21.017525227864585,1,2026-06-03T17:38:28.169144
74bfa11b-dc76-43a9-9d5b-4e82185bc8d1,closed_captioning,603,64,5,185,111,0,23,1,0,,3,6,8,27,,98,98,0,142,112,22.1176513671875,2,2026-06-03T17:15:09.378818
6c4d7112-74ad-4550-9265-6901f59f0554,closed_captioning,640,88,4,152,106,0,41,0,0,,88,3,25,19,,84,92,0,37,6,42.184505208333334,1,2026-06-03T16:12:39.711575
65b974ea-ad2d-4de3-aca9-7b0b40a6828f,closed_captioning,986,109,2,269,122,0,53,0,0,,42,54,19,0,,141,216,0,181,134,42.25123697916667,3,2026-06-03T16:11:13.287043
f5f4eda5-6ce6-4858-b518-af2f411280fc,closed_captioning,950,145,19,170,77,0,32,0,0,,25,15,28,0,,129,153,0,182,100,43.419071451822916,3,2026-06-03T16:09:52.966949
a30a37c7-c8b7-4e2f-b186-abb93b3d720c,closed_captioning,813,71,12,117,80,0,12,0,0,,27,15,27,18,,62,98,0,104,48,43.766666666666666,2,2026-06-03T15:21:13.595152
76af184b-0e6d-4669-8155-57d3d578b527,closed_captioning,615,52,3,124,93,0,25,0,0,,0,2,4,0,,78,94,0,3,2,21.604917399088542,1,2026-06-03T14:28:34.520951
cd36238a-fa8e-47aa-9baa-ded3dd537166,closed_captioning,1178,125,7,385,188,0,58,0,0,,8,25,19,0,,172,221,0,152,125,42.584765625,2,2026-06-02T15:36:34.105159
6feb7ee8-1ad8-4de6-9993-7082770908d4,closed_captioning,912,123,0,227,70,0,23,0,0,,125,39,36,0,,116,185,1,171,105,44.25323486328125,3,2026-06-02T13:18:15.767434
28465c24-1f7d-4de4-b138-89cc0e7f4097,closed_captioning,509,34,2,111,27,0,70,4,2,,10,16,17,75,,72,103,0,66,51,21.60074666341146,3,2026-06-02T09:09:08.127499
927d678e-3e21-469e-a433-80ac4947a018,closed_captioning,776,66,3,215,85,0,34,0,0,,94,25,53,0,,124,151,1,131,64,44.002986653645834,3,2026-06-02T07:22:44.435192
4c5fd326-6343-46c2-8ab8-d524774ec425,closed_captioning,1531,159,8,522,272,0,159,0,0,,265,75,55,0,,410,416,0,241,232,83.667610677083331,3,2026-06-02T01:16:27.124697
7fc720fd-a614-495f-9537-e5aaccbb5687,closed_captioning,1040,97,8,296,131,0,27,0,0,,34,21,479,0,,133,177,0,291,164,43.435754394531251,3,2026-06-01T22:27:11.849692
63b8ede8-df2b-4be7-9f36-15e260624802,closed_captioning,1076,112,20,221,100,0,43,7,0,,5,19,19,35,,131,197,0,100,100,42.267781575520836,3,2026-06-01T16:41:38.865422
fb431873-b1e1-4138-a3b8-66b2f485814a,closed_captioning,1135,96,13,356,163,0,33,0,0,,3,50,30,28,,185,194,0,216,140,42.267224121093747,3,2026-06-01T16:04:36.338550
9f0f6bf5-ec70-41a0-96f4-7a81279e74f4,closed_captioning,707,36,3,155,43,0,74,0,0,,127,58,32,0,,72,142,0,129,63,42.184505208333334,2,2026-05-31T16:22:17.560371
157c5dc4-4332-4729-99b6-b9ae6e275b1a,closed_captioning,1037,145,5,357,150,0,30,0,0,,39,50,20,0,,228,337,1,187,195,42.335347493489586,3,2026-05-30T22:43:59.206233
379d3efd-3d4c-4fbb-83be-0bf9e4267555,closed_captioning,629,65,4,137,52,0,18,0,0,,38,50,32,85,,78,131,0,88,62,42.217732747395836,3,2026-05-30T15:20:37.912561
8c666089-e5c9-41a1-ae41-dccdfcb4a789,closed_captioning,900,68,7,199,72,0,301,0,0,,2,18,44,0,,92,170,0,64,67,42.750484212239584,3,2026-05-30T11:33:55.666067
05d7b2a7-7342-4a56-92e9-a48c219c2d47,closed_captioning,864,107,3,253,109,0,45,0,0,,95,33,23,0,,101,174,0,39,98,43.20149332682292,3,2026-05-30T09:53:43.565180
22042a40-4031-4320-8aef-669ec0443104,closed_captioning,757,134,16,101,52,0,9,0,0,,14,35,24,120,,89,112,0,159,55,42.184505208333334,3,2026-05-30T07:14:40.467176
142540ec-90d8-4301-8d6b-e0643e61cc84,closed_captioning,677,77,2,186,113,0,20,0,0,,79,30,23,18,,84,126,0,58,37,43.352335611979164,3,2026-05-30T02:12:24.644948
67d74126-f63f-4060-b853-97b5ab4f3000,closed_captioning,643,106,10,177,82,0,41,0,0,,132,14,30,0,,106,137,0,83,49,43.419071451822916,2,2026-05-30T00:33:17.815764
7e28e3a4-c2f5-47c4-884a-da0b8fcb6f37,closed_captioning,758,94,4,184,64,0,42,0,0,,77,66,43,62,,139,198,2,111,65,44.41770833333333,3,2026-05-29T17:10:01.761226
41bda4e8-5d7a-4f6c-8aa8-8734a0e78590,closed_captioning,316,33,5,42,35,0,6,0,0,,336,4,5,0,,26,34,0,3,1,42.184505208333334,2,2026-05-29T03:14:46.527120
92b5ef09-3136-4b3d-9058-e3a19b6ee075,closed_captioning,557,63,1,138,45,0,18,0,0,,9,10,11,12,,69,115,0,188,100,22.418229166666666,2,2026-05-29T00:19:26.185594
3f110828-eac2-4c80-9b68-4241a5a78eb5,closed_captioning,490,70,7,90,35,0,16,0,0,,0,4,13,5,,44,97,0,120,51,22.418229166666666,2,2026-05-29T00:14:03.554007
92fd3ade-17ac-4e4e-8323-7dc2f7d18da0,closed_captioning,822,101,7,208,105,0,49,0,0,,12,7,22,0,,142,155,0,171,70,43.418375651041664,3,2026-05-28T20:58:33.397070
1f3cdd12-8862-49a6-8f8b-daffbb4302e4,closed_captioning,630,69,9,156,61,0,14,0,0,,9,9,18,0,,82,81,0,207,133,22.1176513671875,2,2026-05-28T20:07:56.862334
9db562f9-2237-40e3-a49e-dedf90a12ac1,closed_captioning,769,66,1,190,116,0,25,0,0,,20,7,26,283,,87,70,0,48,3,42.76716715494792,2,2026-05-28T15:48:18.589012
6651cee7-7078-4d19-969d-473ce59cedf9,closed_captioning,1038,166,20,232,183,0,25,0,0,,4,3,44,13,,100,114,0,287,114,43.750374348958331,3,2026-05-28T08:09:59.622349
d09bf7e5-e270-476f-b029-ede438eb3bed,closed_captioning,941,118,7,266,144,0,13,0,0,,9,24,14,0,,118,178,0,211,93,41.943016666666672,3,2026-05-28T08:09:56.764610
cbbeb4c8-df7f-482c-b82c-c7f70c8a46c7,closed_captioning,934,142,11,150,82,0,26,0,0,,8,7,43,11,,66,104,0,250,101,43.750374348958331,3,2026-05-28T08:09:37.485866
83d4fd9c-47b8-4ba6-b8c0-414039210305,closed_captioning,1005,186,29,159,81,0,13,0,0,,15,6,24,10,,106,138,0,299,152,43.74981689453125,3,2026-05-28T08:09:20.818788
62085005-aad1-482a-a468-801486f57540,closed_captioning,909,88,12,149,93,0,20,0,0,,7,15,35,0,,83,151,0,140,71,55.583304850260419,3,2026-05-28T02:51:34.612727
0264d269-212d-4d74-bcd2-70e3d208af74,closed_captioning,1004,162,8,325,200,0,119,0,0,,6,18,22,0,,189,266,0,99,95,42.585319010416669,2,2026-05-27T20:59:58.295393
9e96b50b-b822-479a-8e5a-8c025da5d485,closed_captioning,1205,143,24,414,208,0,173,0,0,,375,63,47,0,,295,397,1,187,216,83.667610677083331,3,2026-05-27T19:32:06.996952
d28c720f-d182-4826-a840-c1365d19e1a3,closed_captioning,554,17,3,141,45,0,21,1,0,,101,63,40,59,,90,131,0,70,52,42.23496907552083,3,2026-05-27T15:24:43.487218
821c04a2-3dc1-45af-891c-867264b3d882,closed_captioning,528,81,2,141,30,0,50,0,0,,19,6,8,20,,81,127,0,122,75,22.1176513671875,2,2026-05-27T15:19:08.348699
02621981-427e-45c7-8471-1ebd4ec6f02e,closed_captioning,548,56,3,116,27,0,21,0,0,,4,13,13,24,,56,81,0,123,54,22.1176513671875,2,2026-05-27T15:16:44.836576
3c2e7c11-d866-4a39-b3d5-27ddd4917d73,closed_captioning,1008,119,7,301,160,0,38,0,0,,17,15,24,0,,115,177,0,167,90,43.419071451822916,3,2026-05-27T06:20:36.831855
34f5cae5-23ff-40f9-8486-c3c0f19099ef,closed_captioning,833,123,10,249,166,0,19,0,0,,34,27,16,0,,161,224,0,89,70,42.25123697916667,3,2026-05-27T02:53:59.226197
f072dbcd-4f88-4dd2-8ce5-64013244d409,closed_captioning,652,67,0,128,69,0,30,0,0,,234,27,19,22,,54,102,0,109,52,43.766666666666666,1,2026-05-26T19:40:59.200239
cd230fbb-1da0-41b8-a89b-11a87e625b97,closed_captioning,1071,47,2,157,35,0,12,0,0,,32,23,32,0,,94,135,0,216,133,43.917484537760416,3,2026-05-26T17:50:04.496783
cefaae9b-2ad1-4db1-b6c1-1b88969bcf2a,closed_captioning,705,54,4,171,56,0,28,0,0,,97,24,34,0,,96,169,0,68,35,42.184505208333334,2,2026-05-26T16:14:33.331668
f5919ca7-42ec-480f-b618-947d4811b720,closed_captioning,529,43,3,119,56,0,39,14,0,,4,8,16,0,,74,57,0,96,53,22.66847941080729,2,2026-05-26T14:35:16.296823
5f9aac89-f14f-4f50-8510-8790fcf326eb,closed_captioning,1786,0,0,72,25,0,25,0,0,,1490,1662,0,6,,62,103,0,28,23,84.583113606770837,3,2026-05-24T16:47:25.492708
4effbd74-6d93-42b3-9c8f-642da0794832,closed_captioning,541,60,4,115,81,0,92,0,0,,1,7,3,0,,38,83,0,25,19,22.5013671875,3,2026-05-24T00:08:10.184280
07664f6b-8868-4af7-99b1-e07af2ca3f0f,closed_captioning,912,87,2,182,73,0,279,0,0,,4,22,30,0,,105,187,0,103,68,42.750484212239584,3,2026-05-23T09:56:24.751039
11522185-c1b6-40ab-a303-6e254b348b86,closed_captioning,1052,170,16,318,227,0,57,0,0,,21,32,15,0,,228,329,1,125,197,42.335347493489586,3,2026-05-23T07:42:24.032103
965b9bea-451d-4991-ad15-43439f2b8069,closed_captioning,646,59,3,187,58,0,25,0,0,,5,12,7,0,,90,137,0,111,92,22.434912109375,3,2026-05-23T07:37:40.380004
d75a5fae-d4a7-4042-afd2-936a5418fc97,closed_captioning,479,26,0,105,22,0,67,1,0,,16,22,24,86,,51,84,1,64,44,21.60074666341146,3,2026-05-23T05:20:24.775854
170eaeee-7489-4678-9f59-c9261767db6b,closed_captioning,1113,136,7,250,96,0,12,0,0,,1,18,14,0,,133,240,0,182,88,42.750345865885414,3,2026-05-22T05:39:59.915940
464965de-71d1-42ed-9bb0-c7fffada61ed,closed_captioning,988,124,10,341,121,0,186,0,0,,97,24,33,0,,212,280,0,129,186,41.41693115234375,3,2026-05-22T03:03:44.815256
faa12b38-2c41-4132-bd42-fb0ca4efb56b,closed_captioning,1497,184,8,490,243,0,135,0,0,,188,65,39,0,,471,544,1,177,178,83.667610677083331,3,2026-05-22T01:24:55.757113
79d17201-3ed7-409f-9f37-a0a9ef71dc8f,closed_captioning,806,94,3,225,102,0,60,0,0,,74,44,18,0,,106,178,0,37,58,43.417818196614583,3,2026-05-21T23:48:45.608934
0b7d6f02-dd5d-4960-b0a2-00093793ac44,closed_captioning,517,57,0,115,38,0,43,0,0,,5,34,16,94,,61,86,0,80,59,21.60074666341146,3,2026-05-21T02:21:21.890188
88eb808c-caf7-44bf-933f-ed8329914684,closed_captioning,732,100,5,223,76,0,72,3,0,,263,31,25,0,,157,215,0,73,117,43.419071451822916,3,2026-05-20T22:18:47.571730
f29000ef-8333-485d-9ab9-b770e24872a5,closed_captioning,529,51,5,121,42,0,4,0,0,,13,13,7,35,,73,158,0,105,68,21.416951497395832,3,2026-05-20T18:27:40.205733
035615e2-c65e-4a11-9210-bd0acbe976be,closed_captioning,1240,185,18,180,108,0,32,0,0,,12,12,38,0,,129,211,0,163,96,64.16757405598959,3,2026-05-20T18:25:55.160185
6e2913f6-e1b6-44bd-b409-b894367e4960,closed_captioning,1117,117,7,330,153,0,117,0,0,,296,70,36,0,,317,398,0,134,137,83.667610677083331,3,2026-05-20T14:27:14.874600
2abfed9a-ec33-4bec-9315-0239baa84193,closed_captioning,971,90,1,196,59,0,14,0,0,,22,45,46,0,,98,204,0,184,120,54.605244954427086,3,2026-05-20T10:56:33.479344
d25b02a4-641a-4e01-8764-3fdc4600628c,closed_captioning,146,8,0,32,25,0,1,0,0,,178,0,1,0,,24,20,0,0,0,21.017524299999998,1,2026-05-20T05:24:25.396152
79824ec7-270e-40d5-9619-e27f0d150ae0,closed_captioning,983,97,4,197,81,0,20,1,0,,11,29,20,178,,94,170,1,63,38,42.39235026041667,3,2026-05-20T05:05:44.273739
14fb417d-9d1f-4011-b094-889b4b37037b,closed_captioning,659,80,4,186,102,0,73,0,0,,221,21,27,0,,87,141,0,31,64,43.393351236979164,3,2026-05-20T03:45:37.821980
e9e07639-95eb-4cd5-a5b9-6361cdc80545,closed_captioning,1029,146,10,350,149,0,29,0,0,,45,56,22,0,,206,310,0,141,193,42.335347493489586,3,2026-05-19T17:02:21.446489
8b22f752-c10b-44a5-9453-e84361278593,closed_captioning,824,35,3,153,51,0,55,0,0,,64,22,31,0,,114,162,1,107,84,43.352335611979164,3,2026-05-19T15:57:03.984854
23bf6499-b8fb-40a9-9094-e131143a3407,closed_captioning,828,131,7,264,177,0,12,0,0,,18,17,28,0,,121,206,0,74,52,42.25123697916667,3,2026-05-19T15:14:23.478439
3c4f82c5-78d1-4895-8bdf-e4c67d8be7f0,closed_captioning,1065,179,19,192,104,0,41,0,0,,5,14,18,0,,103,137,0,152,89,42.750345865885414,3,2026-05-19T13:33:23.800033
19e4f71b-9f7a-4a4c-b9f1-4179320fb893,closed_captioning,1560,146,6,455,223,0,57,0,0,,160,43,65,108,,184,276,0,289,109,88.582942708333334,3,2026-05-19T12:46:11.106898
00ac9a95-fa7b-4dd4-b029-c5ee86467d9c,closed_captioning,1684,235,19,463,238,0,21,0,0,,43,43,41,0,,209,394,5,321,239,64.83560384114584,3,2026-05-19T10:58:04.144542
f03264c3-d07f-44da-94f4-e923ec024a3b,closed_captioning,731,71,5,178,81,0,43,0,0,,100,25,34,0,,130,174,0,99,41,42.184505208333334,1,2026-05-19T00:04:21.298973
35d7ad6f-5e5a-44ac-92a8-ecb1549be6d5,closed_captioning,642,56,4,125,60,0,38,1,0,,66,52,30,272,,80,111,0,45,33,42.18333333333333,3,2026-05-18T22:30:25.202234
8d8a06cc-1fa1-4237-8162-c34c3a5e2fa6,closed_captioning,912,101,6,304,190,0,17,0,0,,9,13,18,0,,245,228,0,36,89,42.25123697916667,3,2026-05-18T16:03:05.781365
ee722b0b-1b30-42d5-93d0-7dd8e8fe904f,closed_captioning,719,119,5,125,72,0,21,0,0,,23,11,28,124,,75,102,0,106,41,42.184505208333334,3,2026-05-17T17:00:09.230948
9f27c0e9-395b-4c4a-b0cc-ee31105234fd,closed_captioning,981,96,3,224,76,0,21,0,0,,77,31,45,0,,129,227,0,152,133,44.353336588541666,3,2026-05-16T11:52:32.613987
89cacf63-c036-45f9-b677-a9790b9b2a53,closed_captioning,445,45,2,109,122,0,13,0,0,,1,10,3,4,,43,74,0,8,7,21.3838623046875,1,2026-05-16T05:54:33.739052
5b6bad8d-f0d5-4bb8-a0ac-da1bf00424e3,closed_captioning,672,114,1,147,73,0,27,0,0,,46,11,32,0,,74,121,0,70,26,43.419071451822916,2,2026-05-16T01:03:03.358643
cfe16084-86ba-49a5-b2c4-4a494d570b60,closed_captioning,1007,168,10,337,186,0,17,0,0,,62,33,7,0,,299,380,0,110,135,42.335347493489586,3,2026-05-15T23:41:47.982713
3ed93b34-0ec6-46ea-a622-c98d8147625e,closed_captioning,762,95,3,244,74,0,99,0,0,,249,39,22,0,,171,229,0,92,113,43.419071451822916,3,2026-05-15T23:37:22.757779
70ab65ea-5d8f-4cbd-86bf-df463cd27092,closed_captioning,947,168,16,193,92,0,11,0,0,,14,19,18,0,,177,233,0,117,114,42.267919921875,3,2026-05-15T09:54:06.284585
0685e288-2d13-423e-be7f-3a6902dfcc9f,closed_captioning,499,41,0,161,149,0,20,0,0,,15,8,1,0,,37,63,0,14,6,22.583115641276041,2,2026-05-15T03:25:59.888105
899d6902-aad0-4af1-9007-06eb8d6fc695,closed_captioning,176,23,0,64,53,0,11,0,0,,144,3,1,0,,30,26,0,2,0,21.017525227864585,1,2026-05-14T19:17:58.933803
436eafc0-ca51-415c-b59c-3909716ba362,closed_captioning,713,39,4,115,32,0,9,0,0,,26,39,22,136,,67,100,0,101,48,42.184505208333334,3,2026-05-14T08:07:46.138782
70d67743-034f-4266-8661-d083118f2130,closed_captioning,1042,147,10,308,173,0,27,0,0,,33,46,24,0,,246,319,0,150,203,42.335347493489586,3,2026-05-14T02:48:22.164395
795f945c-33f2-44a1-9c53-bd7aada32367,closed_captioning,1497,185,13,501,211,0,136,0,0,,174,57,38,0,,455,540,1,179,186,83.667610677083331,3,2026-05-14T01:24:51.731338
002f3dbe-75cc-4280-930d-1f6150f9e720,closed_captioning,1333,177,8,346,122,0,98,0,0,,356,50,37,0,,192,342,0,235,191,85.75094401041666,3,2026-05-14T00:57:05.834587
add9b9ff-ba4a-4251-9277-08e085b690f8,closed_captioning,633,36,7,138,41,0,21,2,1,,76,73,43,39,,81,149,0,106,48,42.23496907552083,3,2026-05-13T20:14:44.341865
fb0c5b1d-b9a2-47c8-b566-d8d35a7d6c2a,closed_captioning,718,80,5,217,113,0,41,0,0,,145,35,12,0,,201,242,0,123,139,43.419071451822916,3,2026-05-13T18:32:17.512663
c3e40491-7286-4412-a83e-8ed85fe3372d,closed_captioning,1045,194,9,272,163,0,19,0,0,,11,26,23,0,,142,237,0,196,127,43.66862386067708,2,2026-05-13T07:35:57.247200
1c0206ec-cd7e-447f-8c41-0b195345a509,closed_captioning,809,130,15,232,138,0,21,0,0,,32,34,30,0,,199,230,1,96,111,42.25123697916667,3,2026-05-12T19:20:51.028324
3872368e-4811-41ec-8774-ed322bfe0de9,closed_captioning,1034,80,1,211,80,0,18,0,0,,4,15,32,0,,94,219,0,161,80,42.750345865885414,3,2026-05-12T03:38:15.515185
e1e826c4-6d66-4594-bd0a-57b92c1b73ef,closed_captioning,180,19,0,61,55,0,8,0,0,,168,2,3,0,,27,34,0,1,0,21.017525227864585,1,2026-05-12T01:49:54.217908
5fc497e5-eba0-44d8-9360-cb60f66fd020,closed_captioning,685,80,3,111,57,0,17,3,3,,39,33,21,231,,79,108,0,62,26,42.18333333333333,3,2026-05-11T22:15:09.670884
9241dd68-4685-4a3d-a44d-e77cb369f87f,closed_captioning,987,141,2,331,115,0,29,0,0,,77,41,14,0,,221,309,0,129,116,42.335347493489586,3,2026-05-11T21:48:54.059942
08dc92ad-ebdc-42e8-b5aa-34cb77e97c8f,closed_captioning,427,26,4,94,58,0,25,0,0,,8,6,6,75,,50,62,0,51,28,22.1,2,2026-05-11T20:36:41.220832
3d20543a-d7bf-4b07-9554-0090eaefe499,closed_captioning,1028,35,2,150,40,0,11,2,2,,42,13,25,0,,115,125,0,194,129,43.917484537760416,3,2026-05-11T20:27:28.308251
a406604e-a87a-4e0e-bdb7-55d7245044c8,closed_captioning,498,28,5,115,59,0,31,2,0,,3,5,17,76,,59,88,0,104,90,22.1,2,2026-05-11T17:49:21.561212
5663bb9a-ecd0-42ff-9424-f832cd38144b,closed_captioning,619,114,12,157,74,0,28,0,0,,2,16,8,0,,113,160,0,177,109,22.434912109375,3,2026-05-11T13:37:17.412422
14444103-c942-4bd5-9d4d-4dd11a85676d,closed_captioning,869,44,2,158,103,0,57,0,0,,3,17,12,0,,70,65,0,50,23,43.418375651041664,2,2026-05-10T03:09:33.294458
874ae27d-409a-45cc-9a8e-67f77cddc190,closed_captioning,473,27,1,89,14,0,55,4,3,,12,35,17,84,,55,78,0,48,30,21.60074666341146,3,2026-05-10T01:47:01.556408
929d8733-8eba-42d2-a319-64c02d2314c6,closed_captioning,1733,153,4,552,255,0,52,0,0,,170,79,59,191,,245,354,0,302,185,88.582942708333334,3,2026-05-10T01:26:34.722488
b9c28775-386b-4c23-9d6c-9109310cd007,closed_captioning,695,27,5,179,90,0,64,2,0,,66,25,30,232,,96,138,0,81,63,40.957999674479169,2,2026-05-10T01:04:40.808329
105c982f-232d-4ff5-9c03-a01a59a9aba8,closed_captioning,458,17,2,79,81,0,18,0,0,,4,17,2,5,,47,44,0,9,18,21.3838623046875,1,2026-05-09T12:22:28.417790
5a914ed8-6808-4a67-99bc-a8fa3d8df2a7,closed_captioning,1538,121,4,382,156,0,77,0,0,,221,358,74,0,,179,321,0,186,156,85.75094401041666,3,2026-05-09T11:42:42.654647
b3c0c39e-bc11-45c4-b9dc-6388978570eb,closed_captioning,520,80,2,119,43,0,23,37,0,,12,12,21,0,,40,62,0,78,36,22.66847941080729,2,2026-05-09T09:15:06.964539
268b964f-347d-4a57-abdb-b897c11a3e54,closed_captioning,1042,99,12,241,104,0,25,0,0,,16,17,16,0,,234,270,0,207,139,52.210489908854164,2,2026-05-08T14:58:20.456374
e5e6a875-00e1-41be-b854-a09084a063b2,closed_captioning,1023,137,13,286,198,0,12,0,0,,32,51,14,0,,275,305,1,84,156,42.267224121093747,3,2026-05-08T05:50:07.458316
d05bce21-d6c6-4cf7-bddd-d8e402c1a94b,closed_captioning,1701,204,14,510,269,0,110,0,0,,228,71,340,0,,383,452,0,256,229,83.50078125,3,2026-05-08T03:45:21.910220
65cb9cb4-1e41-434e-8500-9e570e35a9fb,closed_captioning,861,104,7,225,110,0,50,0,0,,85,41,28,48,,172,173,0,157,78,43.250984700520831,3,2026-05-08T02:58:29.333941
1f3f553d-7eda-467a-b948-51d43ad8290b,closed_captioning,618,42,1,121,36,0,45,0,0,,133,18,41,0,,64,120,0,82,38,42.184505208333334,2,2026-05-07T23:49:39.040320
04a269d6-01ec-499f-9835-a3d8b87c5c78,closed_captioning,1174,168,4,431,215,0,26,0,0,,11,30,17,0,,231,281,0,279,254,51.64881998697917,2,2026-05-07T22:01:09.842980
e3413a10-771a-4b23-bebf-5c14644e6d2b,closed_captioning,594,88,3,186,32,0,21,0,0,,15,22,9,0,,126,184,0,232,189,22.1176513671875,3,2026-05-07T21:36:33.460864
16ffb788-2ad7-4e4f-a681-3f00e42d284c,closed_captioning,651,67,3,176,57,0,58,2,0,,80,96,33,50,,121,171,0,139,84,42.23496907552083,3,2026-05-07T20:52:26.808588
c38c8847-d5dd-4a23-8e4e-0d35b0202aa5,closed_captioning,1907,223,9,409,196,0,556,0,0,,21,59,61,0,,274,385,0,241,177,85.08388671875,3,2026-05-07T20:52:15.381933
732ef186-9117-4313-ae4d-fbdba47185ab,closed_captioning,789,85,2,218,150,0,58,0,0,,72,12,28,0,,144,115,0,71,9,43.416288248697917,2,2026-05-07T20:50:49.016524
4bbdd8c4-4036-4b8c-bd9c-2238d73b6fc1,closed_captioning,573,93,5,144,37,0,20,0,0,,6,12,14,0,,78,134,0,230,147,22.1176513671875,2,2026-05-07T12:26:42.298794
ccd487b1-d43d-4f48-aae3-43d083df773f,closed_captioning,688,71,2,214,88,0,93,0,0,,221,39,23,0,,113,195,0,135,106,43.419071451822916,3,2026-05-07T11:56:39.277469
a5bce337-f9f7-4eae-9d5b-c72a59582979,closed_captioning,1541,191,4,323,121,0,29,0,0,,19,57,43,0,,167,316,0,238,132,78.06201171875,3,2026-05-07T09:34:31.115736
51f34e15-578a-4eef-be12-e5c8fe6bcf75,closed_captioning,1541,157,13,456,257,0,129,0,0,,231,64,470,0,,362,459,0,131,114,83.667610677083331,3,2026-05-07T06:16:28.176142
551801af-2974-45d3-bc1e-43640627fc0c,closed_captioning,1079,123,4,290,98,0,9,1,0,,9,29,28,0,,114,216,0,178,138,50.25576171875,3,2026-05-07T03:14:09.678546
a0d9581e-d2e3-44e1-9326-dda91ddec930,closed_captioning,568,81,6,141,82,0,51,0,0,,342,23,14,0,,69,131,0,36,45,43.391125488281247,3,2026-05-07T03:13:14.675802
ffa03a54-8294-4b98-b89f-0431e99f6449,closed_captioning,166,12,0,37,24,0,17,0,0,,176,1,2,0,,10,10,0,0,0,21.017525227864585,1,2026-05-06T23:43:57.900108
7a51ad2a-8955-4895-ac30-d92eb9c7dc34,closed_captioning,594,44,5,109,64,0,41,1,1,,82,23,23,156,,57,140,0,50,32,42.18333333333333,3,2026-05-06T22:04:46.071943
3f784653-8f2a-402d-8080-4fb633f0c700,closed_captioning,621,66,3,190,82,0,52,0,0,,261,33,18,1,,115,156,0,72,66,43.27879231770833,3,2026-05-06T17:50:19.159451
21ed0bcc-b554-442c-ab82-3feebeb76249,closed_captioning,1060,177,13,328,165,0,30,0,0,,30,18,18,0,,153,272,2,248,171,43.66862386067708,3,2026-05-06T11:42:10.400150
eb1b5004-bfb5-4e9e-941a-29c03349254c,closed_captioning,487,40,1,90,27,0,21,0,0,,6,23,18,122,,51,78,0,40,33,21.60074666341146,3,2026-05-06T11:29:03.237511
e8aaf61b-2478-4d71-9ffd-61eca6f22cc2,closed_captioning,1298,147,14,354,154,0,93,0,0,,398,64,42,0,,211,316,1,160,149,85.75094401041666,3,2026-05-06T07:07:11.060575
172b9d67-9b67-4110-8549-97e24e23d916,closed_captioning,535,51,4,186,83,0,18,0,0,,7,9,16,13,,65,106,0,166,89,22.418229166666666,2,2026-05-05T23:00:44.236673
e40fc4cc-5249-4b83-b858-27ebcaa1c375,closed_captioning,508,20,0,109,31,0,17,0,0,,6,15,12,22,,57,77,0,157,83,22.3966796875,2,2026-05-05T23:00:43.875796
7e20e8c5-977f-46c0-b7d6-e0ad99d72eeb,closed_captioning,565,66,2,207,108,0,32,0,0,,19,22,16,23,,101,108,0,171,109,22.418229166666666,2,2026-05-05T23:00:43.369823
c8bd747c-4baa-44e2-b2bb-e694c990d895,closed_captioning,699,99,2,120,58,0,25,0,0,,30,44,26,47,,64,98,0,115,35,42.334651692708334,3,2026-05-05T22:57:38.230712
8c7f7362-c2a3-40ad-8182-e9b513bf0855,closed_captioning,668,60,2,161,82,0,33,0,0,,5,4,16,0,,95,123,0,99,15,42.225516764322919,1,2026-05-05T22:56:18.735415
b05f0644-8576-4e60-ac04-401f1bd48fa2,closed_captioning,472,71,4,90,41,0,21,1,1,,6,9,23,79,,48,70,0,80,55,22.1,2,2026-05-05T16:15:39.270367
0f7e2b60-717b-4ce2-9c62-b2d6a90725ac,closed_captioning,953,103,7,261,115,0,26,0,0,,39,35,25,0,,129,201,0,150,123,42.251932779947914,3,2026-05-05T15:35:54.846924
5db52bf4-67fd-45bb-acf2-f5057a662d49,closed_captioning,1129,152,10,297,145,0,28,7,0,,43,39,21,0,,136,164,0,156,140,43.917484537760416,3,2026-05-05T03:53:28.443053
fb01790f-4e05-4b9f-bca8-2757b756aa54,closed_captioning,557,67,4,181,92,0,60,0,0,,3,14,12,1,,97,94,0,132,107,22.66847941080729,2,2026-05-02T14:16:32.107218
6ec540a4-0f8d-4574-b10f-2daf4f736114,closed_captioning,150,13,1,26,21,0,5,0,0,,173,0,0,0,,24,22,0,0,0,21.017525227864585,1,2026-05-02T06:07:44.062202
319c6b92-2fa3-4488-beba-fbde4f216f70,closed_captioning,973,124,7,297,130,0,45,0,0,,52,45,15,0,,205,316,1,143,157,42.335347493489586,3,2026-05-02T00:37:54.347073
57e38269-b984-42d5-ab52-7014ea3017bc,closed_captioning,507,83,8,136,103,0,23,0,0,,6,2,11,8,,110,141,0,95,55,22.418229166666666,2,2026-05-01T20:12:37.209609
0175fd3d-de6b-4617-84c0-56d9ac11a1f2,closed_captioning,488,52,6,111,39,0,14,0,0,,5,11,13,10,,69,82,0,184,80,22.418229166666666,2,2026-05-01T20:10:24.158506
24dbb5ad-1249-4ce9-80a4-3bc1f6610c51,closed_captioning,522,59,7,106,45,0,21,0,0,,1,2,6,30,,72,103,0,101,54,22.417533365885415,2,2026-05-01T20:09:48.033668
084a0fef-a158-4768-84fc-985cc433cd50,closed_captioning,516,59,2,95,29,0,21,0,0,,4,9,13,16,,55,101,0,172,65,22.418229166666666,2,2026-05-01T20:09:25.390555
056a4dbb-d0d4-40c5-a931-a939284f4f86,closed_captioning,1046,151,21,232,110,0,22,0,0,,27,34,37,0,,184,232,3,128,148,42.418766276041666,3,2026-05-01T18:57:03.605336
701f1ad8-37ff-4f53-a594-e3354a82925f,closed_captioning,613,75,5,112,47,0,4,1,1,,26,26,24,56,,56,116,0,127,42,42.335347493489586,2,2026-05-01T17:33:31.765973
2312927f-17f3-483b-8b0d-b4825916b0d9,closed_captioning,670,66,19,113,90,0,30,1,0,,27,5,19,260,,210,115,0,50,2,42.76716715494792,2,2026-05-01T13:05:01.987922
46550bd4-7bd5-4ddf-bc62-0c4e773c8317,closed_captioning,717,17,5,166,86,0,60,0,0,,36,66,26,164,,90,148,0,39,94,42.18867594401042,3,2026-04-30T13:18:29.307935
67f9acfa-e378-4663-b681-799db427b365,closed_captioning,149,23,0,32,32,0,11,0,0,,197,0,4,0,,28,13,0,0,1,21.017525227864585,1,2026-04-30T08:36:34.546233
ed44c535-9cf8-4cfe-805b-e7926ab48d19,closed_captioning,607,64,1,183,80,0,70,1,0,,209,23,17,0,,84,128,0,54,39,43.326062011718747,3,2026-04-30T01:18:52.054618
e1ef61d9-1b01-4698-83ac-d7a23507ed75,closed_captioning,1072,138,3,236,110,0,8,0,0,,4,21,14,0,,111,193,0,189,134,51.87849527994792,3,2026-04-29T23:51:51.296629
1d14c88d-cbb1-49cb-8fe9-21135c3073af,closed_captioning,1079,141,3,286,125,0,11,0,0,,6,13,27,0,,133,234,0,179,132,51.365759277343749,3,2026-04-29T22:20:36.401828
7f0648f6-a68a-4e60-a2b8-907b96ad6715,closed_captioning,485,54,4,171,66,0,22,0,0,,16,28,13,68,,94,134,0,106,122,22.1,2,2026-04-29T21:17:16.612045
ba8d0704-5ea7-467b-9e77-3b0f97e817ea,closed_captioning,2080,303,7,503,247,0,102,12,0,,38,77,47,0,,321,419,0,312,306,87.184318033854169,3,2026-04-29T16:43:07.001851
bcc3e231-29a8-4905-b20b-367c9f6e8b0f,closed_captioning,773,75,3,275,121,0,58,0,0,,213,35,21,0,,158,191,0,192,115,43.419071451822916,3,2026-04-29T09:52:16.008212
feaad571-f758-408f-aa20-db51fb231a2d,emt_dialog,678,4,0,22,6,,,,,43,580,635,12,,28,23,31,0,,5,46.285116666666667,2,2026-04-29T05:22:38.049398
71b37701-8134-49f2-8ab7-644d59d99066,closed_captioning,1148,177,7,385,179,0,26,0,0,,30,31,19,0,,174,314,0,218,184,43.66862386067708,3,2026-04-29T04:55:40.520143
10e40258-6439-40c1-82a4-123efcf250fe,closed_captioning,2100,222,13,488,131,0,4,0,0,,224,154,65,0,,355,522,8,157,196,97.57734375,3,2026-04-29T03:29:57.049022
5bc1e408-4957-4b10-9448-b49e5257d309,closed_captioning,640,20,3,139,50,0,82,1,0,,108,43,34,288,,50,127,0,35,36,42.18333333333333,2,2026-04-29T00:41:33.181835
fccb212c-cf67-4388-bd0e-311703879935,closed_captioning,929,103,5,279,138,0,23,0,0,,48,47,35,0,,142,194,0,121,103,42.25123697916667,3,2026-04-28T15:16:00.236446
910850ee-3fee-4c67-8480-f7bdaaff9f11,closed_captioning,859,108,4,212,113,0,25,0,0,,143,40,24,0,,190,237,0,147,103,44.41798502604167,3,2026-04-28T14:53:46.961522
673d479a-79a9-4abe-890f-1d84917b2c75,emt_dialog,626,3,2,49,5,,,,,105,468,521,40,,88,40,56,0,,21,45.512133333333331,2,2026-04-28T05:43:39.328775
3a5ddc2d-87a3-4a5d-976f-8bf3982c6ceb,closed_captioning,584,60,3,163,69,0,91,0,0,,223,21,18,0,,130,157,0,85,54,42.267919921875,2,2026-04-27T22:27:39.305264
cd347891-b81e-496a-9081-93be2cbc9b6e,closed_captioning,1017,125,9,322,195,0,21,0,0,,4,25,16,0,,177,277,0,188,108,45.410664876302086,3,2026-04-27T18:32:12.807223
db1a10d6-6116-44e9-a152-9134c9358750,emt_dialog,842,48,5,250,32,,,,,770,60,72,36,,718,162,214,0,,119,98.511749999999992,2,2026-04-27T09:38:56.463056
a6eadbaf-8a68-4786-aa56-f90d6927fde3,emt_dialog,584,112,8,162,70,,,,,576,28,8,19,,561,75,112,0,,106,28.172033333333331,2,2026-04-27T04:05:41.516883
7874d888-2bfc-46af-8921-a580b50a9228,emt_dialog,685,115,11,182,68,,,,,673,5,12,19,,651,90,177,0,,90,45.805749999999996,2,2026-04-27T02:49:22.522909
16e3322c-c2ec-489e-a828-c55a57db8ca0,closed_captioning,479,31,0,77,18,0,16,2,0,,8,38,17,81,,44,71,0,26,24,21.60074666341146,2,2026-04-25T21:13:20.109011
015a7193-459c-4f75-9f67-90f81759b495,closed_captioning,181,8,0,20,11,0,8,0,0,,159,5,1,0,,13,14,0,3,2,21.017525227864585,1,2026-04-25T20:35:11.437919
308305a2-7a38-46c2-b92f-783a61aacfb4,closed_captioning,1091,154,14,353,220,0,67,0,0,,16,28,7,1,,253,315,0,194,150,42.750345865885414,3,2026-04-25T20:07:43.216331
981d2625-ce86-4a82-9bf9-0b90b872a011,closed_captioning,712,54,3,112,70,0,44,0,0,,14,17,19,298,,85,73,0,38,13,42.76716715494792,2,2026-04-25T10:19:58.901604
36e9c3d0-c25a-44d4-b86e-9280890b794c,closed_captioning,1107,163,18,316,188,0,36,0,0,,25,48,27,0,,232,330,2,202,236,42.335347493489586,3,2026-04-25T01:07:29.538067
378c045c-633d-443b-8b1f-f188e2b2ffb1,closed_captioning,663,74,7,180,106,0,27,8,1,,8,33,21,25,,116,133,0,84,42,42.250541178385419,1,2026-04-24T18:43:27.875686
5b5dbdb8-9d40-4d12-aeb0-bda54ac6d840,closed_captioning,732,102,6,170,66,0,9,0,0,,18,23,23,80,,80,147,0,175,49,42.334651692708334,3,2026-04-24T18:40:24.172315
4c444bb2-b5ec-4c0d-8f7d-ccb4a6322408,closed_captioning,437,78,2,100,70,0,6,0,0,,3,2,12,0,,62,49,0,39,5,24.516853841145835,2,2026-04-24T13:07:17.666769
13a029ad-f81a-4200-b6cd-25eb613c1906,emt_dialog,633,64,3,272,92,,,,,622,30,11,11,,598,148,188,0,,170,28.799333333333333,2,2026-04-24T06:47:45.945310
f66029f8-51ce-4b35-8d8e-f1b1cd73d338,emt_dialog,600,32,2,48,6,,,,,127,474,473,65,,111,34,50,0,,28,31.748949999999997,2,2026-04-24T03:59:04.634351
e5cbf4f4-72cf-4872-8b9b-480c7c013613,closed_captioning,916,74,3,306,158,0,22,0,0,,84,45,167,0,,227,220,0,98,133,42.334651692708334,3,2026-04-23T22:38:40.323863
563c35a7-73ef-4dec-9eac-c9b1cdfb9304,closed_captioning,568,75,12,156,91,0,49,1,1,,4,11,13,22,,83,89,0,133,80,22.880635579427082,2,2026-04-23T20:29:27.953852
5a1ed699-ed5f-4a1a-9de6-831c060a1d2e,emt_dialog,1407,157,19,463,146,,,,,1262,197,145,44,,1226,363,441,0,,253,124.1418,2,2026-04-23T13:34:35.489143
458a55df-e128-4a9f-aebe-bf75d6330559,closed_captioning,472,67,3,92,79,0,20,0,0,,7,7,18,0,,115,66,0,36,14,21.018218994140625,1,2026-04-23T12:31:40.830388
716923d3-8ee5-4924-a7ea-cf78b571eb93,closed_captioning,907,105,1,306,234,0,77,0,0,,6,6,10,0,,106,85,0,50,30,43.419071451822916,2,2026-04-23T11:50:00.031356
6e67c527-ab65-4c19-b5ef-ec36c74edeac,emt_dialog,559,4,0,39,13,,,,,60,503,499,7,,37,36,46,0,,20,46.714450000000006,2,2026-04-23T07:19:52.027053
0467ee09-a112-49cf-88c7-8ac4ea372e8e,emt_dialog,737,120,15,152,30,,,,,646,79,91,38,,622,127,148,0,,96,98.111349999999987,2,2026-04-23T06:05:06.141916
fba3e0dc-28cb-429f-a565-f2410bead810,closed_captioning,705,68,10,159,115,0,52,0,0,,32,8,23,270,,97,65,0,47,8,42.76716715494792,2,2026-04-23T03:54:44.197508
f0b97c0f-530b-4053-b81a-18773016e18f,closed_captioning,1674,241,16,480,267,0,285,0,0,,228,87,47,0,,465,559,0,315,275,82.667032877604171,3,2026-04-22T18:56:57.716517
cbad7eb2-cf8c-43d3-b57c-f05c65ba4ad1,closed_captioning,1564,223,11,349,183,0,106,0,0,,13,47,33,0,,276,290,0,335,229,65.517537434895829,3,2026-04-22T17:53:34.903519
4df114ac-7583-4997-a254-6823cbf0ed6f,emt_dialog,679,92,4,213,53,,,,,654,23,25,18,,625,180,148,0,,95,46.3513,2,2026-04-22T14:59:45.477552
a61e25be-c0c1-4ae9-bc30-b8b512788d30,emt_dialog,704,103,7,178,55,,,,,700,48,4,21,,670,123,115,0,,69,46.075483333333331,2,2026-04-22T11:39:52.539797
0dc6cfb9-2375-4da9-b8a6-90db4450056c,emt_dialog,617,45,11,165,57,,,,,605,34,12,16,,587,99,132,0,,80,46.484766666666665,2,2026-04-22T07:30:22.709955
74630b1d-4761-4201-838b-0cfd19da525c,closed_captioning,780,88,4,157,82,0,31,0,0,,42,25,28,0,,78,134,0,79,62,43.419767252604167,2,2026-04-21T20:07:50.728023
8d907f72-b145-458f-a153-d8e60cd370c5,closed_captioning,1027,118,2,279,89,0,100,0,0,,26,30,35,0,,136,216,0,319,194,43.877860514322919,2,2026-04-21T11:50:41.989961
9a38852d-8040-473f-a798-52dbd4489453,closed_captioning,557,66,7,168,119,0,24,0,0,,19,20,8,1,,171,160,0,58,109,21.61826375325521,2,2026-04-21T09:20:08.996684
ae51e4ad-7c8b-4e07-817f-d2ba946bd041,closed_captioning,961,83,5,320,140,0,34,0,0,,75,30,27,0,,178,209,0,109,136,44.41798502604167,3,2026-04-21T08:11:06.900767
9273e147-ff94-4e4b-9675-75cf4b8c1199,closed_captioning,462,58,7,148,93,0,20,0,0,,4,14,13,0,,98,116,0,125,76,22.916666666666668,1,2026-04-20T21:21:32.666373
b4eb6e9c-9fdf-4661-ada4-f172219b7a7f,closed_captioning,1000,160,11,313,173,0,31,0,0,,45,28,10,0,,202,367,0,118,182,42.335347493489586,3,2026-04-20T13:12:04.423747
95d98dff-de7b-448e-9eb5-c17a4fa28e4b,emt_dialog,281,0,0,0,0,,,,,0,219,281,0,,0,0,0,0,,0,79.67515,2,2026-04-20T05:18:15.099965
6fa62a52-786e-45bf-a342-d8cbdf5d449c,closed_captioning,1737,166,7,441,238,0,73,0,0,,92,67,64,200,,193,302,0,413,197,84.583390299479163,3,2026-04-19T06:19:37.025357
2918a2f6-e9a2-46d2-8bad-3ffdf7df3118,closed_captioning,1052,142,4,212,69,0,5,0,0,,8,23,28,0,,95,209,0,155,93,42.750345865885414,3,2026-04-18T19:08:47.888355
367465a3-73c2-4657-b90d-82399bbf3cdf,emt_dialog,815,66,5,211,87,,,,,722,96,56,25,,694,130,168,0,,141,82.51855,1,2026-04-18T17:00:48.407802
ba78214a-8324-4e67-bb52-303ebb097079,closed_captioning,984,111,4,292,148,0,132,1,0,,4,20,26,0,,158,225,0,160,91,42.750345865885414,3,2026-04-18T16:05:59.827882
943fdcba-9e08-46a6-8f69-f1301e5d6007,closed_captioning,587,94,4,121,47,0,14,0,0,,0,7,12,0,,81,143,0,118,71,22.434912109375,3,2026-04-18T14:21:19.953813
bd798b13-5fde-4598-829d-27ebce3e445a,closed_captioning,792,78,2,176,69,0,56,1,0,,75,48,37,250,,93,137,0,75,63,42.18333333333333,3,2026-04-18T04:26:00.972253
f16fc62b-6672-4370-8872-a8ce1a0c131c,closed_captioning,1053,168,10,268,130,0,19,0,0,,26,28,31,0,,126,222,1,183,147,43.66862386067708,2,2026-04-17T21:57:39.339309
0b08277f-d772-48d6-a7b4-1aa972c81da4,closed_captioning,929,128,5,319,152,0,80,0,0,,42,32,30,0,,246,285,0,189,109,42.335347493489586,3,2026-04-17T20:00:48.786278
34259739-d0fa-4500-b928-d79e41b39707,closed_captioning,817,91,5,244,91,0,64,0,0,,180,51,25,0,,124,217,0,186,126,45.4210693359375,3,2026-04-17T11:59:30.040763
838c696f-d73b-495b-8275-6affd0528c6e,emt_dialog,1496,199,10,560,216,,,,,1423,70,73,39,,1322,378,322,0,,365,105.77343333333333,1,2026-04-17T11:58:03.818404
13a3dabd-614a-4779-9bcf-1d40fadd1cd6,closed_captioning,639,47,3,133,47,0,35,2,2,,45,32,35,282,,76,136,0,48,22,42.18333333333333,3,2026-04-17T08:21:11.611459
af24cb42-f6d5-4bbb-b621-9045d70e9a75,emt_dialog,716,0,0,0,0,,,,,0,509,716,0,,0,0,0,0,,0,104.91648333333333,2,2026-04-17T05:45:50.308680
0eae9d0a-7118-4ce7-88c0-3a650e834e35,closed_captioning,420,34,4,84,55,0,20,0,0,,7,26,13,0,,57,53,0,37,29,22.916666666666668,1,2026-04-17T03:13:51.290400
c8292586-1caf-4543-b7c5-5830971c8849,closed_captioning,1355,135,4,431,154,0,142,0,0,,400,84,41,0,,271,408,0,204,184,85.75094401041666,3,2026-04-16T18:53:16.025137
127db080-5a86-428a-8ae8-4f4d7ac86d39,closed_captioning,855,65,4,251,92,0,252,0,0,,84,32,20,0,,181,228,0,70,149,41.541499837239584,3,2026-04-16T14:09:39.709054
d3b93ac8-926f-41f7-91e8-f9e8940875eb,closed_captioning,502,67,2,88,36,0,18,1,0,,5,18,17,70,,65,86,0,56,42,22.1,2,2026-04-16T12:54:26.773678
7b6bf324-1387-4f06-92c3-6c5cf5bc6086,emt_dialog,1811,233,8,601,340,,,,,1703,118,108,49,,1652,332,365,0,,477,101.21223333333334,3,2026-04-16T09:56:35.976042
8ecb6c7e-4a3a-4bfc-84ed-f8d84b001b97,emt_dialog,17,0,0,6,2,,,,,9,475,8,0,,0,1,9,0,,1,37.816116666666666,2,2026-04-16T08:21:53.883962
0d12ca27-19e4-407a-a15f-28665e3acaf4,closed_captioning,961,90,12,241,139,0,56,0,0,,8,19,28,0,,233,221,0,181,142,43.419071451822916,3,2026-04-16T05:27:10.831084
81e7e14c-513b-4b6d-b13d-dfd6cc93477f,closed_captioning,1080,164,10,318,166,0,42,0,0,,26,31,11,0,,155,289,2,207,173,43.66862386067708,3,2026-04-16T02:51:45.648014
afaa610b-8250-4ab1-b88b-72540df5c8b7,closed_captioning,789,84,4,146,65,0,45,1,0,,34,27,23,277,,75,124,0,71,44,42.18333333333333,3,2026-04-15T18:38:07.686928
b3809c7b-4cd1-4f95-ac32-9d645e8a35a2,emt_dialog,612,35,1,257,131,,,,,568,151,43,11,,564,111,97,0,,113,44.85315,2,2026-04-15T04:20:32.647253
53de3106-d0b5-416d-b5af-87bc0331ea65,closed_captioning,592,101,5,136,50,0,20,0,0,,7,12,16,5,,81,116,0,168,75,22.418924967447918,2,2026-04-15T00:27:48.841745
d0935d39-c7f0-4e26-9d32-0b9d5e45cbf3,closed_captioning,507,85,3,100,51,0,20,0,0,,12,16,10,15,,46,68,0,75,36,22.417533365885415,2,2026-04-14T23:31:04.962745
65251fa1-700e-4e3f-b649-06a11e70575e,closed_captioning,491,69,0,125,46,0,22,0,0,,7,15,19,3,,71,95,0,116,65,22.404327392578125,2,2026-04-14T20:30:33.424371
034e826b-b686-4acb-b7c6-76d650a5337e,closed_captioning,522,78,3,107,64,0,15,0,0,,22,7,7,8,,40,83,0,119,68,22.372349039713541,2,2026-04-14T20:30:33.213353
87800bd6-1fd0-4e56-9cd6-4a0d55e67d7b,closed_captioning,479,70,6,128,71,0,25,0,0,,2,8,18,108,,76,110,0,75,63,30.722666422526043,2,2026-04-14T20:28:52.749076
e81041b8-7eac-4915-a9c4-36fbce93d143,closed_captioning,462,59,4,85,28,0,11,0,0,,0,1,13,101,,50,69,0,91,45,29.151332600911459,2,2026-04-14T20:28:52.566115
f3f15f93-b4b0-4912-8701-ed60c8225ae9,closed_captioning,511,45,1,183,70,0,9,0,0,,7,12,8,93,,75,84,0,97,102,28.389333089192707,2,2026-04-14T20:28:52.350496
ebb5ff77-75ab-417a-8202-5fd76389f2ad,closed_captioning,470,52,1,158,59,0,19,0,0,,1,9,9,86,,91,123,0,73,76,28.12933349609375,2,2026-04-14T20:28:52.107009
9123ef32-d5b7-4960-a0ff-3d261d53064f,closed_captioning,472,50,7,119,42,0,13,0,0,,2,7,8,94,,71,89,0,102,67,28.967999267578126,2,2026-04-14T20:28:51.387444
f9e3b2ac-ee57-49c9-a451-ddf75a38f989,closed_captioning,497,51,0,144,58,0,19,0,0,,3,6,9,93,,73,81,0,90,72,28.262666829427083,2,2026-04-14T20:28:51.188066
15ef6cae-213e-425b-8926-2d40e1318a78,closed_captioning,401,50,4,101,44,0,17,0,0,,0,2,12,115,,64,64,0,53,56,28.5739990234375,2,2026-04-14T20:28:50.989232
a236a405-541e-4011-8cfb-4a95be686bc8,closed_captioning,492,73,15,118,49,0,13,2,0,,0,3,6,83,,70,91,0,53,66,27.652667236328124,2,2026-04-14T20:28:50.778263
cc2e806d-3d11-4509-85e3-c7289357cff1,closed_captioning,480,33,3,103,40,0,22,0,0,,3,7,12,71,,62,72,0,62,43,29.48600056966146,2,2026-04-14T20:28:49.847676
38995246-c059-45fe-9f25-e0d6c8ec4070,closed_captioning,908,131,5,270,126,0,43,0,0,,107,45,24,0,,210,241,0,102,109,43.419071451822916,3,2026-04-14T20:24:07.213913
501b7b9b-48d1-4968-b86e-4964ae867f0a,closed_captioning,973,53,3,175,36,0,21,0,0,,18,22,28,0,,90,142,0,269,127,40.91754150390625,3,2026-04-14T20:21:19.519213
90ee50c7-f507-4724-878f-1a90caa34d3c,closed_captioning,1031,125,4,240,98,0,39,0,0,,10,25,22,0,,102,154,0,298,148,40.91754150390625,3,2026-04-14T20:21:17.212437
44c1edaa-5359-4a97-96ae-3bff0d3b09e2,closed_captioning,755,112,4,171,78,0,8,0,0,,13,29,20,0,,84,133,0,76,40,43.419767252604167,2,2026-04-14T18:48:51.808921
983d101a-1a69-4e76-ae66-c3f39b433b87,closed_captioning,902,122,6,241,126,0,27,0,0,,39,25,33,0,,226,222,0,135,93,42.327006022135414,3,2026-04-14T18:19:56.456794
c12db265-97f2-4c52-8a3a-0fed8254b93e,emt_dialog,599,66,7,286,145,,,,,592,98,7,6,,582,95,93,0,,124,44.6913,2,2026-04-14T10:27:34.764102
08c9b10a-000d-4138-ae60-b65af51da6b2,emt_dialog,651,55,15,213,87,,,,,540,174,111,48,,504,139,158,0,,197,82.856666666666655,2,2026-04-14T10:26:41.505511
6c3619cd-7ebe-41fb-aee4-2f9dcc1b589d,closed_captioning,1158,113,2,203,77,0,14,7,6,,26,21,16,0,,149,164,0,394,210,43.917484537760416,3,2026-04-14T03:31:57.802077
b08ca3b4-c675-4430-873a-78ef8adbb101,closed_captioning,1056,145,8,332,178,0,96,0,0,,60,50,22,0,,233,374,0,126,158,42.335347493489586,3,2026-04-13T22:11:46.857620
735ca28a-22e3-4b75-b956-4dcf2c63a0ce,closed_captioning,578,68,3,158,37,0,34,0,0,,7,26,21,0,,112,167,0,225,127,22.1176513671875,2,2026-04-13T13:25:45.663374
e1f6ce8a-177b-4c5d-81ab-85e14e8e72c7,emt_dialog,604,82,3,130,45,,,,,535,330,11,25,,527,50,82,0,,74,76.03485,2,2026-04-13T05:36:11.483217
cc58770b-01f7-499f-a9ef-c9b3ff7898ae,emt_dialog,1006,0,0,45,5,,,,,64,1071,942,9,,35,36,48,0,,20,103.7303,1,2026-04-13T05:09:50.561111
13dccc05-afcf-4372-ae1f-0c354ddab8c3,emt_dialog,1388,0,0,17,1,,,,,19,1047,1366,1,,13,11,12,0,,0,167.27933333333334,2,2026-04-13T04:30:57.054783
5ebe055a-752a-43f9-86d5-94830df16252,emt_dialog,1056,0,0,40,1,,,,,4,1011,1008,0,,3,31,43,0,,12,91.483066666666673,3,2026-04-12T12:29:44.566057
b65e1a2d-ecde-4b69-a5df-4a0beb0bdbb3,emt_dialog,1288,0,0,14,6,,,,,26,1021,1254,3,,15,16,21,0,,8,173.6824,2,2026-04-12T09:56:38.697341
16621d68-f55d-4580-afb0-7aa4d8cf504b,closed_captioning,1126,129,6,292,97,0,23,0,0,,13,19,14,0,,157,282,0,125,102,42.750345865885414,3,2026-04-11T20:42:13.419389
f5a0dd4f-81b4-41f4-a9bc-571ab85d08b4,closed_captioning,748,46,7,90,81,0,111,0,0,,101,8,14,0,,63,60,0,58,19,43.419071451822916,2,2026-04-11T07:47:20.570191
eb7c5429-b5f2-461f-bb5b-6819e8a37678,closed_captioning,973,155,15,263,147,0,23,0,0,,58,31,18,0,,153,272,0,103,136,42.335347493489586,3,2026-04-11T04:05:36.036724
abc4e8ec-4536-4896-8c7f-d9c3c262918e,closed_captioning,708,61,2,171,64,0,84,0,0,,53,63,28,176,,81,164,0,55,47,42.18333333333333,3,2026-04-11T01:54:27.976512
d3e2867d-1236-49d7-a567-8edb3ba54533,closed_captioning,823,76,6,164,96,0,24,0,0,,26,7,11,0,,138,156,0,53,2,43.4600830078125,1,2026-04-11T00:43:31.691964
4fbdbeba-3fe5-4546-964e-0a0cb70bd810,closed_captioning,518,90,4,129,87,0,21,0,0,,5,3,10,25,,75,95,0,103,56,22.1176513671875,2,2026-04-10T10:54:45.562517
ebcc6dc5-c7ea-4428-8609-c82e09cd10e7,closed_captioning,950,136,4,199,75,0,147,12,0,,11,19,31,0,,121,173,0,214,141,43.877860514322919,3,2026-04-10T08:58:47.800489
73d2cd51-19b1-4074-acc9-e54e4eb64526,closed_captioning,1019,97,8,362,153,0,107,2,1,,48,56,22,0,,296,339,0,199,255,42.329093424479169,3,2026-04-09T18:43:39.809737
eeeaca2f-adad-4305-b4ca-6b307059778b,closed_captioning,515,45,3,166,94,0,63,2,2,,14,14,14,71,,91,104,0,144,119,22.1,2,2026-04-09T16:37:35.993406
4fe062eb-2d09-4c39-805c-b81fd770bd99,emt_dialog,968,53,5,266,98,,,,,870,189,98,35,,835,174,195,0,,154,106.08431666666667,2,2026-04-09T09:03:25.641607
3948924a-8bc3-4706-8257-a0107a436790,emt_dialog,1054,0,0,24,5,,,,,31,766,1022,0,,16,24,31,0,,7,163.75581666666668,2,2026-04-09T05:26:01.131243
f6aa991f-0214-4b26-aa68-cffc383e68b6,emt_dialog,958,136,10,237,119,,,,,947,278,10,16,,925,145,151,0,,198,76.6866,2,2026-04-09T04:08:25.097974
7c50e603-4777-44a1-9681-7a5d17c38e45,closed_captioning,698,76,2,219,71,0,65,0,0,,226,84,25,0,,147,219,0,172,145,43.419071451822916,3,2026-04-09T03:13:21.965018
63f77bf4-d91e-4d10-8ccc-da7be971f24a,closed_captioning,1014,94,10,197,88,0,72,0,0,,27,13,32,0,,127,197,0,161,145,44.234468587239583,3,2026-04-09T02:20:31.860076
de56ab16-43ec-42ee-b640-ddf0511b6051,closed_captioning,1331,165,8,406,194,0,93,0,0,,129,80,69,0,,343,382,1,170,151,83.667610677083331,3,2026-04-08T23:07:59.497911
09fcfa5b-9ae4-4941-ba92-ae4c3431dfc9,closed_captioning,1052,88,8,411,156,0,219,0,0,,51,61,27,0,,291,299,0,108,281,41.541499837239584,3,2026-04-08T20:21:18.382659
3ae841be-c7e9-43ca-b079-0014156841a6,closed_captioning,994,106,9,185,76,0,80,19,3,,8,23,33,0,,118,142,0,173,101,43.419071451822916,3,2026-04-08T06:35:12.843731
d302943a-1f93-4866-aac2-0d74d5c7252d,closed_captioning,819,112,11,275,105,0,77,0,0,,188,59,21,0,,278,303,0,83,151,43.419071451822916,3,2026-04-08T03:03:53.221540
230bb165-a130-4d5f-8fd4-1476777d1031,closed_captioning,803,80,4,210,109,0,47,2,0,,118,48,38,0,,180,219,1,102,90,42.330480957031249,3,2026-04-06T20:34:28.889733
4d4eeb72-19b7-48b8-8dfa-16e4aee81de6,closed_captioning,936,159,6,225,117,0,24,0,0,,18,23,18,0,,138,205,0,53,82,42.418766276041666,3,2026-04-06T14:33:11.663967
cfb4726b-2b01-48e7-a3f1-4a4d2508403c,closed_captioning,719,97,5,213,77,0,168,0,0,,167,38,27,0,,164,217,0,138,123,45.4210693359375,3,2026-04-04T09:25:40.824879
fc7ed311-fe23-4faf-8d04-3a1e23892026,closed_captioning,904,140,3,249,119,0,40,0,0,,14,27,28,0,,132,170,1,75,102,42.418070475260414,3,2026-04-04T03:30:48.430181
a568e104-b7d9-4f3c-a410-2e8494184ded,closed_captioning,670,42,12,62,43,0,20,0,0,,32,8,18,285,,96,70,0,40,5,42.76716715494792,2,2026-04-03T23:53:58.195383
912144c8-31e8-4e3a-9e65-cf9f59ecc75d,closed_captioning,948,132,5,308,173,0,83,0,0,,33,20,52,0,,277,318,0,174,123,42.332568359375,3,2026-04-03T20:36:58.656100
a16db447-4978-419d-976d-bd29f5a8fe3e,closed_captioning,964,96,5,270,142,0,76,2,0,,86,20,9,0,,203,301,0,103,158,42.335347493489586,3,2026-04-03T19:51:18.994734
55bceb78-bd15-4684-acb0-e16ce624d9ab,closed_captioning,758,123,6,236,179,0,79,1,0,,10,4,23,0,,111,164,0,50,9,42.250541178385419,1,2026-04-03T16:04:53.099429
69a91e09-a1fe-46bd-b39f-b1d3838d71ee,closed_captioning,1256,173,9,365,117,0,141,0,0,,493,63,34,0,,273,404,0,177,151,89.311442057291671,3,2026-04-03T07:41:26.910428
6d21eea6-2dc9-4d93-bae7-d572d633d383,closed_captioning,798,99,3,190,82,0,24,0,0,,44,32,18,0,,101,133,0,117,65,41.251627604166664,3,2026-04-03T00:53:10.223147
ca5290b3-134c-4042-ab08-ea91621617aa,closed_captioning,1337,130,3,279,68,0,51,1,1,,109,48,97,248,,155,268,0,300,113,84.583333333333329,3,2026-04-03T00:28:03.222631
e3e0d52b-2c44-4097-9fbf-a43caa721850,closed_captioning,875,110,1,215,112,0,52,0,0,,14,44,29,0,,126,128,0,221,100,43.417818196614583,3,2026-04-02T23:33:17.085487
f717f7b3-d692-4807-b3fc-36deaca64137,closed_captioning,561,58,4,199,95,0,27,1,0,,5,33,9,85,,118,151,0,158,134,22.1,2,2026-04-02T23:27:49.818305
fd2070b4-3dcf-4cd1-b535-2afe3a46e214,closed_captioning,1134,128,7,355,117,0,21,0,0,,11,17,39,0,,220,272,0,277,222,43.783740234375,2,2026-04-02T19:58:29.875641
7063d561-9111-4021-8088-5ade6d0a0dd2,closed_captioning,498,58,5,166,83,0,70,3,0,,3,4,20,70,,85,94,0,141,95,22.1,2,2026-04-02T14:16:50.610341
3eb3d44b-0481-4182-b358-68e441feb82a,closed_captioning,1166,145,12,261,143,0,24,0,0,,34,41,31,0,,232,276,0,172,186,43.419767252604167,3,2026-04-02T13:21:16.309344
c7714d77-c27d-4553-9080-8a8abd12328f,emt_dialog,1403,1,0,67,20,,,,,92,1413,1310,0,,61,79,91,0,,22,97.4411,3,2026-04-02T08:05:11.048003
76680231-0676-407e-8f27-5318cbca1e1c,emt_dialog,2069,1,0,63,14,,,,,85,2086,1984,3,,43,61,75,0,,27,202.99278333333331,3,2026-04-02T05:05:32.826092
0898e25c-8ef1-43a3-852b-b924345654f0,closed_captioning,616,58,0,203,37,0,21,0,0,,7,21,19,0,,132,174,0,259,174,22.1176513671875,2,2026-04-02T04:38:52.304160
0041b4fb-c0f1-4452-9e9c-454bb3a90f32,closed_captioning,1054,148,14,351,165,0,34,0,0,,36,45,15,0,,236,343,0,178,190,42.33604329427083,3,2026-04-02T02:35:04.972521
5a626266-06ed-4051-a040-6fceb4c25bd2,closed_captioning,652,114,4,119,42,0,13,1,0,,37,38,17,73,,82,139,0,161,57,42.334651692708334,3,2026-04-01T11:22:52.792458
597cec98-e9e4-42c0-b6c4-5860159f5d88,closed_captioning,820,46,3,138,78,0,24,0,0,,20,31,19,0,,85,127,0,96,48,43.68113606770833,2,2026-04-01T03:30:56.207083
5a3e90c7-da61-496b-bf85-abdabb73214c,closed_captioning,403,40,3,103,76,0,2,0,0,,6,12,10,361,,37,49,0,1,0,55.089998372395833,2,2026-03-31T18:01:10.535188
a160b99e-b486-4edd-a050-5ae817b838d3,closed_captioning,1041,141,15,258,142,0,37,11,0,,11,23,25,0,,178,197,2,212,171,43.917484537760416,3,2026-03-31T17:48:50.363939
5e77031f-f14e-45d1-90e7-afcd9bd6cc03,closed_captioning,825,97,2,242,156,0,38,0,0,,4,20,22,0,,140,125,1,94,30,42.225516764322919,1,2026-03-31T17:48:48.417032
a97791bc-982f-4090-8e94-366408d8b3fc,closed_captioning,1107,82,18,320,177,0,65,2,0,,16,26,27,0,,148,203,0,174,177,44.099609375,2,2026-03-31T17:48:47.249413
b3c06c49-ade6-4825-8a6c-3d4aa80eb159,closed_captioning,614,58,6,108,78,0,21,0,0,,20,6,21,0,,122,109,0,8,3,42.184505208333334,2,2026-03-31T17:48:47.037249
d6c91687-5bdc-49bd-a767-679e5ad88350,closed_captioning,716,84,5,173,134,0,61,1,1,,91,7,29,273,,44,89,0,55,3,64.416666666666671,1,2026-03-31T17:48:46.797537
05fe0558-49c3-4e03-abb8-76c6e1a73949,closed_captioning,1100,163,5,366,201,0,30,0,0,,30,50,24,0,,299,365,0,213,229,42.335347493489586,3,2026-03-31T17:48:44.080494
9fe18959-ce19-4451-96a9-0aaa678faba6,emt_dialog,1011,4,0,30,5,,,,,47,781,945,11,,37,16,25,0,,7,140.40415,1,2026-03-31T12:50:58.442183
49624573-5df2-4820-95ca-7c7f8ed860e5,emt_dialog,1021,148,16,236,129,,,,,965,150,56,37,,933,122,139,0,,204,100.68113333333334,2,2026-03-31T04:14:45.353673
54ec7db2-e150-4cc1-8285-324297217568,emt_dialog,1497,82,10,587,359,,,,,1419,269,78,369,,1378,492,465,0,,484,82.7332,3,2026-03-30T16:05:36.043586
58335571-3d17-41f7-b5d4-71a0759f2378,closed_captioning,1016,144,10,305,179,0,22,0,0,,29,32,15,0,,224,281,0,84,162,42.418070475260414,3,2026-03-29T01:15:36.377280
ed0fa155-76ff-42e0-b84b-c685d0c13598,closed_captioning,685,52,15,77,52,0,19,0,0,,14,10,24,300,,89,44,0,36,4,42.76716715494792,2,2026-03-28T12:18:26.367008
22b712e7-1ce7-40cf-9e09-2805bc60db5f,closed_captioning,512,70,1,136,33,0,3,0,0,,2,9,12,16,,97,149,0,113,64,22.418229166666666,2,2026-03-27T23:11:11.200098
bd4afa16-001e-494f-bb34-628b4c877e4f,closed_captioning,539,60,0,128,60,0,68,5,0,,4,15,11,14,,51,104,0,92,54,22.418229166666666,2,2026-03-27T23:10:48.746552
83bd3068-6163-439f-8d21-e318f8c1c8d5,closed_captioning,529,64,3,136,31,0,20,0,0,,4,12,24,6,,87,116,0,160,81,22.418229166666666,2,2026-03-27T23:06:09.415664
257e1bb4-5a06-4628-842d-dfbf9f1e6225,closed_captioning,538,80,3,114,45,0,16,0,0,,4,5,4,12,,65,102,0,166,84,22.418229166666666,2,2026-03-27T20:03:27.122045
051eebc3-e786-4f9f-bfa6-a3f14884b22f,closed_captioning,482,60,1,114,51,0,13,0,0,,2,4,13,10,,47,108,0,81,15,22.418924967447918,2,2026-03-27T20:02:52.642739
4e335459-3bcf-4d85-886b-5682af9eaa63,closed_captioning,747,88,3,135,81,0,10,0,0,,8,7,17,0,,92,92,0,60,8,43.4600830078125,1,2026-03-27T17:28:44.640194
9a323cb7-6c99-4b6d-a750-b9495bfc5e39,closed_captioning,1004,120,8,301,98,0,43,0,0,,17,42,28,0,,224,271,0,171,187,43.783740234375,3,2026-03-27T15:59:05.354468
e69a0517-3afb-4e34-b9a2-6c1df2cea4a1,closed_captioning,812,93,9,254,135,0,144,0,0,,181,42,31,0,,184,182,0,119,123,45.144405110677084,3,2026-03-26T20:25:41.431720
4d826b70-50cf-4d50-88bd-46f4b0d16a9b,closed_captioning,626,61,2,237,130,0,31,0,0,,7,20,5,8,,150,171,0,167,133,22.418229166666666,2,2026-03-26T19:43:07.413111
744ad21f-d61b-4f32-a4a9-7b1b54730905,closed_captioning,983,148,24,189,89,0,16,0,0,,27,10,24,0,,140,193,0,119,113,42.41737467447917,3,2026-03-26T07:26:11.495694
035c7d7d-5b34-4215-968e-465f7585a36b,closed_captioning,841,107,2,249,124,0,49,0,0,,72,26,21,0,,164,216,0,140,77,41.334627278645833,3,2026-03-25T20:00:54.957025
264a09bf-078e-4ff7-82f3-be3d680a5f84,closed_captioning,1144,132,5,334,171,0,32,0,0,,28,56,23,0,,258,338,1,220,172,42.833902994791664,3,2026-03-25T18:19:12.264482
1af74a63-9f48-4108-861e-ff5d870d8cdd,closed_captioning,652,49,0,268,123,0,24,0,0,,5,19,5,12,,120,162,0,254,185,22.418229166666666,2,2026-03-24T19:06:36.470414
d2dba159-38ac-48f4-8e0a-6ad8ab75ce80,closed_captioning,1924,267,9,576,326,0,190,0,0,,19,52,47,0,,370,537,0,211,136,85.251139322916671,3,2026-03-24T16:56:46.534410
b8b6484e-f477-4f0e-b7b8-d892a388340d,closed_captioning,833,81,3,228,139,0,33,0,0,,23,53,16,0,,119,160,0,147,86,43.418375651041664,3,2026-03-24T09:39:54.370132
d9f8041f-daaa-4b16-b5b7-f18caa3b1470,closed_captioning,824,91,0,273,172,0,98,1,0,,14,4,12,0,,117,100,0,144,31,42.14766031901042,2,2026-03-24T05:29:00.095816
28815a40-408b-4e1f-b95d-a5ab4c4fa509,closed_captioning,1057,166,4,313,139,0,30,0,0,,15,25,37,12,,138,209,0,287,163,43.750374348958331,3,2026-03-23T20:13:40.402735
838cbce2-0fb6-4991-8863-c7dacc115df9,closed_captioning,885,100,5,238,143,0,16,0,0,,11,47,25,0,,115,151,0,235,94,43.417818196614583,3,2026-03-23T18:40:41.155707
94432da7-9233-4b5f-b8b2-1266f0a6b5ac,closed_captioning,1438,168,11,432,127,0,90,0,0,,218,72,49,0,,279,346,0,235,141,87.752945963541663,3,2026-03-21T19:42:54.417001
b006ba68-4f48-4c4b-a39e-4dd488ccd194,closed_captioning,721,66,17,85,40,0,11,1,0,,18,32,12,278,,124,72,0,47,11,42.76716715494792,2,2026-03-21T17:52:15.388412
fcc467ed-30ac-4d79-8e72-456ccbcc8414,closed_captioning,1012,101,2,241,98,0,58,0,0,,16,36,37,0,,96,199,0,175,88,42.8337646484375,3,2026-03-21T15:21:04.269653
8f2efeba-40d9-4cad-a443-61e9d07079b1,closed_captioning,691,97,1,178,90,0,22,0,0,,73,6,16,0,,86,175,0,130,31,41.460306803385414,2,2026-03-21T07:29:20.172607
feaf1f98-24c4-4a47-8914-4fecf8ec517d,closed_captioning,638,83,6,187,67,0,17,0,0,,7,17,8,18,,107,152,0,130,66,22.1176513671875,2,2026-03-21T06:59:26.497584
2eaf00fe-1705-4ef3-8d2b-c4264ee20350,closed_captioning,518,54,0,133,53,0,26,0,0,,4,6,11,27,,53,92,0,109,50,22.1176513671875,2,2026-03-21T06:25:00.628206
6436ff27-1a2d-434a-a155-c6ab69744999,closed_captioning,565,77,2,128,40,0,23,0,0,,2,8,12,21,,60,88,0,145,61,22.1176513671875,2,2026-03-21T03:07:28.572716
444805b8-d3de-43ca-838a-1c0462139571,closed_captioning,912,89,3,233,78,0,11,0,0,,9,21,24,107,,136,216,0,221,122,42.18333333333333,3,2026-03-21T01:17:27.799329
2910b583-8d92-469b-a629-7eb236241898,closed_captioning,1039,151,18,317,211,0,33,0,0,,4,21,18,0,,285,340,0,245,163,42.751041666666666,3,2026-03-20T23:49:53.334906
af253e5d-6af9-447b-9bde-2156358d4bb8,closed_captioning,945,144,6,218,119,0,35,0,0,,65,34,20,0,,133,251,0,100,90,42.335347493489586,3,2026-03-20T23:45:06.211597
965f2c28-bc3e-4dcc-aa79-f50c41590523,closed_captioning,1705,223,10,531,350,0,182,1,0,,69,24,32,0,,320,377,0,173,34,84.051326497395834,2,2026-03-20T21:15:28.357904
177f474f-a852-4490-b27a-f91b1340fc7b,closed_captioning,932,103,4,215,71,0,93,1,0,,7,16,21,159,,140,201,0,168,116,42.18333333333333,3,2026-03-20T21:06:02.863498
9b4f407b-5315-409b-b69a-29b2a6571b2d,closed_captioning,782,51,2,153,59,0,31,1,0,,126,66,48,157,,84,158,0,134,39,48.75,3,2026-03-20T20:30:04.778729
1b9da3ca-83e4-4e50-8be6-ea534cd1669a,closed_captioning,513,39,3,125,65,0,6,0,0,,0,5,7,0,,101,135,0,72,73,21.624381510416665,2,2026-03-20T19:31:05.743969
04e9d8bd-0dca-4b82-bddf-c35a02df6fe6,closed_captioning,1587,221,5,513,308,0,139,0,0,,114,16,26,0,,197,345,0,118,30,84.051326497395834,1,2026-03-20T18:47:14.215838
ea9c5c4d-cd04-41be-8135-94a58de00827,closed_captioning,969,149,10,277,148,0,42,0,0,,23,26,20,0,,204,261,1,101,143,42.418070475260414,3,2026-03-20T10:37:39.217106
edded1b0-7c05-4aec-8bc6-9f5c3c2c7763,closed_captioning,702,93,2,165,92,0,40,0,0,,78,9,16,0,,89,179,0,101,17,41.846805826822916,2,2026-03-20T08:32:07.785407
a112b4f9-b351-4a7e-bf8f-fd00cb858643,closed_captioning,765,99,7,195,161,0,54,0,0,,27,2,7,0,,78,154,0,113,26,41.778401692708336,1,2026-03-20T05:17:20.749865
f335d46f-0a82-4bc7-8f0e-b3bef7ab826c,closed_captioning,797,109,1,239,161,0,159,0,0,,21,16,24,0,,136,130,0,105,28,42.225516764322919,1,2026-03-20T03:46:41.565437
8552d8dc-5e79-4870-92ac-4ef38439c071,closed_captioning,570,83,2,115,23,0,14,5,0,,7,10,18,0,,91,122,0,127,108,22.117234293619791,2,2026-03-19T23:28:18.801041
8d3e09cc-95fc-44d7-871f-3c358347f070,closed_captioning,735,128,5,205,181,0,41,0,0,,59,7,12,0,,88,147,0,13,18,41.722237141927081,1,2026-03-19T20:43:23.733654
3a55e69d-d531-4cd0-8cc4-c226fb2389b5,closed_captioning,766,99,7,142,73,0,24,0,0,,59,7,19,0,,84,161,0,136,29,41.564855957031249,2,2026-03-19T17:10:00.158477
607082cb-1cb1-49bf-bdb6-81bac426e61a,closed_captioning,766,78,3,141,67,0,38,1,0,,79,27,27,199,,93,120,0,87,34,42.18333333333333,2,2026-03-19T03:33:07.693752
13e6b82b-4c04-4fe8-b233-54e5988052c4,closed_captioning,836,84,7,302,177,0,181,0,0,,131,46,23,209,,151,194,0,107,65,42.18333333333333,3,2026-03-19T03:28:44.121623
e7fa8543-e37f-47ae-9fdf-b8aa41496deb,closed_captioning,713,94,3,192,136,0,26,0,0,,48,4,9,0,,70,117,0,116,21,41.576534016927084,1,2026-03-19T01:53:00.172523
0b7b3217-5757-46a5-ac20-032ce49dcbda,closed_captioning,508,66,8,180,143,0,35,0,0,,7,9,14,10,,215,205,0,93,75,22.418229166666666,2,2026-03-19T00:02:45.638494
4d043825-0469-46a2-9b5c-d0668629726b,closed_captioning,814,76,0,293,117,0,49,0,0,,125,53,28,0,,222,264,0,151,148,42.335347493489586,3,2026-03-18T22:27:00.815863
11bc0210-de81-4183-b55a-533f13fc8245,closed_captioning,536,102,8,85,36,0,24,0,0,,3,11,14,0,,92,105,0,109,121,22.117234293619791,2,2026-03-18T20:22:44.969450
26adc745-94e2-4aca-a5f6-0edd07374f15,closed_captioning,579,68,17,133,50,0,36,0,0,,3,3,13,26,,86,91,0,195,104,22.1176513671875,2,2026-03-18T18:06:20.259907
e61659b3-17ac-4f41-9043-01b41b1b7bee,closed_captioning,954,130,20,279,166,0,174,6,6,,21,24,23,0,,202,258,0,320,197,43.877860514322919,3,2026-03-18T09:51:10.468719
f3b6d22a-a4e0-4cff-95a2-54a3a6e56324,closed_captioning,921,105,10,353,132,0,208,0,0,,91,45,17,0,,270,328,0,99,167,41.541499837239584,3,2026-03-18T09:28:21.907401
1122ee26-0cc4-4943-bae2-0862e8e68e1c,closed_captioning,884,85,4,270,149,0,68,0,0,,72,33,28,0,,206,215,0,118,94,41.334627278645833,3,2026-03-18T03:56:17.420336
c0de321d-eac1-4ca9-87b3-10567373a425,closed_captioning,2214,302,25,686,347,0,140,1,0,,34,84,37,0,,451,448,2,579,462,87.184318033854169,3,2026-03-18T02:41:44.826830
7cf3eda5-b86f-4e24-8df8-e7034365b6af,closed_captioning,771,84,4,189,120,0,32,2,0,,15,15,35,289,,151,126,0,74,28,42.76716715494792,2,2026-03-18T02:06:14.705140
2805b610-e972-44bc-9136-8c4dc3b5b452,closed_captioning,293,20,1,49,34,0,26,0,0,,85,9,7,35,,34,34,0,18,3,22.122100830078125,2,2026-03-18T00:41:24.993239
e7d19402-6377-4139-8d85-87bb92ead432,closed_captioning,579,59,2,237,90,0,22,5,2,,9,20,7,3,,124,156,0,195,153,22.418229166666666,2,2026-03-18T00:10:27.314427
54aadd54-47e6-4dca-b3ca-254caa964e1b,closed_captioning,262,34,0,40,20,0,49,2,0,,68,10,6,29,,42,26,0,11,11,22.122794596354165,2,2026-03-17T22:18:24.415622
dd56086a-fef9-4747-ac2d-a54f2f06078a,closed_captioning,1153,143,7,338,123,0,13,0,0,,6,18,32,0,,191,309,0,247,154,42.833902994791664,3,2026-03-17T22:03:06.023560
592b0720-c1eb-4f04-a9cb-e9a2bf6154b5,closed_captioning,1601,191,8,468,271,0,127,1,1,,67,21,61,0,,301,288,0,120,47,84.017960611979163,2,2026-03-17T17:35:15.230029
fceaa4c7-99cf-43df-b5ff-53e2a193055e,closed_captioning,1062,174,8,314,154,0,61,0,0,,32,32,16,0,,200,281,0,139,180,42.418766276041666,3,2026-03-17T16:08:42.666774
467f940f-d5eb-4535-9b79-ee8233d308b0,closed_captioning,1027,178,16,261,117,0,65,0,0,,17,24,18,0,,184,276,0,119,154,42.418070475260414,3,2026-03-17T15:42:19.340290
011a4606-e193-40e3-a37c-61d08875ca9c,closed_captioning,1049,158,16,232,116,0,26,0,0,,20,32,25,0,,156,192,0,135,135,42.418070475260414,3,2026-03-17T15:24:21.618569
3fa4f81a-496b-4740-8f8e-ff6097d128de,closed_captioning,874,77,7,317,111,0,116,0,0,,197,76,23,0,,248,238,0,109,176,43.419071451822916,3,2026-03-17T14:29:51.100264
e190526b-44c1-4278-8adb-1988ff8d58d2,closed_captioning,1264,152,10,392,205,0,14,25,14,,13,30,27,0,,225,278,1,272,269,43.79375,2,2026-03-17T11:24:21.340561
c38dc4ed-e723-4795-bfc0-a472496bdfb3,closed_captioning,871,114,4,243,130,0,49,0,0,,92,34,25,0,,180,222,0,113,83,45.3974365234375,3,2026-03-17T04:37:31.014400
f5819c26-090d-4079-b19f-a4f7f69b7f74,closed_captioning,1121,127,0,301,108,0,22,0,0,,11,32,31,0,,133,218,0,173,149,42.751041666666666,3,2026-03-16T23:31:05.711656
8583dfc1-89d9-4048-8f27-fbc3bfe523a8,closed_captioning,928,111,8,337,185,0,159,0,0,,27,20,24,0,,213,244,1,179,137,42.33604329427083,2,2026-03-16T23:26:49.989751
bb976c31-f16a-440c-b4db-64b1906b03ed,closed_captioning,718,77,2,183,129,0,42,0,0,,89,21,18,0,,75,134,0,141,28,42.057014973958331,2,2026-03-16T20:57:03.204250
b8a40c5a-3ac2-4667-b7df-ae18ded93df8,closed_captioning,740,136,2,138,89,0,13,0,0,,61,11,17,0,,84,165,0,23,14,41.74169921875,1,2026-03-16T20:10:37.813508
e2c3b257-7c87-4f2d-9682-6ccabf0d7efe,closed_captioning,1093,179,17,269,196,0,46,0,0,,89,8,38,0,,176,225,0,91,6,84.167415364583334,2,2026-03-16T18:36:45.003882
8e45be29-bc16-46b7-93e5-e7d92b83afce,closed_captioning,799,104,6,200,83,0,117,7,1,,38,48,41,46,,118,153,0,133,35,42.334513346354164,3,2026-03-16T17:20:19.933251
bdaca8ec-5310-451c-84d3-ce5683d7695b,closed_captioning,1041,156,6,325,141,0,65,0,0,,46,62,26,0,,192,282,1,106,141,43.419071451822916,3,2026-03-16T16:58:00.438875
b94cd51f-6b24-493c-988d-a7a34ba52bb0,closed_captioning,998,125,9,277,133,0,37,0,0,,41,49,20,0,,211,303,0,98,112,42.335347493489586,3,2026-03-16T15:41:26.001489
7f9b57a6-9414-4570-8c66-fdf73ddb9ed5,closed_captioning,1082,113,23,223,134,0,15,0,0,,12,25,25,0,,186,194,0,220,174,43.783740234375,3,2026-03-15T19:41:52.785800
550657fa-0c5c-4552-b2c3-3c9bb69b1ddd,closed_captioning,662,71,10,162,66,0,6,0,0,,25,12,24,0,,165,145,0,31,7,42.184505208333334,1,2026-03-14T16:31:02.279295
3f784b58-26cd-44b9-8b9d-4e7c63803296,closed_captioning,463,64,1,141,78,0,12,0,0,,4,8,11,19,,92,112,0,85,62,22.1176513671875,2,2026-03-14T14:31:34.285710
b004bec2-a337-48c6-b2fc-b54d39c55a91,closed_captioning,563,86,5,194,106,0,41,0,0,,2,5,13,28,,73,97,0,143,86,22.1176513671875,2,2026-03-14T13:06:55.523851
52ec4ae4-f6e8-4012-b5d5-de391f4bd8f7,closed_captioning,864,96,4,248,90,0,85,0,0,,54,38,41,147,,141,242,0,147,77,48.75,3,2026-03-14T11:49:41.487883
6abd1001-db99-4d97-a85d-ccb2a4c9c990,closed_captioning,1753,253,7,349,127,0,58,4,0,,12,37,79,211,,171,311,0,323,117,84.516666666666666,3,2026-03-14T10:46:46.309588
f8f31fb1-79a6-41c5-adb7-ff96eb0cc093,closed_captioning,581,88,2,128,54,0,36,0,0,,2,12,18,0,,72,112,1,211,94,22.1176513671875,3,2026-03-14T10:04:55.360533
d77585ee-68b4-4ffc-b557-cc614c8e079b,closed_captioning,544,58,3,146,60,0,35,0,0,,11,12,9,0,,122,132,1,115,90,22.1176513671875,3,2026-03-14T09:35:52.418449
dc67436c-d214-4fe1-9fac-559fe04d0756,closed_captioning,605,81,10,148,56,0,52,0,0,,2,8,9,0,,91,126,1,220,147,22.1176513671875,3,2026-03-14T08:57:49.996183
4aa29507-5fbb-458b-bdc7-a26eb38fc10f,closed_captioning,603,83,6,136,52,0,14,1,1,,26,38,24,80,,78,151,0,63,23,42.334651692708334,2,2026-03-14T05:11:26.832797
4a86b349-bfc9-41c2-9289-e878ccef6c8f,closed_captioning,1147,149,7,291,166,0,80,0,0,,17,35,31,0,,271,296,0,352,237,44.234468587239583,3,2026-03-13T22:53:02.709231
6638051d-cc69-4d18-b596-fc43b881fe16,closed_captioning,849,71,1,160,66,0,24,1,0,,11,32,34,209,,102,196,0,108,33,43.4600830078125,3,2026-03-13T22:16:07.294967
ff7a7e0d-28b2-4296-a29e-253b6353e154,closed_captioning,1424,152,8,417,202,0,152,0,0,,426,52,48,0,,214,331,0,151,171,88.6031005859375,3,2026-03-13T22:15:52.964369
b8c750ed-db64-4848-8926-fdb9d2ce1186,closed_captioning,1594,152,13,329,191,0,120,0,0,,60,82,42,0,,255,307,0,244,226,66.153308105468753,3,2026-03-13T20:02:39.779174
98f77914-3628-4fdb-aafe-c48299dfe7d1,closed_captioning,938,136,6,248,104,0,12,0,0,,12,37,26,0,,104,177,0,133,70,42.750345865885414,3,2026-03-13T08:24:53.914850
54b487f4-ab4d-4408-8cf4-20a996d920cc,closed_captioning,596,73,3,176,80,0,23,0,0,,9,9,17,12,,90,139,0,180,89,22.418229166666666,2,2026-03-13T03:12:31.409502
9ebafadc-368a-4aa5-a4f9-5d845b6ace6f,closed_captioning,486,53,2,103,61,0,17,1,1,,12,9,5,3,,44,69,0,102,46,22.418229166666666,2,2026-03-12T23:01:58.377832
15600181-c5cd-4b2a-8b9d-39367f8e24b3,closed_captioning,989,107,16,231,130,0,105,0,0,,10,19,11,0,,158,217,0,126,82,42.820556640625,3,2026-03-12T11:48:03.018940
17205678-ffb1-4417-be5e-065fa20c1db6,closed_captioning,1072,84,17,238,118,0,29,0,0,,14,20,27,0,,155,215,0,221,161,44.336234537760419,2,2026-03-12T07:56:03.305242
ef22e8ec-224f-4541-a5e2-f22020f2d7a4,closed_captioning,1029,150,11,230,106,0,80,4,0,,7,14,26,0,,163,182,0,211,123,43.419071451822916,3,2026-03-12T06:39:58.657460
3aa23d15-2864-4633-be6a-7f431730c0a4,closed_captioning,1018,124,7,315,204,0,147,5,0,,21,20,20,0,,209,234,0,215,147,43.800699869791664,3,2026-03-12T04:29:56.948833
95d0092c-5585-48ca-95fe-1b6586d619b7,closed_captioning,1147,155,3,248,102,0,74,0,0,,20,26,36,0,,142,215,0,355,183,44.234468587239583,3,2026-03-12T01:09:20.840625
d39d79bc-862e-4809-bef5-41a9daebb728,closed_captioning,1082,119,22,180,98,0,9,0,0,,13,24,27,0,,116,147,0,221,147,43.783740234375,3,2026-03-12T00:11:05.449037
b3bbffab-5d3a-4bf9-bd0d-4c76fe693bfb,closed_captioning,1074,141,4,238,98,0,33,3,2,,47,30,24,0,,150,195,0,284,176,43.917484537760416,3,2026-03-11T23:57:40.592352
7a460fa0-c555-47a8-8025-36f44fcc8a3e,closed_captioning,265,12,3,62,38,0,39,0,0,,85,10,1,25,,41,46,0,14,11,22.122100830078125,2,2026-03-11T21:02:15.481889
9ab4b35c-2925-4797-8faf-ee2c72f9d1c0,closed_captioning,813,94,13,308,133,0,59,0,0,,112,22,16,0,,218,249,0,104,87,41.251208496093753,3,2026-03-11T17:02:22.852804
c76c7ba2-6af6-4fb8-b167-5666c4b67413,closed_captioning,703,16,0,100,47,0,10,0,0,,411,441,31,0,,42,77,0,37,22,41.333654785156249,1,2026-03-11T01:25:46.675781
14be5ea4-34c1-485c-a1d7-c1905baf22c0,closed_captioning,1363,5,0,96,22,0,53,0,0,,1128,1122,11,0,,93,114,0,36,26,83.663444010416669,3,2026-03-10T22:12:29.365134
9df63d95-bc74-467d-9f30-141c305c3b71,closed_captioning,1084,120,6,317,196,0,15,0,0,,42,50,25,0,,209,202,0,112,155,42.418070475260414,3,2026-03-10T21:33:29.368595
748166e5-46d0-4ced-bddd-046e53293495,closed_captioning,1075,90,19,210,94,0,30,0,0,,15,23,13,0,,170,221,0,161,151,42.833902994791664,3,2026-03-10T16:00:10.588927
c6ed4cf2-ceb3-4ae8-a3a4-60597e3dd232,closed_captioning,490,19,1,140,63,0,56,1,0,,401,34,9,61,,58,114,0,90,59,42.334513346354164,2,2026-03-10T11:33:05.114970
ce2f34cb-a1b9-44e5-bb46-1905b463be5c,closed_captioning,577,67,2,181,53,0,22,0,0,,5,14,15,0,,125,160,0,233,129,22.1176513671875,2,2026-03-10T09:06:21.965295
d462d155-d38f-4e8c-8be1-46636f764758,closed_captioning,484,51,0,169,109,0,16,0,0,,1,2,10,0,,41,69,0,1,0,21.621600341796874,2,2026-03-10T08:16:23.098405
477762be-1444-4064-a3e1-3f51e80b42a3,closed_captioning,1672,169,9,513,195,0,127,0,0,,278,79,57,0,,264,382,0,218,258,90.755940755208329,3,2026-03-08T00:35:16.655115
f85a5f1e-39d9-4b95-a5af-6f10c53c1096,closed_captioning,842,96,5,276,144,0,155,0,0,,182,51,23,0,,209,229,0,82,119,43.419071451822916,3,2026-03-07T18:38:33.614257
d5f162ba-6626-4a4a-b600-7eef3da08526,closed_captioning,823,101,2,196,83,0,13,0,0,,10,25,27,138,,90,177,0,172,50,42.18333333333333,3,2026-03-07T15:03:03.262925
fe0f08de-6719-4f4a-8dcb-f5b563f327ea,closed_captioning,1454,173,5,396,187,0,238,0,0,,13,37,32,0,,187,319,0,212,147,64.084159342447919,3,2026-03-07T12:11:01.650552
5a93bf26-d6fb-45c8-b69d-09d40afcf4c0,closed_captioning,1037,117,14,214,105,0,39,0,0,,10,22,22,0,,133,174,0,222,133,44.670735677083336,2,2026-03-07T06:33:48.558326
060733b4-f2fa-4187-8b52-d5b6a3bd1b8a,closed_captioning,560,91,5,112,53,0,31,0,0,,10,16,19,0,,76,104,0,128,114,22.117234293619791,2,2026-03-07T01:51:33.056022
adbe5b7d-218d-44ef-899e-808374a7ca44,closed_captioning,1069,127,5,305,159,0,64,14,0,,15,16,28,0,,159,201,0,247,153,43.917484537760416,3,2026-03-07T01:35:54.087461
0f849af8-36d6-462f-9948-a1bbf8cf04a8,closed_captioning,510,31,0,87,34,0,23,0,0,,4,14,18,77,,56,70,0,102,51,22.1,2,2026-03-06T23:12:37.909241
cbec8e71-3e6e-4a9b-9663-ca6ce21ff718,closed_captioning,575,120,12,132,58,0,35,0,0,,8,11,12,0,,113,155,0,119,80,22.434912109375,3,2026-03-06T02:41:52.616351
5075ca13-c5a7-4af5-b7a2-2d8ce6783dab,closed_captioning,1077,202,16,237,162,0,20,0,0,,14,14,17,0,,176,232,0,224,94,42.750345865885414,3,2026-03-05T20:24:03.924194
f47e54ab-0d71-4106-9b39-6174ec36c6c0,closed_captioning,844,109,4,239,81,0,51,0,0,,176,66,24,0,,152,209,0,150,116,46.41859537760417,3,2026-03-05T13:30:49.633071
1e3abbc2-fe62-4faf-b977-1c2eabb028d9,closed_captioning,968,122,4,216,84,0,37,0,0,,11,36,34,0,,180,218,0,149,82,42.750345865885414,3,2026-03-05T07:18:50.593291
4566cfd8-aa7c-4058-a86a-847872f4e285,closed_captioning,537,68,11,151,89,0,10,1,0,,10,20,16,0,,135,155,0,71,109,21.618819173177084,2,2026-03-05T03:50:25.926771
d39ada12-9234-4557-9b76-a98a56efaf75,closed_captioning,320,30,1,40,20,0,19,0,0,,85,20,8,37,,38,28,0,19,7,22.105415852864585,3,2026-03-05T01:27:47.571776
d4fb4a43-9501-46cc-92dc-c0d10507786a,closed_captioning,505,38,0,111,30,0,26,0,0,,291,21,16,97,,47,97,0,103,53,42.25,3,2026-03-04T20:11:12.491659
85d1c6d8-8e6c-4414-84e9-d72abfcf3388,closed_captioning,671,88,4,169,135,0,48,0,0,,69,2,19,0,,70,155,0,77,4,42.18519694010417,1,2026-03-03T14:50:37.405466
018847a3-8805-4cb0-bf14-5bc4c5936307,closed_captioning,1100,108,1,278,106,0,147,0,0,,15,26,32,0,,148,252,0,183,91,42.750345865885414,3,2026-03-03T12:29:22.465964
88498291-2e82-4ddc-bae5-d2e17c4f1f71,closed_captioning,878,101,4,252,88,0,36,0,0,,27,42,36,56,,98,160,0,170,66,42.334513346354164,3,2026-03-03T11:31:00.309014
4b23bb71-cacb-4def-8102-f86a4ce3f4e7,closed_captioning,589,99,2,136,37,0,35,2,0,,12,17,14,0,,76,110,0,122,98,22.117234293619791,2,2026-03-03T08:29:36.471986
98b426d9-6295-4177-ba35-7e8b01e78441,closed_captioning,264,31,2,38,30,0,33,1,0,,49,10,9,29,,16,16,0,9,3,22.122794596354165,2,2026-03-02T22:08:27.891624
e8b6694c-c666-40ad-aeaf-df7cf1b992bd,closed_captioning,506,84,4,94,42,0,18,0,0,,5,5,9,4,,47,80,0,83,33,22.418229166666666,2,2026-03-02T21:17:37.773517
cefb581f-5c2d-4a64-b6bd-d9ffb33c01a7,closed_captioning,1075,129,9,321,195,0,118,0,0,,12,24,24,13,,166,221,0,294,256,43.193716666666667,2,2026-03-02T18:20:44.222332
9ab70d9f-fbc1-4e13-bb12-1743a7caee55,closed_captioning,935,132,6,309,118,0,53,0,0,,135,30,13,0,,317,339,0,119,138,43.419071451822916,3,2026-02-28T04:35:16.989816
be1c79a7-857a-4f8f-969b-8ee4b0beef88,closed_captioning,500,76,1,111,53,0,11,0,0,,5,8,4,22,,72,107,0,126,72,22.1176513671875,2,2026-02-28T02:38:01.326586
8a88fe97-32d6-4e43-801c-d45597c7adc3,closed_captioning,539,85,3,148,78,0,32,0,0,,2,9,14,21,,92,138,0,129,80,22.120432535807293,2,2026-02-28T02:37:45.020556
214bbc76-7756-4cdb-96a8-22a81ac47553,closed_captioning,566,91,2,153,77,0,30,0,0,,7,16,11,25,,89,111,0,150,68,22.1176513671875,2,2026-02-28T02:26:38.389278
8f546f7d-ec6a-4498-bb0c-f467090b9ff7,closed_captioning,798,98,11,138,72,0,53,0,0,,83,20,18,0,,116,133,0,61,61,42.25123697916667,3,2026-02-28T02:08:49.376593
2b4dd36d-73b8-43d6-bb5b-6fd2ee4cba9c,closed_captioning,776,84,3,161,66,0,9,3,0,,9,20,42,131,,88,146,0,160,63,42.18333333333333,3,2026-02-27T23:57:09.515485
7125a9b6-48d2-4d19-be80-79d3342abe01,closed_captioning,1046,135,1,303,111,0,63,0,0,,83,74,16,0,,185,328,1,133,138,42.335347493489586,3,2026-02-27T23:05:15.661635
acb46019-a842-40d6-a8ca-ca697ae05a62,closed_captioning,754,95,4,210,108,0,40,0,0,,102,32,48,0,,161,169,0,159,71,43.834069824218751,3,2026-02-27T22:52:09.830222
3076f4fc-12ce-469a-8ac4-04bafba9ca23,closed_captioning,1594,139,8,312,161,0,70,0,0,,61,80,48,0,,196,288,0,246,201,66.153308105468753,3,2026-02-27T22:47:51.742436
41095ef1-beff-44b7-b86c-56e9808952ee,closed_captioning,790,89,5,203,67,0,41,1,0,,138,43,30,138,,122,161,0,140,61,48.75,3,2026-02-27T20:18:35.815590
c4046088-85f7-4635-9437-77b99c1af7ab,closed_captioning,640,84,4,232,113,0,32,0,0,,16,4,35,0,,147,111,0,11,6,42.184505208333334,2,2026-02-27T17:36:01.446094
44f03e5c-73c6-4643-a146-807dabf46c15,closed_captioning,738,68,4,139,45,0,65,1,0,,72,22,24,163,,73,129,0,81,31,42.18333333333333,3,2026-02-27T14:39:52.684987
a06110ee-8c26-4935-bdd5-4f2c0c8a059f,closed_captioning,975,118,7,354,115,0,242,0,0,,75,53,32,0,,292,337,0,131,240,41.541499837239584,3,2026-02-27T13:51:55.687488
8ca624f3-c911-4151-8897-08f8e775b386,closed_captioning,1764,325,38,363,225,0,101,0,0,,15,28,40,0,,243,420,0,298,110,85.153816731770831,3,2026-02-27T10:52:29.751742
90a91d4e-1207-4dac-88da-ef44c99dd614,closed_captioning,678,120,3,147,119,0,83,0,0,,7,3,18,0,,56,53,0,93,8,42.184362792968749,1,2026-02-27T03:34:39.589464
d05a4c32-7934-4b33-a6cc-e780f9e59c3d,closed_captioning,1137,129,6,300,144,0,73,0,0,,16,37,32,0,,152,193,0,193,139,42.833902994791664,3,2026-02-27T00:37:45.715885
2b6618de-5483-45f4-bdb6-cefa8ed8aaf9,closed_captioning,767,101,4,191,82,0,111,0,0,,128,62,47,213,,104,187,0,81,55,42.18333333333333,3,2026-02-26T20:14:02.749406
99bc344a-3203-439b-9b9f-ed635dd23e51,closed_captioning,857,96,3,245,105,0,31,0,0,,100,29,41,2,,133,213,0,135,85,44.41770833333333,3,2026-02-26T16:12:07.656533
ef111c91-0ddf-4922-b8d3-9f44ff691f83,closed_captioning,1090,168,6,182,105,0,27,0,0,,6,12,19,0,,72,124,0,220,80,50.568851725260416,3,2026-02-26T15:47:10.763447
9a5611f8-66ad-4ac7-8273-3e39fa429899,closed_captioning,546,113,5,95,23,0,64,0,0,,1,2,8,22,,70,100,0,123,67,22.1176513671875,2,2026-02-26T03:04:07.629961
19fdc77b-d361-4fc7-bbc9-6e5821f8f1b1,closed_captioning,587,80,3,201,69,0,34,0,0,,6,16,13,0,,121,143,0,130,168,22.117234293619791,2,2026-02-26T00:31:30.410841
104b6549-e314-4469-9043-c550c7eb66bf,closed_captioning,848,115,6,248,108,0,76,0,0,,120,33,25,0,,159,206,0,170,102,45.943815104166667,3,2026-02-25T20:51:58.446105
7fc989e9-eaf6-425b-a455-c5738f34b47f,closed_captioning,814,83,1,230,140,0,58,2,0,,141,37,19,2,,176,199,0,87,86,44.41770833333333,3,2026-02-25T18:05:55.952247
9954b66e-8535-4f82-b70a-76f69dd4ec45,closed_captioning,1003,92,3,355,178,0,54,0,0,,43,33,27,0,,248,220,0,173,108,43.85075276692708,2,2026-02-25T15:29:52.963666
99f0921c-47d5-4800-8a97-b54aa466dfd7,closed_captioning,559,70,6,142,97,0,65,0,0,,11,13,7,0,,102,118,0,97,86,22.417533365885415,2,2026-02-25T15:16:08.296034
592fd977-7d00-41df-a13e-99afc073bdf5,closed_captioning,955,163,28,218,109,0,19,0,0,,29,35,21,0,,185,254,0,347,156,40.91754150390625,3,2026-02-25T15:16:08.047693
26ce1123-5691-4bde-9a28-bc8b9a5d9904,closed_captioning,594,92,1,108,43,0,50,0,0,,2,6,11,0,,84,127,0,109,52,22.434912109375,3,2026-02-25T13:02:39.207188
4a614bce-c67a-4895-a5f7-9dcdec00b09f,closed_captioning,940,84,5,356,261,0,165,1,0,,1,8,20,86,,287,166,0,27,25,42.30128580729167,2,2026-02-25T09:54:45.955873
316a531d-e940-49a3-85eb-4c5d76449f16,closed_captioning,595,39,5,183,59,0,58,0,0,,5,8,10,0,,124,127,0,194,165,22.1176513671875,3,2026-02-25T09:07:01.861289
992f5fbd-55c0-4944-acd6-17365ea2632c,closed_captioning,981,121,1,223,136,0,28,0,0,,3,11,29,0,,110,142,0,143,67,50.693977864583331,2,2026-02-25T00:25:35.574410
accc8e7a-e592-4020-9cda-05a6fb5e0bba,closed_captioning,502,85,2,145,103,0,37,0,0,,8,8,11,11,,37,69,0,61,29,22.418229166666666,2,2026-02-24T23:58:30.732675
ebc59a28-362b-47af-89c2-c486cbe5e31d,closed_captioning,1003,122,7,242,119,0,62,0,0,,6,24,38,0,,103,178,0,125,70,50.598323567708334,2,2026-02-24T22:36:10.684382
284c0a13-929e-4ddc-82e5-9d72b7564be3,closed_captioning,510,72,5,97,55,0,14,0,0,,5,14,8,15,,66,89,0,119,70,22.417533365885415,2,2026-02-24T22:27:09.250885
1a5e5c08-78ae-4f24-92a5-222253a3dde2,closed_captioning,1102,117,9,286,125,0,33,0,0,,10,32,21,0,,177,260,0,137,114,51.250089518229167,2,2026-02-24T21:15:37.717201
e3f4e63e-7502-4888-87e5-38a5b1262855,closed_captioning,800,87,3,232,76,0,45,0,0,,120,22,36,148,,139,184,0,171,76,48.75,3,2026-02-24T16:23:26.948858
8562ebc0-db4a-454d-b8c6-8cf8b53bdf78,closed_captioning,1123,136,2,281,132,0,39,0,0,,6,19,31,0,,138,237,0,178,101,49.903743489583334,2,2026-02-24T10:26:22.753755
6097b401-d546-4f64-ae38-c9d544ad724b,closed_captioning,1103,124,3,263,136,0,14,0,0,,18,26,29,0,,141,212,0,156,90,50.85469156901042,2,2026-02-24T05:41:09.587178
31cfd24b-af56-4c31-aa39-891a5502213f,closed_captioning,506,59,14,107,39,0,7,0,0,,7,10,27,0,,51,92,0,72,68,22.55,3,2026-02-23T16:03:18.751639
7693e7e9-9115-4e38-b3ae-c8ecc126fbaf,closed_captioning,789,105,9,150,58,0,117,0,0,,80,30,292,0,,85,158,0,151,62,43.183418782552081,3,2026-02-23T13:17:28.974047
c4f2cb16-9a86-45a1-964c-76243d96dd38,closed_captioning,1576,179,8,377,156,0,111,11,2,,94,38,57,65,,184,323,0,350,146,84.666805013020834,2,2026-02-21T19:34:24.016711
183d794c-5ee3-4070-8e0b-e6af32d563bd,closed_captioning,1034,140,12,253,135,0,51,0,0,,18,13,39,0,,152,180,0,235,125,43.419071451822916,3,2026-02-21T19:30:07.781903
44b930d7-d219-420c-82e5-7b09542174b7,closed_captioning,1049,88,16,207,108,0,125,0,0,,12,17,34,0,,154,218,0,116,162,42.334513346354164,3,2026-02-21T17:53:39.072357
b2486f69-3470-4dbc-8b1f-af911d9c8e15,closed_captioning,1034,124,7,268,128,0,15,0,0,,11,32,42,0,,148,220,0,147,80,50.543269856770834,2,2026-02-21T11:14:14.532859
531b6375-73b3-4b8a-8f22-81a0c09e2044,closed_captioning,529,44,1,99,20,0,17,1,0,,3,7,17,27,,53,93,0,114,49,22.1176513671875,2,2026-02-21T06:07:58.198612
454b6f09-cab4-412a-b602-5dda288b60d0,closed_captioning,1012,154,17,306,155,0,40,0,0,,60,46,20,0,,214,322,0,139,147,42.335347493489586,3,2026-02-21T04:35:51.909093
6ce7d8c1-98e2-4e30-adeb-2b0ec87950d4,closed_captioning,554,37,1,133,20,0,14,0,0,,11,22,10,12,,79,123,0,176,137,22.418229166666666,2,2026-02-21T01:40:55.882029
8c01cd40-f21e-4c4e-b67a-97da537b7dcc,closed_captioning,275,40,1,50,32,0,21,0,0,,60,15,7,27,,34,38,0,17,11,22.122100830078125,2,2026-02-20T22:22:37.365059
6030a660-7c6e-4372-8846-d1fffcefbd9f,closed_captioning,1046,212,33,232,149,0,10,0,0,,4,13,20,0,,163,189,0,257,149,49.27589518229167,2,2026-02-20T14:33:42.753689
d1dae52d-71c4-4e6e-92cd-34e20284f3b4,closed_captioning,1532,213,6,409,184,0,95,1,0,,17,51,38,0,,276,390,0,209,99,64.000048828125,3,2026-02-20T11:57:38.737368
d242a81f-b11b-4884-b3bb-cb13b0ef338d,closed_captioning,1038,122,2,305,163,0,11,0,0,,4,22,32,0,,157,250,0,190,106,50.538822428385416,2,2026-02-20T09:42:44.517120
fc7b2319-0826-417c-bd33-7a0244bd22fe,closed_captioning,1008,144,2,231,116,0,40,0,0,,5,14,24,0,,99,173,0,137,82,50.776281738281249,2,2026-02-20T08:42:51.184530
886e1db0-a5f2-4513-b93b-39f29d92515f,closed_captioning,1006,139,6,241,129,0,49,0,0,,15,22,34,0,,104,181,0,140,87,51.3468505859375,2,2026-02-20T06:13:54.424064
2b0c4850-0902-4976-8062-bcf757fdd0f5,closed_captioning,967,131,8,231,118,0,150,4,4,,9,18,42,0,,158,198,0,215,161,43.877860514322919,3,2026-02-20T03:17:32.046839
a26e5f29-3392-40be-a0a0-722e574e9432,closed_captioning,1980,211,6,491,182,0,199,1,0,,42,51,40,0,,243,396,0,226,137,85.251139322916671,3,2026-02-20T02:00:18.809767
e8dc841b-1af7-4c97-880f-2e38004520ed,closed_captioning,1208,172,28,307,171,0,26,0,0,,17,32,39,0,,218,288,0,299,236,42.833902994791664,3,2026-02-19T22:19:06.175917
38973b81-4ed6-46fd-88b5-b3dc5415d6c3,closed_captioning,797,91,0,212,61,0,22,0,0,,106,32,27,131,,115,184,0,159,62,48.75,3,2026-02-18T13:16:55.783252
0fff7788-cda8-421c-81bd-c61c3a38edb9,closed_captioning,1075,124,4,218,68,0,51,0,0,,20,27,28,0,,119,161,0,297,149,44.234468587239583,3,2026-02-18T08:30:43.825042
143b7488-fcd2-4636-a62b-d5a1e128efb9,closed_captioning,303,35,2,53,34,0,14,0,0,,54,12,4,33,,39,35,0,9,9,22.122100830078125,3,2026-02-18T06:06:56.800089
ec68281f-8b40-433f-a9f9-6730b9173fd4,closed_captioning,856,106,7,314,110,0,44,0,0,,164,45,26,0,,226,294,1,128,182,43.173685709635414,3,2026-02-18T02:15:17.301851
c5c0eff3-cf7c-43cb-8d88-d8c792e06f2b,closed_captioning,626,72,5,229,69,0,52,0,0,,19,28,15,0,,178,226,0,280,203,22.1176513671875,3,2026-02-18T01:45:46.370273
2b4e2bd5-0026-408f-a8e8-ed2bb59d4b53,closed_captioning,652,114,12,151,77,0,29,0,0,,19,15,27,0,,135,90,0,25,9,42.184505208333334,1,2026-02-14T17:15:13.469711
200e423f-52a2-4794-8bf1-f7d174d7404e,closed_captioning,515,50,7,122,58,0,40,0,0,,4,5,4,23,,65,85,0,89,55,22.1176513671875,2,2026-02-14T12:57:31.028466
d7480784-f8d8-4ed6-aace-9b5cfe91e768,closed_captioning,574,75,5,144,82,0,41,0,0,,1,9,8,14,,79,96,0,133,78,22.1176513671875,2,2026-02-14T12:45:31.345198
7dfc641c-250a-4324-b5fc-65d2c8173466,closed_captioning,562,75,5,138,89,0,14,0,0,,82,10,13,0,,135,104,0,22,3,42.184505208333334,1,2026-02-14T12:39:22.422991
0b455f12-2d90-4c90-b387-abecba7e07a9,closed_captioning,1196,97,3,354,183,0,8,0,0,,5,20,18,0,,137,170,0,246,153,49.54949951171875,2,2026-02-14T04:30:22.975413
0e384bb8-480e-435b-a103-b74c85baa383,closed_captioning,1009,142,6,274,116,0,44,0,0,,83,58,27,0,,166,302,0,131,127,42.335347493489586,3,2026-02-14T03:21:45.957782
ee76509a-52bd-4921-ad1b-46858a175c98,closed_captioning,967,149,8,236,146,0,21,0,0,,22,12,32,0,,147,224,0,138,116,42.334513346354164,3,2026-02-14T03:20:06.445166
617fb93b-2d91-42fe-b205-528ecb39bf0a,closed_captioning,1189,105,7,383,201,0,6,0,0,,1,7,15,0,,104,139,0,236,122,49.570076497395831,2,2026-02-13T19:41:51.174845
4ab56a1f-561e-46b2-a59f-28aab11a9d48,closed_captioning,600,85,5,170,101,0,47,1,0,,178,16,29,0,,99,148,0,66,21,42.258882649739583,1,2026-02-13T19:20:33.880765
0512a3de-e808-4edb-834b-8e1dc65a58b6,closed_captioning,2126,280,34,461,263,0,117,0,0,,21,50,51,0,,373,408,0,374,290,87.819401041666666,3,2026-02-13T18:14:37.553829
a2bc223d-bee5-4439-a198-5d0db154209e,closed_captioning,1227,104,6,351,190,0,24,0,0,,12,26,17,0,,114,160,0,242,159,49.800305175781247,2,2026-02-13T04:13:55.542558
ce13749b-5595-4fae-b414-fe4c2d966343,closed_captioning,1190,94,8,354,225,0,7,0,0,,8,17,26,0,,102,156,0,257,152,49.8620361328125,2,2026-02-13T03:19:57.176403
98925d9d-1a9a-4b7a-86fc-c3677844e432,closed_captioning,1127,166,12,365,226,0,53,0,0,,10,17,12,0,,237,255,0,238,145,50.5866455078125,3,2026-02-13T00:24:42.667186
0d560476-e8ba-41f5-8c2b-a580817f626e,closed_captioning,844,99,6,290,102,0,229,0,0,,112,36,26,0,,255,297,0,106,204,41.541499837239584,3,2026-02-12T22:42:07.203379
0cc26531-5252-4ab4-9af1-7b90ddfeedde,closed_captioning,1129,179,4,220,109,0,38,0,0,,4,6,11,0,,111,202,0,214,85,49.745251464843747,2,2026-02-12T22:00:45.162885
5701e3ea-8207-4cdd-89f2-cf1d2652fb17,closed_captioning,1195,98,0,231,90,0,71,0,0,,16,36,34,0,,104,216,0,234,158,43.783740234375,3,2026-02-12T17:06:57.908331
447fcf12-f247-4044-8088-6b35bf5020b4,closed_captioning,515,55,0,110,93,0,18,0,0,,87,19,25,291,,31,58,0,17,5,70.19599609375,1,2026-02-12T04:06:37.113334
5afafeb1-8774-4b7c-89bd-2cae99cbc634,closed_captioning,535,79,6,150,73,0,48,7,1,,12,14,7,9,,70,112,0,176,115,22.418229166666666,2,2026-02-12T03:37:05.521697
28d970bf-8994-4338-8c6b-fb9d93c7f135,closed_captioning,424,56,3,66,48,0,0,0,0,,6,1,9,310,,15,39,0,1,2,54.256001790364586,1,2026-02-12T02:53:59.537528
a41cbf48-86bb-40b1-97cb-70219adcd735,closed_captioning,465,59,1,99,55,0,1,1,0,,7,5,8,355,,28,46,0,1,0,55.310001627604166,1,2026-02-12T00:52:29.144836
e330c38d-5371-4883-973b-e67e50491b29,closed_captioning,403,60,2,63,31,0,0,1,0,,6,4,34,354,,9,16,0,1,0,54.7566650390625,1,2026-02-11T22:01:27.170551
ed293d2e-2600-4b89-a547-2e2e7a3ca061,closed_captioning,391,47,2,34,25,0,12,0,0,,8,5,9,304,,35,42,0,1,1,53.47666829427083,1,2026-02-11T21:25:16.613151
56a535f9-3b7c-4986-b99a-78d692d52928,closed_captioning,478,62,4,64,51,0,7,1,0,,8,6,9,345,,31,44,0,1,0,54.822668457031249,1,2026-02-11T21:13:26.778967
da8ef78d-91e3-403c-84e0-e6f4179c050b,closed_captioning,478,30,0,41,11,0,2,1,0,,200,212,82,139,,19,27,0,1,0,55.288000488281249,1,2026-02-11T20:32:55.989599
98d251a2-017e-46f2-afed-2060150b0c35,closed_captioning,1145,133,6,327,102,0,95,0,0,,286,52,43,0,,236,362,0,142,111,85.75094401041666,3,2026-02-11T07:02:01.255756
1f76b7c2-cca1-4812-9826-1ebee25a452a,closed_captioning,517,80,1,153,86,0,42,0,0,,1,16,4,0,,110,66,0,118,39,22.4363037109375,2,2026-02-11T05:47:38.644045
a85cb940-9f7f-4d18-afd8-527f7b5ba246,closed_captioning,210,27,0,32,11,0,9,1,0,,57,14,2,31,,24,22,0,18,6,22.188832600911457,2,2026-02-11T00:54:11.417000
89faa751-1a09-476e-988f-1ec085e58685,closed_captioning,565,76,7,140,90,0,14,0,0,,5,4,12,24,,55,97,0,149,79,22.418229166666666,2,2026-02-11T00:53:09.172980
420d0684-eb79-4d17-9b14-2ce3b8f7481e,closed_captioning,770,60,1,200,94,0,66,0,0,,18,10,26,0,,88,143,0,132,11,42.225516764322919,2,2026-02-10T23:29:02.145075
ddda20b3-4624-4366-a867-822ed56c5d7c,closed_captioning,455,46,0,90,37,0,51,1,1,,1,14,10,83,,69,64,0,54,32,21.404715983072915,2,2026-02-10T21:52:50.355378
5e0d06cb-2ea1-470f-8275-c0d4aad0c864,closed_captioning,624,126,5,121,77,0,44,0,0,,6,3,43,0,,95,58,0,10,3,42.184505208333334,1,2026-02-10T21:08:18.450754
e195c84b-4a1f-4d37-ad2e-cde2955946fa,closed_captioning,551,85,7,84,47,0,0,0,0,,5,4,4,0,,65,79,0,77,52,21.939973958333333,2,2026-02-10T14:25:23.528904
aa46aa9a-910f-4623-8389-7033578b414c,closed_captioning,1975,277,20,452,194,0,43,0,0,,37,64,52,0,,260,493,0,267,140,85.251139322916671,3,2026-02-10T10:18:05.864204
90451aba-11c7-4fa4-955f-2873415cbd0d,closed_captioning,1556,183,5,419,142,0,45,0,0,,33,58,37,0,,220,408,0,282,201,64.000740559895831,3,2026-02-10T10:11:58.183079
5fb2805d-b896-4ba6-9fee-09a0ad245b52,closed_captioning,1954,240,15,471,173,0,56,0,0,,31,68,52,0,,276,471,0,346,226,85.083610026041669,3,2026-02-10T08:48:04.086932
e01ff024-a8d8-4dbc-9ee7-42c2b479bbdc,closed_captioning,985,149,5,204,82,0,25,0,0,,11,36,20,0,,169,259,0,117,60,42.750345865885414,3,2026-02-10T05:02:10.934589
535b7df3-9036-4434-ae70-18e0b72a4822,closed_captioning,553,46,1,152,64,0,23,0,0,,5,13,11,22,,78,103,1,134,79,22.1176513671875,2,2026-02-10T01:40:35.665508
22e55234-3895-4fc3-a0d0-5c7eebb21630,closed_captioning,763,130,7,121,65,0,8,0,0,,37,12,25,0,,87,108,0,108,38,43.18550211588542,2,2026-02-09T23:54:35.103388
8c265c95-7763-427b-b8a3-9cf312a66fb9,closed_captioning,546,46,6,185,73,0,6,0,0,,8,24,15,0,,133,181,0,109,135,21.629386393229165,2,2026-02-09T20:02:07.713662
f5afedbc-48a9-42c6-a11d-f8a3ea8d97ea,closed_captioning,239,20,2,36,18,0,28,0,0,,53,21,10,31,,18,17,0,10,8,22.122100830078125,2,2026-02-09T17:45:40.037637
224e316e-03b7-4d8d-b0ed-6e157fbf58ce,closed_captioning,508,82,9,112,72,0,5,0,0,,6,19,13,0,,97,131,0,97,69,22.585062662760418,3,2026-02-09T15:39:51.730891
24e04e48-22f8-471f-96a6-11d9016802a0,closed_captioning,910,126,4,292,109,0,48,0,0,,106,22,21,0,,199,259,0,161,121,44.41798502604167,3,2026-02-09T13:53:44.750311
1f8ee3fa-a2df-47ae-86e5-728defd5b087,closed_captioning,791,81,0,191,119,0,13,0,0,,14,3,10,0,,82,99,0,72,7,42.201883951822914,1,2026-02-07T10:24:13.668788
fcc9e925-d324-4bec-ac5b-9536746daa22,closed_captioning,1093,132,5,226,86,0,149,5,0,,15,14,21,0,,126,200,0,231,146,44.234468587239583,3,2026-02-07T06:36:53.234376
26798ed0-f1d4-4cc7-b218-a023bfd1b0e0,closed_captioning,983,122,1,256,92,0,69,0,0,,65,49,17,5,,191,302,0,107,129,42.335347493489586,3,2026-02-07T04:25:35.734338
3822a708-d722-443e-8111-c251fb4e2980,closed_captioning,858,105,5,234,100,0,84,0,0,,169,37,27,0,,186,174,0,120,149,43.419071451822916,3,2026-02-07T01:32:48.726570
bba31850-7506-4e1d-83c2-97da01d172f7,closed_captioning,508,69,2,123,51,0,77,0,0,,3,8,17,28,,41,84,0,84,44,22.1176513671875,2,2026-02-07T01:25:23.201575
76b23e07-74af-420e-a308-c7bbdcdf440a,closed_captioning,520,53,1,131,35,0,15,0,0,,4,21,13,4,,61,125,0,149,75,22.418229166666666,2,2026-02-06T18:28:34.921640
2a422f0b-73c9-4bb5-97a4-69eb2618f190,closed_captioning,1024,155,11,238,126,0,22,0,0,,9,18,21,0,,183,213,0,104,118,42.334513346354164,3,2026-02-06T00:36:11.761411
38168d9f-2906-4dc1-b16f-2dd537dacaad,closed_captioning,447,62,0,88,53,0,41,0,0,,1,1,8,0,,53,71,0,3,0,21.621600341796874,1,2026-02-05T20:16:21.322965
3c427262-74fe-4746-ad5c-be588aabc162,closed_captioning,283,20,2,43,32,0,11,0,0,,43,10,8,37,,28,20,0,13,3,22.122100830078125,2,2026-02-05T04:17:08.132318
f1d19c9e-4e7f-4e0b-8142-2a1137158bd7,closed_captioning,420,56,3,84,63,0,7,0,0,,0,0,7,0,,66,54,0,29,8,24.516853841145835,2,2026-02-04T20:03:01.683093
343d5afc-f8ac-48a0-8119-2b47a195b8b9,closed_captioning,404,64,3,96,75,0,6,0,0,,2,10,18,0,,73,72,0,68,13,24.516853841145835,2,2026-02-04T19:30:20.179207
5e13a3c4-16f7-4154-b1c6-e53cbb69eb2b,closed_captioning,546,77,9,151,92,0,3,0,0,,7,19,10,0,,89,140,0,95,68,22.55,3,2026-02-04T18:58:56.084692
8603a9e5-120a-490b-9a49-eb101562f6f1,closed_captioning,603,72,0,197,64,0,42,0,0,,3,14,11,0,,127,162,0,208,129,22.1176513671875,3,2026-02-04T09:02:50.732416
9bfff39f-97c0-4030-b935-4bf5b0e7451f,closed_captioning,542,65,2,124,42,0,55,8,0,,12,18,21,0,,77,136,0,107,101,22.117234293619791,2,2026-02-04T02:40:46.870521
2e424a1b-3660-446b-9ac4-3914d9be69a4,closed_captioning,828,101,2,241,79,0,288,0,0,,114,33,19,0,,193,270,0,85,126,41.541499837239584,3,2026-02-04T02:24:19.050838
9293f5b5-0518-457f-a66f-003d5c568d0f,closed_captioning,712,71,4,191,179,0,61,1,0,,3,9,19,211,,33,85,0,46,2,48.56666666666667,1,2026-02-04T00:34:01.762548
dc093743-9c2f-4d6e-9c70-8d92f902c916,closed_captioning,425,29,2,108,72,0,5,0,0,,9,13,6,0,,69,59,0,47,19,24.516853841145835,1,2026-02-03T23:50:19.471897
51b7b999-189e-41fd-b916-6347c1da0828,closed_captioning,760,89,4,206,58,0,45,1,1,,209,32,27,126,,79,152,0,153,59,48.75,3,2026-02-03T12:42:28.842990
f3c6e1f3-4f9d-4451-8d4a-f85dc2e89e6a,closed_captioning,384,61,3,81,61,0,5,0,0,,1,7,8,0,,60,45,0,48,7,24.516853841145835,2,2026-02-03T04:07:03.393703
27c01a70-733d-43c3-97de-cd112e938fe0,closed_captioning,787,105,3,223,140,0,33,0,0,,18,24,25,0,,219,195,0,105,70,42.31796875,3,2026-02-03T04:06:47.769680
26774cf2-800e-4a9e-ba26-6f046e7a3c4f,closed_captioning,419,76,5,71,50,0,4,0,0,,2,8,15,0,,51,57,0,57,7,24.516853841145835,2,2026-02-03T03:02:56.631464
e7bdce5a-5be1-49d8-b8f2-c18eac3ff30f,closed_captioning,823,138,8,241,130,0,84,0,0,,14,18,24,0,,241,197,0,121,70,42.31796875,3,2026-02-03T02:47:54.140946
76ef9ea5-cce3-4b7a-984b-65f95c8cb77c,closed_captioning,818,104,5,212,120,0,7,0,0,,4,22,29,0,,111,145,0,79,35,42.31796875,3,2026-02-03T02:37:30.399686
46bce028-fa57-4ff1-b975-258b3ae934c9,closed_captioning,744,101,3,191,124,0,36,0,0,,1,15,24,0,,131,151,0,58,30,42.31796875,3,2026-02-03T02:17:46.341044
f83b6591-7dde-44ac-bfdb-593dafd7078a,closed_captioning,797,156,9,205,102,0,56,0,0,,14,12,29,0,,185,173,0,130,71,42.31796875,3,2026-02-03T01:31:07.485544
f3923b69-d8b2-45a3-9814-6eb48b39b68d,closed_captioning,1117,135,4,261,95,0,14,0,0,,8,17,29,0,,194,251,0,256,180,42.833902994791664,3,2026-02-02T22:39:07.206667
728ae4c8-7589-445f-98b0-9961e51cfbf4,closed_captioning,800,98,4,165,123,0,61,0,0,,5,6,32,0,,136,121,0,69,50,42.31866455078125,3,2026-02-02T17:45:04.675598
e88a1696-4e6c-4daf-b58f-2b8c5c442829,closed_captioning,800,143,10,226,112,0,107,0,0,,10,20,34,0,,227,165,0,82,71,42.31796875,3,2026-02-02T16:01:23.165230
ac83ed20-b819-4123-8b8b-790cc16b8123,closed_captioning,769,86,4,120,63,0,14,0,0,,55,20,30,0,,86,113,0,97,56,43.191064453125,2,2026-02-02T12:39:25.443483
58b472d4-e280-4e1a-b52c-d43ea56233bd,closed_captioning,505,40,2,121,48,0,7,0,0,,1,10,12,82,,72,108,0,102,54,28.37933349609375,2,2026-02-01T21:28:58.088761
60f398e3-4d7a-4933-9a3a-b1602d494fb8,closed_captioning,471,46,8,132,58,0,21,0,0,,2,1,6,106,,120,143,0,84,98,29.353999837239584,2,2026-02-01T21:28:57.094566
415131fb-732f-47f8-9055-a8a4bda2e883,closed_captioning,541,83,4,176,85,0,22,1,0,,4,7,10,85,,92,119,0,76,86,28.513334147135417,2,2026-02-01T21:28:56.692819
ab67db98-61fb-4e83-bbb1-0c14719fe85c,closed_captioning,759,110,3,139,76,0,9,1,0,,15,29,31,67,,87,154,0,137,31,43.335652669270836,2,2026-02-01T21:27:20.914362
0551bdb5-3463-42fd-aece-5405c3ebe208,closed_captioning,524,61,0,102,38,0,7,0,0,,5,5,15,67,,51,99,0,131,58,22.1677001953125,2,2026-01-31T10:09:06.852958
b6824029-bec4-4c32-91cb-0f110604256f,closed_captioning,414,72,1,85,64,0,4,0,0,,1,9,12,0,,57,59,0,96,21,24.516853841145835,2,2026-01-31T09:14:03.767296
537ef33e-e06a-4c45-85d4-e56089da4d3a,closed_captioning,460,61,2,126,93,0,25,0,0,,4,16,12,0,,123,110,0,62,29,24.516853841145835,1,2026-01-31T06:39:56.942740
449a0bf9-c55a-474a-9f41-6adc6951fb7f,closed_captioning,961,46,11,221,116,0,58,0,0,,24,27,431,0,,124,168,0,88,139,42.334513346354164,2,2026-01-31T01:04:22.081271
226f032c-c16e-415c-b753-87b2aed83774,closed_captioning,559,54,8,168,70,0,40,2,0,,1,9,10,27,,80,98,0,151,105,22.1176513671875,2,2026-01-31T00:38:54.759746
1ed00d68-5558-4ede-b03c-77344697592d,closed_captioning,788,37,4,207,78,0,81,0,0,,182,46,308,0,,147,170,0,63,118,43.419071451822916,3,2026-01-30T23:24:50.114545
5cc02c46-4dc6-4eeb-b948-c2961ff8aa72,closed_captioning,909,127,4,213,106,0,22,1,0,,4,17,30,166,,127,154,0,219,74,42.18333333333333,3,2026-01-30T22:52:57.001139
8aff34e9-9d7c-4c7e-ab4f-032d705ba3d9,closed_captioning,438,59,6,111,81,0,4,0,0,,3,4,13,3,,57,62,0,62,10,24.516158040364584,2,2026-01-30T20:44:26.816644
5420970a-91c8-4d70-883d-d9badd44228d,closed_captioning,482,81,0,88,40,0,38,1,1,,53,2,6,14,,39,79,0,153,51,22.083333333333332,2,2026-01-30T20:01:52.182102
319f2619-8c91-4d82-8175-d57050c07511,closed_captioning,453,63,7,114,92,0,5,0,0,,5,6,16,3,,79,70,0,62,21,24.516853841145835,1,2026-01-30T19:18:35.236237
07a7e3ec-e832-4e5a-abc2-942074142896,closed_captioning,551,57,1,121,47,0,7,0,0,,4,20,10,17,,65,115,0,126,59,22.417533365885415,2,2026-01-30T02:13:36.612187
66d0cd26-cf9f-4a72-a65b-0af787689eb3,closed_captioning,767,83,2,209,126,0,56,0,0,,27,12,29,0,,120,120,0,90,16,42.20118815104167,2,2026-01-30T01:45:02.965801
ddb5ac79-8fac-4f97-ad30-f11015e4d984,closed_captioning,561,90,9,102,41,0,11,0,0,,14,10,11,0,,46,80,0,162,88,22.418229166666666,2,2026-01-30T00:47:17.873019
ce4d9796-f6e0-4858-a88f-a1bfbc77a944,closed_captioning,443,81,5,103,82,0,7,0,0,,0,5,15,0,,87,94,0,84,15,24.516853841145835,2,2026-01-30T00:42:21.352664
120e2018-6542-4f69-9340-188327631e3c,closed_captioning,786,97,5,192,147,0,24,0,0,,5,8,270,0,,152,154,0,56,45,42.31796875,3,2026-01-30T00:16:45.932345
0d93ec11-a4ec-495f-abbf-0187189e19e3,closed_captioning,772,129,8,146,84,0,36,0,0,,37,24,377,0,,79,129,0,76,68,43.250150553385417,2,2026-01-29T17:12:19.670161
e4c0d62d-ff03-4e83-8e2f-1c842210eb90,closed_captioning,1319,144,10,367,178,0,275,0,0,,267,69,441,0,,203,300,0,218,128,91.220987955729171,3,2026-01-29T13:38:18.649663
5d4062b4-9e35-4d1f-931a-d3fd67520ea7,closed_captioning,568,110,6,108,71,0,13,0,0,,2,3,8,0,,59,98,0,76,34,23.607611083984374,2,2026-01-29T05:58:41.152925
de708de0-f6df-465c-ac12-0215e9befff9,closed_captioning,593,110,9,131,66,0,27,0,0,,2,10,10,0,,63,106,0,129,83,22.418229166666666,2,2026-01-29T03:53:54.776100
01fb6f4b-798c-46b1-9b38-e2d9fc084f15,closed_captioning,941,142,1,180,54,0,70,0,0,,18,20,41,0,,89,209,0,124,104,40.91754150390625,3,2026-01-29T00:35:41.681729
90894c20-d0de-4e16-a6bc-e560d3ae9be7,closed_captioning,546,79,2,118,46,0,29,0,0,,6,14,7,0,,56,131,0,77,50,23.574245198567709,2,2026-01-28T23:47:46.694493
d38d27b3-a19d-404a-99d4-553aacb72f91,closed_captioning,487,56,6,74,32,0,15,1,1,,0,2,12,92,,61,118,0,56,56,28.922666422526042,2,2026-01-28T21:05:55.919030
78f0229f-937f-40dc-a978-156eace8afcb,closed_captioning,470,42,5,65,22,0,7,1,0,,2,7,9,80,,51,76,0,60,58,28.470666503906251,2,2026-01-28T21:05:55.607574
932fa352-918c-4316-b87b-7f82a542f397,closed_captioning,588,83,5,189,107,0,39,1,0,,2,8,9,0,,87,115,0,109,79,22.418924967447918,2,2026-01-28T19:59:46.336023
b9f16f3f-2bde-4cf4-ab29-132c65f01c29,closed_captioning,983,114,2,195,76,0,92,0,0,,14,28,28,0,,113,203,1,112,76,42.750345865885414,3,2026-01-28T15:23:58.633062
34f09214-3ab6-4906-b0a1-cc1080140226,closed_captioning,572,107,3,96,33,0,51,0,0,,1,4,10,51,,33,69,0,131,53,22.1677001953125,2,2026-01-28T11:00:51.497209
e1139943-6551-400d-b8f1-ca3a6fd7ac92,closed_captioning,531,82,7,94,49,0,15,0,0,,11,8,10,0,,51,101,0,125,75,22.417533365885415,2,2026-01-28T10:27:24.913367
2a467b42-9894-46b1-81b4-52f26e5bf640,closed_captioning,654,61,3,232,95,0,42,0,0,,7,29,8,0,,134,163,0,164,145,22.418229166666666,2,2026-01-28T03:48:59.226079
9584ec67-4ada-405f-b9b6-1e422f0b9290,closed_captioning,965,132,4,311,131,0,69,0,0,,40,32,30,0,,140,226,0,215,105,43.85075276692708,3,2026-01-27T22:42:44.967645
1d83fd3a-83f1-4837-984a-ae4a4ceaa48d,closed_captioning,1101,143,4,265,90,0,18,0,0,,8,23,28,0,,191,289,0,206,133,42.841133626302081,3,2026-01-27T21:06:38.250093
ec4ed87e-44f9-4b2b-9543-2b2297749538,closed_captioning,572,79,12,134,66,0,18,0,0,,1,1,9,0,,83,130,0,105,55,22.434912109375,3,2026-01-27T19:23:35.385355
66c06ac1-494f-48a2-802c-0d8295fa78a8,closed_captioning,824,116,5,186,135,0,30,0,0,,7,15,32,0,,67,171,0,78,60,42.33400065104167,3,2026-01-27T18:34:11.952298
58ad65da-39be-4a1e-afbd-85c5786ecacb,closed_captioning,937,104,4,331,162,0,88,0,0,,18,48,40,0,,163,207,0,140,147,42.33400065104167,3,2026-01-27T18:27:25.797169
338b1a59-9633-451a-9994-3af4fdcb872a,closed_captioning,634,91,11,137,94,0,2,0,0,,0,6,32,0,,129,118,0,21,2,42.184505208333334,1,2026-01-26T17:37:13.421746
ff4f3c36-2354-43ef-9abc-e1030b5a820d,closed_captioning,550,59,0,133,46,0,13,0,0,,1,12,13,59,,81,103,0,80,65,28.032666015625,2,2026-01-26T17:37:13.239332
98226354-946f-4a7c-8569-9ff1883f137e,closed_captioning,479,83,3,127,49,0,13,1,0,,3,9,12,101,,64,78,0,88,59,29.403332519531251,2,2026-01-26T17:37:13.064187
f115d2d1-a40f-471e-bd23-042f2a095111,closed_captioning,492,58,2,94,26,0,34,0,0,,4,8,11,102,,49,102,0,69,31,28.517999267578126,2,2026-01-26T17:37:11.991603
38d34225-fbea-4f60-b84e-c825fbdc91cb,closed_captioning,759,74,2,202,68,0,27,0,0,,96,30,37,162,,89,166,0,168,50,48.75,3,2026-01-26T17:37:11.647966
768951bb-f321-4c89-9c89-90e8089fe33a,closed_captioning,789,112,3,197,87,0,30,0,0,,76,13,28,0,,104,176,0,128,52,43.834069824218751,3,2026-01-26T17:37:11.455292
1b1c22f5-c1de-4ec4-8f3b-ac652ed3065e,closed_captioning,1288,155,7,222,123,0,204,36,7,,19,12,29,575,,115,149,0,48,1,85.683333333333337,2,2026-01-26T00:35:07.228931
5ab1bcff-d80b-4849-a91c-7c7da749a0f8,closed_captioning,848,109,2,167,55,0,1,0,0,,28,13,37,0,,123,141,0,166,77,43.168819173177084,2,2026-01-25T00:17:12.393374
39f15a80-fd44-4470-bb85-7ad6d5744c84,closed_captioning,573,97,3,150,72,0,26,0,0,,2,10,9,26,,95,103,0,152,85,22.1176513671875,2,2026-01-24T16:08:25.015827
820a8d56-1715-4352-b995-2b4d511e56aa,closed_captioning,573,110,0,163,57,0,43,0,0,,2,8,5,14,,76,145,0,139,103,22.1176513671875,2,2026-01-24T03:28:44.463787
bcd3971f-31fd-4976-ac88-d78702d2f93b,closed_captioning,969,161,2,168,52,0,70,1,0,,14,25,25,10,,84,160,0,258,101,43.750374348958331,2,2026-01-24T01:02:04.540062
3f69bc42-4ff3-4ba3-834c-d8be03c97b00,closed_captioning,868,109,9,203,82,0,28,0,0,,20,68,17,0,,127,165,0,148,73,45.740140787760417,3,2026-01-23T23:51:59.533664
42a9642a-916b-4d0f-b08a-f515989eec0f,closed_captioning,801,88,5,182,128,0,32,71,196,,1,1,21,0,,149,136,0,83,9,43.309236653645833,1,2026-01-23T23:19:55.793236
49bad511-7f2e-4826-8721-08db8b8f7151,closed_captioning,545,67,3,187,58,0,27,0,0,,7,9,8,0,,116,164,0,140,100,22.1176513671875,3,2026-01-23T21:28:27.627846
c2609779-e45f-4527-963a-fbd8e17d5c68,closed_captioning,1088,110,5,260,93,0,184,0,0,,24,40,444,0,,202,313,0,232,137,42.833902994791664,3,2026-01-23T18:26:08.280141
57cdb903-5e28-4398-811f-fff268079594,closed_captioning,1000,163,10,302,146,0,95,0,0,,10,12,23,0,,232,321,0,38,95,45.8508056640625,3,2026-01-23T18:22:31.417387
e58505ab-1d65-447f-b8f3-a296cc44bff1,closed_captioning,1074,107,10,362,120,0,78,1,0,,41,42,30,0,,211,274,0,221,238,43.85075276692708,3,2026-01-23T16:53:24.893623
7dc6973c-3df6-4e3f-991c-1ca2d080e081,closed_captioning,1062,120,7,245,118,0,108,0,0,,18,21,39,0,,142,236,0,105,123,42.334513346354164,2,2026-01-22T21:49:51.870124
5579f95d-8310-403b-8067-aa260c9084ef,closed_captioning,916,139,11,176,110,0,19,1,1,,6,24,35,139,,116,186,0,99,104,42.583650716145833,2,2026-01-22T17:59:00.433416
dee5f7e0-9a73-433a-9414-9789201d80db,closed_captioning,1076,123,9,231,94,0,32,0,0,,31,24,25,0,,137,189,2,150,160,42.418070475260414,3,2026-01-22T17:57:19.575575
4faff741-6531-4e85-a5b3-f0ec241c55b7,closed_captioning,551,82,9,103,64,0,0,0,0,,6,6,276,1,,63,90,0,50,57,22.251674397786459,2,2026-01-22T17:23:55.378135
8a1732ff-ef7c-46a1-bc35-4f7b3847acdc,closed_captioning,977,125,12,339,119,0,31,0,0,,12,21,42,1,,152,150,0,187,136,43.419071451822916,3,2026-01-21T15:07:54.191769
bc260420-d9f3-4125-9216-4481c3171612,closed_captioning,268,31,3,25,9,0,13,0,0,,80,8,5,42,,30,33,0,13,7,22.122100830078125,2,2026-01-21T14:16:57.260811
38f692cc-a01c-4ac0-be07-e8938e196331,closed_captioning,732,87,20,141,85,0,30,2,0,,23,13,15,271,,164,67,0,51,18,42.76716715494792,2,2026-01-21T12:41:10.909335
0e454d7b-e8ee-4d66-b0b4-28703c42c6c4,closed_captioning,551,57,1,164,81,0,16,3,3,,5,6,13,4,,52,122,0,135,76,22.418229166666666,2,2026-01-21T12:17:32.682987
fb581297-b4f6-47ea-86d6-950cfa768321,closed_captioning,1040,141,6,295,157,0,77,0,0,,19,25,25,0,,183,180,0,148,151,43.419071451822916,2,2026-01-20T22:13:49.447992
05373564-e601-4e81-897c-4e264d799eef,closed_captioning,457,64,6,163,88,0,21,0,0,,2,5,19,75,,118,121,0,65,73,26.216666666666665,2,2026-01-20T22:13:49.004214
6b3503ff-ae27-4c57-b25f-0e3e5a711512,closed_captioning,966,170,9,217,84,0,84,0,0,,44,16,15,11,,124,229,0,126,72,42.9184326171875,3,2026-01-20T22:13:48.629813
0e656692-61bc-42f5-a5b2-a7b791821761,closed_captioning,688,91,1,190,187,0,56,0,0,,60,3,16,0,,99,136,0,61,8,42.185892740885414,2,2026-01-20T22:13:48.045084
c5fe6bc5-d64a-4cc8-b973-cb22fe29d17b,closed_captioning,602,102,1,157,108,0,56,0,0,,110,4,29,0,,47,100,0,66,6,42.196321614583333,2,2026-01-20T22:13:47.855589
483ad326-7a34-4237-916a-c87c87536d70,closed_captioning,669,111,10,155,129,0,63,0,0,,93,1,22,0,,73,94,0,63,7,42.185892740885414,2,2026-01-20T22:13:47.662853
4367b37c-f6b0-4659-abb4-c8daef684700,closed_captioning,469,51,4,123,98,0,60,0,0,,346,4,15,0,,54,64,0,46,5,42.251932779947914,1,2026-01-20T22:02:27.194138
353781e3-189a-44ed-8b0f-b0a0ca1d2ed3,closed_captioning,543,82,3,137,92,0,47,0,0,,197,1,23,0,,69,103,0,45,3,42.251932779947914,2,2026-01-20T22:02:25.401633
15149b80-e218-4378-8487-a55806b08493,closed_captioning,873,125,6,211,73,0,71,0,0,,76,48,296,107,,104,191,0,156,53,48.75,3,2026-01-20T15:07:13.856225
4dae58b2-a38d-44e3-ae7b-095a264780bb,closed_captioning,522,80,1,114,50,0,25,0,0,,4,7,13,65,,34,76,0,134,52,22.1677001953125,2,2026-01-20T11:55:28.452535
56e888b3-a88e-445b-8b37-d36cf89f4a17,closed_captioning,578,90,8,126,62,0,33,0,0,,2,5,6,0,,110,142,0,81,63,22.434635416666666,3,2026-01-20T03:18:59.686958
0ac81c20-389e-456e-bffe-b22ebab00b4e,closed_captioning,761,39,6,179,120,0,34,2,0,,26,25,15,62,,215,147,0,25,32,42.30128580729167,2,2026-01-20T00:12:35.756276
c7d780a9-8600-413b-8549-8db8e753bcae,closed_captioning,231,24,0,34,18,0,18,0,0,,72,22,4,30,,35,31,0,21,12,22.122100830078125,2,2026-01-19T20:37:00.634178
4d52fb19-688b-44dd-a8dd-27cd0a21a096,closed_captioning,1061,181,22,128,65,0,32,0,0,,14,8,26,0,,96,154,0,236,110,44.234468587239583,2,2026-01-18T15:05:09.213767
f8fcace6-3bfd-4bc6-974d-db8a3bd8bc68,closed_captioning,780,39,11,116,51,0,11,0,0,,30,10,23,0,,60,82,0,48,35,42.66831868489583,2,2026-01-17T16:30:35.868739
3eae65e6-3db0-4b81-be0e-873784e0ece7,closed_captioning,1614,207,8,403,190,0,38,0,0,,20,36,47,203,,192,321,0,312,150,84.516666666666666,3,2026-01-17T04:12:35.396632
58de4d39-5c59-4f00-b470-b1f507c34f9e,closed_captioning,517,89,2,134,43,0,42,0,0,,5,6,5,13,,68,107,0,124,55,22.1176513671875,2,2026-01-17T02:44:36.026497
e4d9f6b6-5f73-44ff-9631-c304d6af005e,closed_captioning,543,54,2,194,119,0,28,0,0,,4,9,7,31,,112,142,0,105,96,22.1176513671875,2,2026-01-17T02:26:07.534534
a6b22251-b8fa-4803-bd97-26e6dcd1bafe,closed_captioning,1072,142,2,225,98,0,1,0,0,,9,15,33,0,,151,246,0,163,97,42.833902994791664,3,2026-01-17T01:53:19.348447
b0a2a3fb-dc93-4132-bf60-2f2897e46f0c,closed_captioning,1182,211,8,284,136,0,32,0,0,,18,33,22,0,,182,286,0,303,148,46.749479166666667,2,2026-01-17T00:19:04.007631
c69523ee-4909-4cfc-8f2f-4478b6a83289,closed_captioning,418,37,6,140,84,0,37,0,0,,2,6,14,56,,96,66,0,26,23,21.404715983072915,2,2026-01-16T20:53:05.413588
91d6c114-3ccf-4429-bf44-ba52fcee6c65,closed_captioning,1040,163,16,237,152,0,348,0,0,,41,15,27,0,,213,225,0,94,164,41.541499837239584,3,2026-01-16T15:37:18.080026
4784205e-6b53-4473-8600-bfaa4385ac3c,closed_captioning,965,99,9,230,144,0,11,0,0,,31,64,26,123,,188,264,0,137,142,42.583650716145833,3,2026-01-16T01:03:35.443011
e37326f4-5f57-4c58-9bbd-ea6d313d184a,closed_captioning,882,131,5,233,116,0,72,0,0,,17,36,70,9,,211,200,0,97,82,42.492451985677086,3,2026-01-16T00:56:52.491030
286a4531-31e8-41c2-ad26-2bb140986e2d,closed_captioning,837,113,3,230,101,0,42,0,0,,8,17,65,5,,203,155,0,103,88,42.492451985677086,3,2026-01-16T00:56:27.542656
6f80923d-fbaa-4c04-b34d-db4525805b56,closed_captioning,867,125,4,250,134,0,20,0,0,,5,17,31,5,,150,175,0,111,83,42.491337076822916,3,2026-01-15T23:41:58.483314
19495fbd-b9cd-47e9-9294-569b2967a0f8,closed_captioning,519,67,2,97,51,0,27,0,0,,3,4,8,0,,33,52,0,72,42,22.417533365885415,2,2026-01-15T22:51:12.377962
8d503f95-c1a1-4d6b-946e-6760a674fbab,closed_captioning,895,100,5,358,247,0,64,0,0,,23,25,33,78,,328,390,0,291,108,42.340665690104167,3,2026-01-15T21:30:12.867312
73df2cb7-2162-4498-a407-387d94bbd86a,closed_captioning,1034,130,8,284,161,0,132,0,0,,32,36,32,0,,193,204,0,138,161,43.783740234375,2,2026-01-15T18:20:48.671609
8b85ae3d-66f3-428d-96f9-0f82dab5308e,closed_captioning,874,93,2,183,63,0,42,0,0,,21,44,26,0,,106,157,0,163,65,43.501790364583336,3,2026-01-15T16:25:44.782602
d189e5a1-cc80-4a7c-bbf1-a3384e285dab,closed_captioning,573,73,1,122,105,0,18,0,0,,130,2,15,0,,52,125,0,53,1,41.886983235677086,1,2026-01-15T15:37:30.228303
bac83651-3b41-4ba8-b692-ce5d07667d1b,closed_captioning,795,119,3,230,87,0,99,0,0,,70,13,62,0,,203,251,0,156,80,43.834069824218751,3,2026-01-15T13:06:51.003476
c1e9dfb3-be6f-499b-9a32-29462c545030,closed_captioning,567,108,2,102,40,0,11,1,1,,6,7,17,106,,43,73,0,177,73,22.1677001953125,2,2026-01-15T06:02:56.475761
e44eb2df-adbe-4cf5-8391-6fd51e03396c,closed_captioning,1122,171,13,302,150,0,21,0,0,,20,22,22,0,,198,272,0,144,166,42.418766276041666,3,2026-01-15T05:17:47.808733
45e32acc-1c51-4f82-8a6f-005cf75d720f,closed_captioning,823,150,6,183,70,0,14,0,0,,6,22,27,6,,112,106,0,112,55,42.495231119791669,3,2026-01-15T00:14:28.275218
788ff10b-21aa-477d-ab94-e8634bff3aa8,closed_captioning,807,143,3,206,64,0,34,0,0,,8,21,110,8,,136,149,0,84,48,42.493562825520833,3,2026-01-14T21:00:53.608059
d0e6139a-7627-4fcc-9ce4-cb04026f8f47,closed_captioning,839,143,10,230,84,0,23,0,0,,7,14,31,6,,141,114,0,106,67,42.500236002604169,3,2026-01-14T20:05:53.790730
8a5115d0-621e-4186-a18d-a2cd3aaf513f,closed_captioning,909,148,3,173,99,0,49,14,0,,14,26,49,6,,99,125,0,103,68,42.5769775390625,3,2026-01-14T16:43:48.252716
d1237c6a-86eb-4826-ac26-deb28307a237,closed_captioning,763,83,7,238,149,0,37,1,0,,39,6,29,330,,174,86,0,51,18,42.76716715494792,2,2026-01-14T09:07:04.579358
b94b396e-325a-4c6f-aa9e-5f1a38b1d278,closed_captioning,850,101,6,250,170,0,22,0,0,,5,15,72,3,,208,228,0,116,91,42.495231119791669,3,2026-01-14T05:54:23.718217
96b556fb-3d9e-4d36-b8c8-b610daa3cfe4,closed_captioning,902,117,5,263,142,0,32,1,0,,13,31,17,7,,176,175,0,78,75,42.493005371093751,3,2026-01-14T05:41:26.670297
d3ee4993-ccd1-464d-9299-473978981c8d,closed_captioning,866,140,7,222,163,0,20,1,1,,4,8,34,5,,177,190,0,104,54,42.496341959635416,3,2026-01-14T05:39:32.675865
89c1de41-8b4d-4f78-a114-9e27f3d14491,closed_captioning,772,176,13,124,67,0,48,1,1,,6,9,27,9,,152,131,0,106,44,42.496341959635416,3,2026-01-14T05:09:15.680488
34083190-80a6-4f61-8bd2-da9ad0c0548d,closed_captioning,859,138,20,215,127,0,11,0,0,,9,23,315,7,,156,170,0,89,79,42.241642252604166,3,2026-01-14T04:47:38.127832
f29d8134-ed14-478d-a37c-e13838d1eee0,closed_captioning,881,152,7,220,80,0,21,0,0,,11,17,62,6,,208,196,0,164,80,42.49467366536458,3,2026-01-14T04:47:15.580889
e97b5b5e-160d-439a-826e-414815856f5e,closed_captioning,896,132,5,246,135,0,54,0,0,,50,26,28,7,,183,209,3,144,88,42.49467366536458,3,2026-01-14T04:35:26.500309
271c5a94-f3cf-44b6-bbf9-91e6faa9d4d9,closed_captioning,897,138,9,251,155,0,17,0,0,,2,18,24,5,,173,231,0,80,91,42.239420572916664,3,2026-01-14T04:32:07.066190
d4f1bdbd-89ed-44c7-8adf-ba4879b2b288,closed_captioning,442,84,10,98,48,0,64,10,9,,5,6,14,9,,94,98,0,120,54,21.251090494791665,2,2026-01-14T03:37:51.548299
e7c6be8c-f909-49dc-8e41-6b1822257b4e,closed_captioning,818,128,13,252,110,0,37,0,0,,7,27,76,5,,204,226,0,109,76,42.493005371093751,3,2026-01-14T03:20:07.735690
2ef489e7-ab13-48dd-a3e7-ac303e84b6be,closed_captioning,1529,274,9,431,202,0,151,0,0,,269,35,98,0,,273,458,1,262,173,87.750439453125,3,2026-01-13T20:18:01.658034
04de58af-ed2c-4aea-a41f-10ad1c6ee0cc,closed_captioning,509,87,6,116,61,0,4,0,0,,4,17,8,0,,85,125,0,94,68,22.585062662760418,3,2026-01-13T11:43:51.680216
dc57d577-a185-4f45-a0c9-acf37971f0ed,closed_captioning,274,37,0,28,7,0,14,3,0,,0,11,9,0,,16,32,0,35,7,21.417228190104165,2,2026-01-13T10:54:34.358843
d935f43c-c030-49d4-b66f-0458ee4feb31,closed_captioning,364,37,2,55,22,0,28,0,0,,0,2,9,0,,39,50,0,19,14,21.417228190104165,2,2026-01-13T08:53:03.434588
e44748f6-d4fd-473a-b037-d62109aedccf,closed_captioning,972,138,5,208,98,0,47,0,0,,21,17,37,0,,95,188,0,90,87,42.334513346354164,3,2026-01-13T04:47:59.862335
c795df53-a76b-4681-8e64-7c1ba39c8cfa,closed_captioning,589,86,7,170,59,0,13,0,0,,6,12,22,0,,128,156,0,235,162,22.1176513671875,3,2026-01-13T03:40:41.186994
ca00ab45-7c58-45a7-89f8-d2eda3cbc7e9,closed_captioning,774,93,3,148,54,0,14,0,0,,35,21,21,0,,87,149,0,78,51,43.250150553385417,3,2026-01-12T21:21:35.451074
3bf29d1c-3ad2-4cc7-a350-b02e36022e6d,closed_captioning,497,62,4,100,79,0,3,0,0,,2,2,244,0,,79,95,0,83,30,22.251674397786459,2,2026-01-12T13:48:21.455313
b5d7efbc-2a93-45c0-aba5-92e8f0132038,closed_captioning,471,43,8,82,50,0,4,0,0,,6,10,228,1,,78,92,0,62,46,22.251674397786459,2,2026-01-12T13:47:51.547848
34977048-4e99-4388-89cb-8cb6ce08120b,closed_captioning,969,143,9,305,141,0,148,0,0,,11,21,34,0,,283,322,0,82,89,44.850362141927086,3,2026-01-10T11:43:35.307455
b3cfedc6-671c-4c55-ae3e-270f56693993,closed_captioning,564,76,4,154,80,0,65,0,0,,2,2,12,27,,73,82,0,147,92,22.1176513671875,2,2026-01-10T03:31:37.149424
e83b0932-18f9-4491-9054-1528291d792b,closed_captioning,550,75,3,135,71,0,66,0,0,,2,6,12,22,,59,71,0,123,58,22.808341471354165,2,2026-01-10T03:13:55.482235
d467fc88-84d6-456e-a2e2-fa81e30f81cf,closed_captioning,590,53,1,244,90,0,25,0,0,,9,15,7,29,,123,129,0,188,173,22.118623860677083,2,2026-01-10T00:40:24.893827
b3ac9732-b02b-444d-8e07-e2f7c33a95a6,closed_captioning,912,118,1,187,85,0,8,1,0,,11,25,25,121,,103,139,0,190,96,42.18333333333333,3,2026-01-09T23:25:34.396374
6451162a-53e5-46e3-a84b-a2802b8e2f30,closed_captioning,840,114,4,169,120,0,24,2,0,,61,20,26,251,,101,169,0,73,15,43.31132405598958,3,2026-01-09T20:22:19.030461
1d495ce3-688b-46ad-ba9e-5b02c554136c,closed_captioning,636,77,7,200,99,0,5,0,0,,0,4,16,0,,132,85,0,19,2,42.184505208333334,1,2026-01-09T18:25:26.503366
5e452efe-2434-4675-a824-749e0706d79a,closed_captioning,990,175,8,295,194,0,57,0,0,,11,20,298,0,,311,316,0,47,82,44.850362141927086,3,2026-01-09T12:03:44.835712
c4690ceb-b53d-45c6-8160-28bc3341fb62,closed_captioning,545,83,7,115,62,0,15,1,1,,8,6,10,54,,57,88,0,157,65,22.1677001953125,2,2026-01-08T01:06:58.683206
0199a9d7-bbd0-49d9-af86-cad20a8388eb,closed_captioning,974,113,3,347,134,0,5,0,0,,19,38,264,1,,212,205,0,218,95,43.1896728515625,3,2026-01-07T16:57:59.251817
892ebbc1-72a3-4d16-bf26-8f5873d1c0ad,closed_captioning,1661,244,13,428,175,0,236,0,0,,177,49,142,0,,334,455,0,322,168,87.749886067708331,3,2026-01-06T21:16:36.829281
21f34aee-f25f-4604-9b65-77d73b4e4634,closed_captioning,1033,162,28,237,134,0,22,0,0,,18,24,18,0,,193,263,0,211,172,42.779960123697919,3,2026-01-06T19:40:22.603399
ab1a84c6-5dfc-4ebe-b06a-d20e8cd2481e,closed_captioning,563,52,6,120,44,0,38,0,0,,5,6,4,0,,92,151,0,52,68,22.434635416666666,3,2026-01-06T01:38:49.297337
347fd21d-6ef8-4c42-be18-a1a8c9da4b8b,closed_captioning,674,110,7,167,141,0,14,0,0,,6,12,17,0,,89,75,0,22,5,42.184505208333334,1,2026-01-06T00:35:01.289562
9eba4d6b-d9bb-485b-8e6d-f37d90a84e75,closed_captioning,722,106,5,159,112,0,143,0,0,,17,7,18,273,,88,75,0,51,12,42.76716715494792,3,2026-01-05T22:43:05.766649
8a656e39-13e2-42f3-bef3-751dbadb09fa,closed_captioning,1046,134,5,257,94,0,51,0,0,,13,22,21,0,,146,258,0,189,135,42.83445638020833,3,2026-01-05T22:42:00.462549
2eb9cd31-f0ae-4e39-a6f4-d0f60c12ab6e,closed_captioning,1063,152,4,239,90,0,61,0,0,,25,32,20,0,,140,293,0,209,125,42.750345865885414,3,2026-01-05T22:42:00.265572
b6aa5469-23a8-4853-bdb7-a2f87fa8f8fc,closed_captioning,998,105,2,202,73,0,16,0,0,,13,32,41,0,,167,235,0,198,133,42.8337646484375,3,2026-01-05T22:41:59.868958
0025d840-6b1f-4c76-abab-5145abf44cac,closed_captioning,1111,101,10,391,199,0,30,0,0,,8,21,24,0,,241,244,0,217,250,43.783740234375,3,2026-01-05T22:38:21.808227
f56ad2a0-73aa-4b4d-b799-ca4bff164bf5,closed_captioning,1068,125,2,327,153,0,16,0,0,,9,24,34,0,,149,162,0,174,183,43.783740234375,3,2026-01-05T22:38:21.363172
39510426-d072-4cc1-932f-db394a7af16e,closed_captioning,918,113,4,245,155,0,38,0,0,,10,17,33,0,,99,167,0,149,91,43.83476155598958,3,2026-01-05T22:38:21.149405
b04a0a2d-b9ca-4460-85e6-9b69436aa4e6,closed_captioning,933,137,10,191,60,0,20,0,0,,70,18,21,19,,104,220,0,167,81,42.9184326171875,3,2026-01-05T22:37:03.564156
c569f41b-8cca-493b-af91-b349e9e75f9a,closed_captioning,996,135,5,176,57,0,10,1,0,,10,25,14,27,,110,206,0,126,55,42.9184326171875,3,2026-01-05T22:37:03.381994
cdd756d1-386a-4a2b-9a1e-fb32d74ca773,closed_captioning,1118,117,3,434,182,0,120,6,0,,11,27,25,9,,188,212,0,326,269,43.827115885416667,2,2026-01-05T22:37:03.186028
a18738db-a428-4aec-9a9e-1fad71bb0d27,closed_captioning,964,168,7,194,76,0,42,1,0,,29,29,19,31,,137,266,0,161,79,42.9184326171875,3,2026-01-05T22:37:02.993640
d4250d37-8031-4d8c-b895-413203a34a85,closed_captioning,588,66,5,176,173,0,38,0,0,,147,8,13,0,,47,98,0,20,0,42.249845377604167,1,2026-01-05T22:35:33.144610
a9332328-a82e-4d66-9f52-dab201ef9c0a,closed_captioning,770,119,1,183,141,0,36,0,0,,12,2,14,0,,42,73,0,89,4,42.184362792968749,1,2026-01-05T22:35:32.715314
6476dc2b-a963-4fce-9843-298ea1ea7632,closed_captioning,1793,212,3,373,149,0,22,4,0,,9,15,72,182,,180,278,0,318,192,84.566666666666663,3,2026-01-05T22:27:06.562635
524e2ac9-35c7-4e40-8c50-0bd816b3cb97,closed_captioning,1179,142,15,432,207,0,30,0,0,,6,20,34,0,,218,263,0,344,239,43.783740234375,2,2026-01-05T22:27:05.757971
38b762e3-07fc-44ff-9729-7506b2b9425b,closed_captioning,543,61,0,153,107,0,30,0,0,,266,11,10,0,,63,128,0,50,4,42.25123697916667,1,2026-01-05T17:27:29.195482
4d89499f-28f6-476f-92b4-6720724714f6,closed_captioning,732,111,5,170,125,0,6,0,0,,6,12,72,0,,100,67,0,26,7,42.184505208333334,1,2026-01-05T15:13:59.704144
deee97d4-f91b-44ae-adc6-40f351ed1e2a,closed_captioning,571,90,3,107,58,0,59,0,0,,122,3,20,0,,74,83,0,60,4,42.251932779947914,1,2026-01-05T15:12:42.841718
abfaeaca-4c40-47e0-97b0-731e6fe66a34,closed_captioning,905,152,8,186,57,0,92,1,0,,21,20,41,0,,79,163,0,226,109,40.91754150390625,3,2026-01-05T14:13:38.522399
bcaf1cf3-efd0-4d7a-aa60-a1900de8e400,closed_captioning,945,181,16,242,144,0,69,0,0,,12,17,38,0,,172,245,0,357,170,40.382,3,2026-01-05T14:13:38.114590
22ed9876-1af7-4c56-a13b-7a020f50c043,closed_captioning,1128,90,4,229,66,0,87,0,0,,6,24,38,36,,134,198,0,330,166,44.084318033854167,2,2026-01-05T14:07:10.723921
ef2a4d71-7e7b-4470-b026-f4d1a5294bf1,closed_captioning,1153,135,8,404,270,0,40,2,1,,9,13,13,75,,137,184,0,246,177,44.084318033854167,2,2026-01-05T14:07:10.526080
c4b724f5-0b76-4511-bad7-0521576fa8f2,closed_captioning,1026,87,4,183,68,0,46,0,0,,8,18,30,34,,101,120,0,237,85,44.084318033854167,2,2026-01-05T14:07:10.182844
cf71a342-3887-43f9-9aab-7cf995525c63,closed_captioning,1123,162,7,324,172,0,63,0,0,,11,23,13,41,,128,210,0,276,215,44.084318033854167,3,2026-01-05T14:07:09.759770
ca499796-1c27-4906-a871-b7804b169aca,closed_captioning,1104,146,2,245,87,0,14,0,0,,10,23,29,45,,114,208,0,297,117,43.917484537760416,2,2026-01-05T14:07:09.342484
fd4a2e53-ac4e-42ae-9c39-40f36a633819,closed_captioning,995,140,1,199,97,0,27,1,0,,8,25,27,39,,60,168,0,226,80,44.084318033854167,2,2026-01-05T14:07:09.139861
e3bbb6f8-52e8-4368-86c6-84fd41c60f02,closed_captioning,1066,183,7,306,188,0,36,0,0,,9,11,32,41,,99,162,0,263,147,44.084318033854167,2,2026-01-05T14:07:08.933145
c31e04c3-35a5-4345-b28d-bb9244c96c5b,closed_captioning,1181,148,8,285,107,0,90,0,0,,320,47,96,0,,226,307,0,178,95,87.752945963541663,3,2026-01-05T13:38:39.214344
7ec35bb7-e116-433b-be42-22b885744dc4,closed_captioning,574,86,7,157,85,0,1,0,0,,54,16,191,0,,113,110,0,22,5,42.183113606770831,1,2026-01-05T13:38:04.038442
03ef56b3-8083-46ee-ae83-6c57916d3b6d,closed_captioning,588,107,9,119,66,0,25,0,0,,4,4,11,0,,113,124,0,86,70,22.435746256510416,3,2026-01-03T07:06:42.541091
8e823686-2875-4492-8123-d538a910ede0,closed_captioning,547,53,3,117,23,0,33,1,1,,18,13,12,91,,63,124,0,114,67,22.1677001953125,2,2026-01-02T12:43:43.594803
cacec6c7-c504-43d4-8dc8-8518f2e837c7,closed_captioning,968,116,5,138,59,0,156,0,0,,3,12,23,0,,100,174,0,201,71,42.583650716145833,3,2025-12-31T01:05:57.417130
827acd7a-7f87-4198-99b4-675225020032,closed_captioning,998,167,7,265,132,0,16,0,0,,22,36,23,21,,150,265,0,171,101,42.9184326171875,3,2025-12-30T21:34:03.320047
0c92c7cf-2803-4caa-9da3-5ae2c0ed6902,closed_captioning,655,91,5,170,146,0,56,0,0,,87,6,31,0,,87,122,0,52,10,42.185892740885414,2,2025-12-29T13:16:40.620187
7419b6ad-5fd0-4304-a7a4-8a9ea38605f7,closed_captioning,409,58,6,89,47,0,6,0,0,,1,0,213,34,,57,49,0,19,16,21.438083902994791,1,2025-12-25T18:47:25.659448
0dca57c9-b4cf-49f6-8c4a-4c16cd0174db,closed_captioning,403,59,2,47,17,0,16,0,0,,4,15,21,47,,65,73,0,111,43,22.751617431640625,3,2025-12-24T03:23:44.689815
4eec1382-5449-43e3-be3d-1ce518736a2f,closed_captioning,1183,119,8,452,255,0,12,0,0,,43,83,24,0,,397,480,0,237,287,42.78440755208333,3,2025-12-23T23:21:52.927001
442bd228-5ad7-4b84-bbe8-2b2b3f920de6,closed_captioning,650,21,1,56,12,0,7,0,0,,484,464,81,0,,47,53,0,12,10,43.4600830078125,1,2025-12-23T22:26:53.664567
15b65dfd-0016-4b92-a467-812fb81dcc50,closed_captioning,1095,149,7,233,99,0,91,0,0,,5,12,32,9,,124,169,0,275,120,43.750374348958331,3,2025-12-23T17:56:55.984188
53999e36-07ad-45e1-8c1d-8faf733148ac,closed_captioning,759,62,2,245,164,0,114,1,0,,51,29,23,295,,99,147,0,30,54,42.166666666666664,3,2025-12-23T17:48:20.120475
d0cf11dd-9645-4629-85b8-ea9d56ad831c,closed_captioning,786,90,4,199,165,0,43,1,1,,1,3,37,337,,56,127,0,23,14,47.2,2,2025-12-23T15:52:39.751134
3a720478-0feb-4fbe-a051-11164d77ef26,closed_captioning,556,50,0,214,74,0,47,5,4,,7,16,11,9,,131,117,0,136,100,22.138783772786457,1,2025-12-23T15:10:53.669951
a6420751-3885-4562-a047-44e953afa69a,closed_captioning,558,85,1,108,50,0,14,0,0,,5,13,19,0,,51,71,0,118,65,22.065098063151041,2,2025-12-23T15:10:53.461293
0d4a3c0f-1fdc-4765-8482-afc77a2770d1,closed_captioning,520,71,5,111,38,0,9,0,0,,8,12,16,0,,61,103,0,105,66,22.062318929036458,2,2025-12-23T15:10:53.244447
8097d07d-36f1-4ecc-86a8-70c75df3d88a,closed_captioning,501,56,7,95,40,0,7,0,0,,6,8,261,0,,62,75,0,82,34,22.065098063151041,2,2025-12-23T15:10:53.020513
09d244a2-6e2e-42a2-b059-0806cf9aea40,closed_captioning,899,123,4,219,90,0,29,1,1,,20,26,45,125,,132,162,0,151,52,48.75,3,2025-12-23T13:20:50.541070
de59387f-8013-4cd5-b1d3-7a855c909af1,closed_captioning,1030,138,9,182,96,0,62,0,0,,19,22,586,0,,113,126,1,59,94,42.334513346354164,3,2025-12-23T04:23:05.221458
9c7d6648-fc8d-4e9e-b00d-496e8282f8c4,closed_captioning,912,102,9,222,75,0,50,0,0,,51,34,23,0,,174,231,0,176,171,43.250846354166669,3,2025-12-23T03:48:38.154387
6ec26f6b-2086-4315-b744-b5d7c15a09dc,closed_captioning,1022,115,11,223,139,0,8,0,0,,5,8,13,0,,175,214,0,210,114,43.839628092447917,2,2025-12-23T02:18:12.407035
7d14b033-b5a3-48d4-95fc-18879242b7e9,closed_captioning,1099,113,10,285,197,0,18,0,0,,13,18,27,0,,206,210,0,116,131,42.833902994791664,3,2025-12-23T00:48:24.610661
9bb13e15-098d-4128-a7e1-66e3d2f82b74,closed_captioning,596,85,6,108,71,0,33,4,2,,212,4,10,0,,66,109,0,12,4,42.25123697916667,1,2025-12-22T22:41:36.516117
5af3f8a5-fecc-4175-b4d9-91b70e4c245c,closed_captioning,737,87,1,278,121,0,45,0,0,,20,30,27,62,,136,179,0,125,55,42.418070475260414,2,2025-12-20T10:32:08.493382
125ea858-5e7b-47eb-a313-ef3eca11f9ad,closed_captioning,862,130,8,135,56,0,1,0,0,,15,24,448,119,,99,136,0,143,61,42.25,3,2025-12-20T03:28:40.375103
febee48f-7e80-46a9-a6ad-fc7e17932630,closed_captioning,1306,156,7,367,188,0,132,18,0,,305,44,46,0,,244,285,0,92,115,83.667610677083331,3,2025-12-19T21:07:37.069753
2017be90-0737-466e-bd0b-bd270aedf9fa,closed_captioning,572,76,9,144,99,0,22,0,0,,2,15,17,0,,95,129,0,130,95,22.585062662760418,3,2025-12-19T02:36:10.831896
b1eb1f16-719b-487a-9e84-1f0e07481660,closed_captioning,499,80,9,97,54,0,140,0,0,,9,7,14,9,,45,74,0,132,72,22.418229166666666,3,2025-12-19T01:51:12.140303
c2012a82-a268-4aa2-a673-460d89e894b7,closed_captioning,535,88,6,153,78,0,108,1,1,,7,6,10,8,,72,123,0,144,81,22.418229166666666,2,2025-12-19T00:16:44.642250
277163c3-4e4b-45af-873d-0a01b51c0d8b,closed_captioning,484,76,1,95,37,0,129,0,0,,4,9,15,10,,45,90,0,143,62,22.417533365885415,2,2025-12-18T22:58:06.275238
3384aaf9-c3ee-47a3-8a9b-bcbaaea8625b,closed_captioning,957,130,11,312,166,0,91,0,0,,24,42,26,159,,231,326,0,80,98,42.583650716145833,2,2025-12-18T17:21:59.079676
8054f43d-7d49-4a16-b14e-76ee08e73122,closed_captioning,793,86,4,161,122,0,124,0,0,,1,25,378,289,,67,85,0,53,10,48.533333333333331,1,2025-12-18T16:17:23.903201
f008cfc4-65c7-4198-a36e-f117a228039d,closed_captioning,765,106,0,150,116,0,32,0,0,,1,5,14,0,,77,67,0,13,4,42.26861572265625,2,2025-12-18T15:41:28.515614
3c35b9d4-6282-47b0-9f38-faf69873be26,closed_captioning,821,127,7,220,78,0,308,0,0,,53,16,29,0,,168,235,0,73,146,41.541499837239584,3,2025-12-18T15:17:42.301855
e9ec6ca4-e69b-4935-a83b-4ae34ff755ce,closed_captioning,532,63,9,137,75,0,21,0,0,,8,18,9,0,,96,102,0,108,56,22.585062662760418,3,2025-12-18T10:49:15.605910
660bd62f-8b19-4d4a-a5d8-967d1bef7a16,closed_captioning,803,75,4,228,173,0,118,1,1,,10,18,26,308,,43,96,0,49,24,48.533333333333331,2,2025-12-18T04:07:48.013595
50303333-659d-47a1-affd-7e4c3446fd3e,closed_captioning,794,88,4,187,150,0,60,2,2,,15,40,32,314,,50,127,0,48,18,48.533333333333331,2,2025-12-18T03:52:46.675006
018cd0b8-7dbc-44e7-8382-6daadc524139,closed_captioning,576,122,11,89,45,0,144,0,0,,10,12,11,25,,58,82,0,168,61,22.1176513671875,2,2025-12-18T03:41:51.584118
854071a4-e5e6-4424-9b57-f7ac39a87b6e,closed_captioning,874,103,2,209,200,0,120,2,2,,10,10,19,237,,45,110,0,56,10,48.366666666666667,2,2025-12-18T02:11:35.106598
d597c8de-2ad1-48b8-96fd-26462461aa4b,closed_captioning,873,95,2,373,204,0,132,2,0,,11,20,153,338,,183,206,0,45,5,48.366666666666667,1,2025-12-18T01:44:37.449057
17e71b45-3204-4b63-8177-4ba49e7b4b93,closed_captioning,550,80,5,170,87,0,149,0,0,,4,4,5,26,,74,93,0,128,83,22.1176513671875,2,2025-12-18T01:30:41.622345
ddfebf80-35cc-40ac-a01e-a29d0717404f,closed_captioning,820,113,7,175,148,0,155,0,0,,3,18,340,283,,46,91,0,16,10,48.366666666666667,1,2025-12-18T01:22:50.468153
a44a6fbd-c2f4-4dbc-9fca-7f04be960825,closed_captioning,765,114,0,149,132,0,110,2,2,,45,8,10,318,,40,72,0,30,3,48.666666666666664,1,2025-12-18T01:22:25.363730
a97cf600-c84d-419f-ae5f-77a945f16cce,closed_captioning,876,131,3,204,158,0,120,0,0,,1,20,291,312,,68,178,0,29,13,48.45,1,2025-12-17T23:32:44.490687
c9c5c5bb-9c28-41b9-8d8f-221f25099bc3,closed_captioning,817,128,2,182,167,0,106,0,0,,3,12,285,311,,54,84,0,22,8,48.366666666666667,1,2025-12-17T23:22:46.798247
b987e234-be74-4dae-a489-05f518a5435f,closed_captioning,540,54,10,139,81,0,163,4,0,,8,9,5,5,,120,110,0,81,89,22.418229166666666,2,2025-12-17T23:04:03.740134
59357991-2267-4c63-8375-3d2ce9a3bfbb,closed_captioning,809,37,9,85,49,0,88,4,0,,4,13,19,244,,46,60,0,19,9,48.2,1,2025-12-17T22:16:24.585383
157c015c-cefe-4535-8e78-3bc8adabe320,closed_captioning,417,35,2,78,49,0,66,0,0,,2,4,215,49,,69,51,0,5,20,21.404715983072915,1,2025-12-17T21:36:29.601323
46085b90-a447-4717-a97f-20d89abcfe44,closed_captioning,797,63,2,226,235,0,73,0,0,,4,8,31,282,,42,76,0,24,8,48.60133463541667,2,2025-12-17T21:29:27.228722
00b45139-3095-40e2-8434-749cc4fed10b,closed_captioning,383,16,5,91,39,0,110,0,0,,1,16,23,0,,70,72,0,47,16,21.417506917317709,3,2025-12-17T21:22:42.789423
e06174ac-971e-4580-9016-914608b544fd,closed_captioning,797,78,6,223,234,0,110,0,0,,3,7,265,269,,34,67,0,18,2,48.439335123697916,1,2025-12-17T20:57:04.027903
aef007e8-f6d6-48e9-a5d4-1c4d47b5c117,closed_captioning,844,92,2,232,188,0,41,0,0,,4,43,326,306,,48,72,0,47,7,48.589335123697914,2,2025-12-17T20:17:55.282041
b37ab2bf-e058-47b2-87e1-1fea536519bd,closed_captioning,535,54,4,133,61,0,206,0,0,,1,12,9,25,,102,107,0,135,100,22.1176513671875,2,2025-12-17T18:02:59.161329
81086f92-f7d2-4abc-a2c7-6f865d8a40c9,closed_captioning,817,96,7,232,114,0,103,2,1,,91,31,32,0,,186,182,1,117,109,46.06268310546875,3,2025-12-17T15:41:16.665208
6412a261-515a-43d6-b5eb-ff15e7a5e60a,closed_captioning,980,140,6,286,116,0,134,0,0,,34,14,68,0,,203,263,0,186,112,43.3836181640625,2,2025-12-16T21:55:43.172635
24acb943-84b5-4785-ab0c-6e766e5f530d,closed_captioning,897,98,15,184,85,0,110,3,0,,22,53,46,196,,104,172,0,123,89,42.000846354166669,3,2025-12-16T21:55:00.864923
59b400c0-b0a7-4573-9941-1e4e47e0e07b,closed_captioning,730,87,3,208,189,0,140,0,0,,17,0,24,0,,80,81,0,93,5,42.185892740885414,1,2025-12-16T20:39:13.008296
252fff5d-5f49-4854-8100-3e6f1fc2ebe0,closed_captioning,940,137,6,235,138,0,436,0,0,,152,35,39,1,,199,246,0,105,163,41.457389322916669,3,2025-12-16T19:42:25.122464
56bf618d-db0b-4b88-b739-63b08af9b413,closed_captioning,811,100,2,190,125,0,58,0,0,,30,5,20,0,,136,144,0,99,27,43.983333333333334,1,2025-12-16T19:09:09.905259
eb09d676-2067-4120-be64-07ece7cc9448,closed_captioning,1036,116,3,220,80,0,165,7,0,,9,19,35,0,,126,259,0,199,154,42.835152180989581,3,2025-12-16T19:08:01.018372
1ded5fab-bdc5-4385-9d14-7f4071ef0358,closed_captioning,382,56,0,60,21,0,31,0,0,,4,10,14,46,,57,46,0,14,15,21.404715983072915,2,2025-12-16T19:06:29.331396
ba67d9a1-b65b-463e-a95c-52441bc90661,closed_captioning,777,99,2,143,78,0,76,0,0,,92,39,23,0,,80,137,0,104,30,43.833333333333336,2,2025-12-16T19:03:48.402875
98794234-eb9c-43dc-8368-728838e28de5,closed_captioning,865,102,2,236,105,0,104,0,0,,112,30,32,179,,104,125,0,97,51,48.75,3,2025-12-16T18:49:29.017304
2f9efc21-ddd1-442e-888a-b1578e217b91,closed_captioning,888,98,5,198,128,0,81,0,0,,21,6,27,0,,121,173,0,69,40,42.866666666666667,1,2025-12-16T18:47:10.311749
92b572dd-fc01-4626-9070-2149d4ecfcfa,closed_captioning,498,53,1,96,57,0,45,0,0,,185,17,14,0,,43,92,0,43,6,39.9,1,2025-12-16T18:47:00.688347
7bb26d87-0762-48af-b0e1-b6df6f4f0165,closed_captioning,834,104,1,171,115,0,76,0,0,,25,17,368,0,,79,105,0,65,34,41.85,1,2025-12-16T18:37:50.044838
2c425c9a-1716-4a38-9a22-167247c22327,closed_captioning,637,87,3,145,88,0,64,0,0,,172,16,12,0,,122,134,0,57,9,43.85,1,2025-12-16T18:34:52.788473
b913eead-0a65-4eb7-b21a-2c14d2d79340,closed_captioning,768,109,5,163,129,0,65,0,0,,124,20,293,0,,85,140,0,48,14,43.666666666666664,1,2025-12-16T18:28:46.304819
9027a1ea-78d2-4133-87d1-b187d73ffbc5,closed_captioning,829,123,10,243,136,0,101,0,0,,11,18,38,0,,178,242,0,71,62,43.85075276692708,3,2025-12-16T17:17:57.626183
f0d9e3e7-a8af-478f-83f0-f990371dd7f1,closed_captioning,882,81,6,299,142,0,504,0,0,,81,27,271,1,,148,201,0,72,172,41.541499837239584,3,2025-12-16T16:20:41.756557
f2f4a835-dfad-49c5-a637-6040fc5d98c2,closed_captioning,919,138,13,240,171,0,79,0,0,,9,20,16,0,,126,177,0,182,103,43.83476155598958,2,2025-12-16T15:06:32.227862
39feceda-df35-42b7-8b24-4efa0ecca332,closed_captioning,563,49,4,175,91,0,201,5,0,,3,14,7,0,,80,99,0,108,77,22.06648966471354,2,2025-12-16T13:25:31.005053
0c9393a5-8ec2-40f2-864a-eb6fc8c0af5b,closed_captioning,713,91,3,125,60,0,49,1,0,,48,13,37,249,,63,102,0,43,34,42.259334309895834,3,2025-12-16T13:18:44.903714
a1837c52-abb5-4521-ae2f-56e0fd522be1,closed_captioning,998,138,9,226,97,0,123,0,0,,92,56,358,0,,153,208,0,143,103,45.250760904947917,3,2025-12-16T12:55:33.754624
bcdaa229-8221-4454-86bf-4ce299e2d919,closed_captioning,563,69,6,140,117,0,138,7,0,,0,1,237,4,,88,115,0,50,7,22.584783935546874,3,2025-12-16T03:28:37.174490
f058ff54-233a-4ce5-91b5-7f820bece7b3,closed_captioning,1111,165,10,268,151,0,133,0,0,,9,30,41,0,,132,162,0,269,137,43.783740234375,3,2025-12-13T12:06:16.320166
a30d68c8-3ba2-41b2-93fa-355bc6d85901,closed_captioning,1343,109,2,338,112,0,217,0,0,,318,117,404,0,,161,262,0,185,101,87.752945963541663,3,2025-12-13T06:38:25.598887
6caed03f-2501-465c-88f7-0627d1a6806e,closed_captioning,576,74,6,156,64,0,178,0,0,,5,7,12,24,,64,108,0,104,79,22.1176513671875,2,2025-12-13T04:05:22.973183
d574e44d-3419-4dfb-aff1-265f7054a766,closed_captioning,527,104,4,115,58,0,217,0,0,,5,5,10,20,,65,81,0,119,76,22.1176513671875,2,2025-12-13T03:33:01.763479
a49c4ede-42f5-454e-b1c0-fd3783677232,closed_captioning,544,93,5,161,58,0,137,0,0,,11,16,10,16,,88,133,0,174,93,22.418229166666666,2,2025-12-13T03:08:59.006027
936a0b12-28f2-417a-ad1c-9c8a4183bf2e,closed_captioning,847,53,1,120,27,0,70,0,0,,16,45,31,0,,88,115,0,146,68,43.501790364583336,3,2025-12-11T22:30:41.386585
fdbf86f4-d5a6-4ec5-885c-7ca1c53f2e98,closed_captioning,606,78,2,180,98,0,132,0,0,,8,12,14,15,,85,111,0,104,59,22.417533365885415,2,2025-12-11T19:39:42.195695
badfd3d9-8a86-443b-9555-863efdc1a1de,closed_captioning,973,119,6,353,134,0,440,0,0,,39,26,25,0,,236,277,0,112,227,41.541499837239584,3,2025-12-10T19:29:21.825003
e7c5210c-b1ef-43b5-a22f-6dce2be49019,closed_captioning,568,94,11,139,71,0,24,0,0,,11,18,16,0,,99,148,0,130,98,22.585062662760418,3,2025-12-10T12:59:31.981300
87f8d5c9-cf27-4bd6-a337-2ebe83c3cabe,closed_captioning,1149,216,21,281,174,0,93,0,0,,18,19,10,0,,160,248,0,269,117,46.750174967447919,3,2025-12-10T02:40:36.858648
301ddb3e-889f-4160-beb6-b454794700ae,closed_captioning,957,109,4,349,188,0,87,0,0,,43,27,32,0,,226,217,0,90,111,42.3339599609375,3,2025-12-10T00:11:04.667197
ae2ca5d2-e45c-47c5-97ab-395fa70f37ca,closed_captioning,795,113,8,132,94,0,57,6,0,,6,24,32,0,,97,117,0,69,42,43.478157552083331,2,2025-12-09T04:18:50.815083
55138c10-c053-4efb-9b2e-f9779d4535bc,closed_captioning,1509,209,13,452,247,0,190,0,0,,129,33,56,0,,335,429,0,182,117,83.667610677083331,3,2025-12-09T00:04:36.751369
499c9b86-9d88-4796-b85c-8cd0e80bfe50,closed_captioning,454,57,4,111,90,0,103,0,0,,194,8,22,0,,42,61,0,39,0,42.25123697916667,2,2025-12-08T19:40:47.503794
8951be37-d467-49b2-8b3d-69395b050843,closed_captioning,331,65,1,43,28,0,33,0,0,,5,4,10,0,,21,32,0,28,3,21.400545247395833,2,2025-12-08T17:28:12.020904
e92a865b-3bde-4285-8439-db82bae10c26,closed_captioning,1240,102,3,362,142,0,121,0,0,,67,60,44,59,,135,228,0,344,140,63.334383138020833,3,2025-12-08T16:52:58.654286
ed5ae521-73f8-4b90-8df4-a9af5ac4466d,closed_captioning,543,61,13,132,61,0,183,0,0,,3,2,11,22,,83,102,0,152,87,22.880080159505209,2,2025-12-08T16:03:07.256252
4e68b8db-a4b0-4b72-9e75-6a691fb6bb31,closed_captioning,339,21,2,122,74,0,37,6,0,,2,6,7,0,,54,61,0,22,17,21.417228190104165,2,2025-12-06T21:37:27.694511
26cdbc33-33a5-409a-9d33-1548bf22bb15,closed_captioning,580,86,9,170,113,0,139,0,0,,3,9,6,13,,170,174,0,97,121,22.417533365885415,2,2025-12-06T15:15:38.100275
3c3abd91-5274-40b9-a4cf-cb963f815d69,closed_captioning,832,108,18,301,169,0,98,0,0,,84,17,32,0,,230,261,0,119,124,42.332568359375,3,2025-12-06T01:33:32.259718
f5dbf6e1-dcd0-4d9d-a97c-3dcbd4fe1fe3,closed_captioning,431,57,2,109,89,0,21,0,0,,2,16,10,0,,37,91,0,52,14,21.417506917317709,2,2025-12-05T23:25:32.199224
20e04b95-79d8-4752-b80c-eabc8a89be63,closed_captioning,443,97,1,62,31,0,6,0,0,,0,3,7,0,,35,48,0,70,6,24.516853841145835,2,2025-12-05T11:55:01.638488
0ea5c744-18e3-4909-9786-d5d6ef6952e3,closed_captioning,913,142,11,271,134,0,189,0,0,,12,24,32,0,,218,244,0,110,95,43.85075276692708,3,2025-12-05T06:11:38.389201
b82f1097-374c-4172-900d-6f3de25db8fd,closed_captioning,1803,205,13,368,184,0,414,2,0,,36,47,50,0,,331,469,0,238,156,85.250439453125,3,2025-12-05T02:38:54.732175
a4307308-2890-4d20-a15e-560f16941309,closed_captioning,771,83,1,224,236,0,25,0,0,,0,3,21,0,,50,66,0,26,2,42.26861572265625,2,2025-12-04T23:34:08.632948
d7ad8020-1ce6-49cc-8abd-f822daa59bb4,closed_captioning,869,101,4,252,163,0,68,0,0,,13,14,32,0,,192,211,0,77,75,42.335347493489586,3,2025-12-04T23:04:14.001984
e27d8042-deae-4cf3-9652-506e0932d14d,closed_captioning,615,74,4,120,47,0,81,0,0,,6,4,30,77,,82,127,1,163,88,24.750838216145834,2,2025-12-04T19:52:42.493500
87dda997-87c6-4234-a69e-a5912fa99709,closed_captioning,873,94,11,270,171,0,89,0,0,,40,34,28,0,,260,271,3,109,157,42.335347493489586,3,2025-12-04T18:43:05.262304
34aa551c-f04f-460f-bdad-9cb524239f0d,closed_captioning,769,120,5,196,97,0,227,0,0,,107,28,167,0,,156,179,0,174,57,43.183418782552081,3,2025-12-04T18:08:23.514563
55e14f2c-324b-439d-ae26-a4a8c9937e17,closed_captioning,769,120,5,196,97,0,227,0,0,,107,28,167,0,,156,179,0,174,57,43.183418782552081,3,2025-12-04T16:33:42.510743
ceb03ca2-fd1f-4b24-ad0d-a599b6f883a1,closed_captioning,1280,173,11,273,165,0,295,0,0,,311,82,479,2,,128,198,0,110,89,87.752945963541663,3,2025-12-04T16:06:12.611487
4189e856-2ed3-45b7-8c08-a49b7d8a0dea,closed_captioning,882,106,7,285,90,0,416,0,0,,159,50,20,0,,234,331,0,118,176,41.45808512369792,3,2025-12-04T15:34:54.292476
5c592f48-09fc-4712-9fe4-75d11466a374,closed_captioning,723,102,2,143,55,0,102,0,0,,182,13,28,0,,54,113,0,82,43,42.599222819010414,3,2025-12-04T15:25:42.666652
3bd3b0b0-574b-485e-8e7a-d797f94c96a3,closed_captioning,565,50,6,131,56,0,108,0,0,,8,12,20,78,,70,85,0,144,101,22.1677001953125,2,2025-12-04T12:20:08.413509
74d85e52-13e6-437b-a2cc-003f38b58c3a,closed_captioning,375,39,3,150,66,0,67,0,0,,3,45,15,0,,90,101,0,6,12,19.856504313151042,2,2025-12-03T14:49:39.699730
72ab4531-c1f0-497e-a41f-da15598c5197,closed_captioning,1019,136,7,236,98,0,153,0,0,,29,26,33,0,,203,231,0,106,168,41.541499837239584,3,2025-12-02T15:15:03.881726
b3210a7b-7728-411f-9ef5-8fd4505cca4f,closed_captioning,541,87,12,135,70,0,20,0,0,,5,14,15,0,,81,107,0,91,85,22.585062662760418,3,2025-12-02T13:17:19.352077
ca75a472-1945-4fc2-a429-53dae7f1c925,closed_captioning,520,90,5,153,96,0,43,0,0,,3,6,8,38,,51,101,0,91,72,22.1176513671875,2,2025-12-01T12:15:40.798992
262db2f9-fb8b-49cc-86ac-24e4e04b7b68,closed_captioning,495,47,1,167,144,0,90,0,0,,4,5,3,0,,107,140,0,20,16,22.500811767578124,3,2025-11-29T15:30:10.245676
5b62b95a-277a-4aa6-8c07-709778172973,closed_captioning,1171,70,20,226,90,0,50,0,0,,27,43,23,0,,137,276,1,144,178,49.233211263020834,3,2025-11-29T03:36:54.646284
1f4aa96e-f0ff-4443-8e88-2e397a129553,closed_captioning,1195,81,15,241,107,0,53,0,0,,29,46,34,0,,152,273,2,166,239,49.511267089843749,3,2025-11-29T03:09:52.655082
bfe42af8-bf85-45cf-a0e8-f499d715bf78,closed_captioning,1110,71,6,205,98,0,37,0,0,,53,40,27,0,,135,246,3,113,150,49.567574055989581,3,2025-11-29T02:55:51.569712
349274a3-46c1-4f2e-9e65-91d7b6218a69,closed_captioning,1191,95,8,338,149,0,72,0,0,,15,34,21,0,,221,268,1,164,246,48.0744140625,3,2025-11-28T23:45:33.235372
d5442da2-d3ec-4c9c-a9b9-fc52db055e7e,closed_captioning,970,145,13,266,163,0,30,0,0,,10,13,27,0,,142,212,0,197,108,42.750345865885414,3,2025-11-28T20:12:53.057811
016c45bf-395d-4b5c-a954-386c104ef1dd,closed_captioning,942,87,9,314,164,0,125,0,0,,35,27,48,0,,196,217,0,176,132,43.85075276692708,3,2025-11-28T18:28:58.576523
701b2506-ea17-4ec8-8458-49bbdad62377,closed_captioning,988,85,11,186,113,0,99,0,0,,14,19,34,0,,111,171,0,177,101,42.750345865885414,3,2025-11-28T16:32:22.460923
1d4c6d00-f8bc-4918-b466-8d19c737ca30,closed_captioning,547,94,6,166,87,0,61,1,1,,4,5,12,30,,91,122,0,134,80,22.1176513671875,2,2025-11-28T13:40:57.352960
a7290892-eccc-4544-8693-39a0feb1936f,closed_captioning,494,66,0,131,58,0,10,0,0,,3,9,10,5,,49,94,0,139,53,22.418229166666666,2,2025-11-28T13:36:47.239153
90a2a815-657f-426a-b6a4-4742ae83e424,closed_captioning,718,82,4,268,174,0,95,1,0,,152,6,9,0,,56,182,0,70,12,42.18519694010417,2,2025-11-27T17:42:12.766168
b0935385-4d4c-4509-91cd-43065be584da,closed_captioning,850,91,12,351,151,0,88,0,0,,147,42,20,0,,253,336,0,127,127,42.335347493489586,3,2025-11-27T06:38:10.829505
9cdca942-7ea8-4ff0-b982-1b2be8148eff,closed_captioning,560,94,12,128,82,0,42,0,0,,2,2,10,0,,91,144,0,105,68,21.919133333333331,3,2025-11-27T01:05:20.497543
4e41204f-b9fe-4ea5-a90a-888bf3aa69ae,closed_captioning,549,104,9,99,73,0,49,0,0,,1,5,9,0,,94,127,0,94,48,21.959716666666669,3,2025-11-27T01:04:36.695069
f3dd9c91-e5b4-4833-83b9-44c4281b7929,closed_captioning,467,53,1,130,128,0,122,0,0,,2,8,8,42,,96,103,0,49,17,23.080279541015624,3,2025-11-27T00:40:49.942212
53783287-984d-469a-b2ef-f9c52f7c8f2e,closed_captioning,704,89,0,133,73,0,54,0,0,,59,32,14,93,,84,108,0,135,34,42.418070475260414,2,2025-11-26T20:30:46.419811
86d7fb1c-2094-4b79-b2d8-73f15eb7cef2,closed_captioning,539,82,3,122,83,0,15,0,0,,9,8,11,5,,48,103,0,147,74,22.418229166666666,2,2025-11-26T19:35:50.602014
4c203050-9743-4926-8998-6944e87f31f2,closed_captioning,587,31,2,70,44,0,13,0,0,,10,20,17,0,,43,62,0,42,6,42.959582519531253,2,2025-11-26T17:37:44.604393
7e19911b-d8eb-4af4-82f1-d5d74bc5b5ea,closed_captioning,547,98,8,148,102,0,3,0,0,,7,11,14,0,,73,114,0,82,86,22.585062662760418,3,2025-11-26T13:31:56.820372
2b0ae7ff-a2f2-4bb7-9d98-5a6bfa011b31,closed_captioning,1219,118,1,244,99,0,25,0,0,,896,49,37,0,,142,259,0,245,162,85.167724609375,3,2025-11-26T10:14:18.587825
668a346b-f73f-4032-aeb0-0378182b6a8e,closed_captioning,989,87,4,290,100,0,42,0,0,,99,44,25,0,,228,290,0,211,226,41.500345865885414,3,2025-11-26T02:02:32.098039
11912de4-437c-452d-85cf-6325fc6dffd8,closed_captioning,887,93,3,232,152,0,22,0,0,,8,16,28,0,,131,170,0,81,65,43.85075276692708,3,2025-11-26T01:31:06.438719
f4cfacd9-c5f3-4014-ae39-6975fe3f5c29,closed_captioning,848,103,8,276,186,0,23,1,1,,8,16,22,0,,252,224,0,73,80,42.334651692708334,3,2025-11-25T23:26:13.332604
4b7674fb-0858-45e7-90ed-7a28dbd57e71,closed_captioning,880,96,4,271,187,0,21,0,0,,17,39,24,0,,212,225,0,59,97,42.335347493489586,3,2025-11-25T18:51:43.369466
5b67490f-6eca-41bb-b271-096b0e946d3a,closed_captioning,783,92,2,249,147,0,71,0,0,,14,17,26,0,,90,186,0,81,45,42.25123697916667,1,2025-11-25T16:33:40.331857
59820327-ccc7-4f27-8981-f987427c9d78,closed_captioning,1316,146,7,407,153,0,108,0,0,,234,39,60,0,,262,356,0,200,106,87.752945963541663,3,2025-11-25T13:08:45.135178
7b512848-a6d2-4ef4-8e7b-3d3fe846c0ea,closed_captioning,946,139,3,254,106,0,45,0,0,,17,29,50,0,,160,226,0,200,117,43.783740234375,2,2025-11-25T13:06:27.575978
5758963c-e859-45c5-8ec2-5f48882e44d3,closed_captioning,1387,203,1,429,179,0,112,0,0,,209,54,69,0,,224,334,0,187,80,87.752945963541663,3,2025-11-25T13:03:42.856121
c5665384-aea8-44fd-ad0e-e223675fcd1a,closed_captioning,1076,103,3,447,250,0,21,0,0,,19,37,277,0,,150,186,0,200,174,43.83476155598958,2,2025-11-25T12:32:35.838520
4179520b-e9a2-40a6-9530-761caa1041a5,closed_captioning,561,85,4,161,83,0,28,0,0,,12,12,13,0,,82,116,0,163,110,22.418229166666666,2,2025-11-25T12:22:14.659946
3d67307a-e4c8-4af1-bdfa-aecc9bf0eecd,closed_captioning,1002,132,4,324,119,0,266,0,0,,85,26,30,0,,183,177,0,66,168,41.45808512369792,3,2025-11-25T07:00:38.281567
7df90f10-8d83-476d-a3c6-842224c25c32,closed_captioning,887,112,5,294,141,0,157,0,0,,66,29,22,0,,147,169,0,76,65,43.183418782552081,3,2025-11-25T04:51:24.648269
099bb684-4b62-4b3f-85d8-99ad72ca548f,closed_captioning,1097,156,5,193,95,0,25,0,0,,11,20,45,0,,82,133,0,155,81,43.877164713541667,3,2025-11-24T23:38:48.184784
bb14d228-4cb8-47e4-8966-ee5715a12602,closed_captioning,1106,96,10,292,140,0,74,0,0,,12,39,48,0,,200,269,0,272,183,43.783740234375,2,2025-11-24T21:52:25.342593
508ecbc2-3952-4ee2-8297-238a3b50db55,closed_captioning,482,49,1,104,33,0,48,6,0,,4,11,209,12,,74,83,0,141,65,22.138783772786457,2,2025-11-24T21:52:25.150754
0438956c-3bae-46e8-b9f6-ba8148352114,closed_captioning,818,114,1,208,108,0,56,1,0,,110,29,40,106,,157,189,0,188,66,48.833333333333336,3,2025-11-24T21:51:38.037693
b3c9b5fa-f539-4a0c-a9bf-8d976e5cdbaf,closed_captioning,536,70,5,153,63,0,17,0,0,,9,14,198,0,,110,145,0,207,85,22.1176513671875,3,2025-11-24T21:48:47.545288
a8a2e9e5-96da-4acd-8141-c0932adfca46,closed_captioning,1029,147,3,210,85,0,25,1,0,,12,33,36,50,,80,159,0,155,60,44.084318033854167,2,2025-11-24T21:31:38.188504
3804cb78-4ca0-4484-8edd-acc9a35bd19c,closed_captioning,1059,144,5,297,182,0,40,0,0,,4,5,17,81,,99,155,0,265,101,44.084318033854167,2,2025-11-24T21:31:38.006850
359132f1-ae74-4c14-9e76-9ac2be2691a2,closed_captioning,1164,189,6,294,149,0,99,0,0,,5,11,20,40,,178,218,0,330,147,44.084318033854167,2,2025-11-24T21:31:37.791086
983912ce-d03a-4e80-a113-e7cd442fe889,closed_captioning,1029,187,4,258,165,0,78,1,1,,6,7,13,57,,121,171,0,201,74,44.084318033854167,2,2025-11-24T21:31:37.501646
78302b2c-4d1a-43ef-85d7-57e569512aac,closed_captioning,1096,67,2,176,66,0,30,1,0,,9,14,15,36,,73,141,0,91,93,44.084318033854167,2,2025-11-24T21:31:37.316021
3b565f16-eeac-42c5-9f0e-812b36d10549,closed_captioning,1143,132,6,358,206,0,74,1,0,,5,12,18,50,,95,187,0,314,120,44.084318033854167,2,2025-11-24T21:31:37.118811
c62c647b-aa6b-4c2f-8280-7fbabbee8864,closed_captioning,1084,108,2,219,105,0,27,0,0,,8,20,32,36,,101,191,0,228,96,44.084318033854167,2,2025-11-24T21:31:36.898249
54c78635-cf02-435b-b329-bcace0ad310b,closed_captioning,1071,177,6,326,183,0,79,0,0,,12,20,24,41,,202,256,0,242,126,44.084318033854167,2,2025-11-24T21:31:36.690690
fb647e15-0e90-40fa-829e-0d196aa3351f,closed_captioning,708,87,8,191,105,0,60,0,0,,126,33,40,0,,196,192,0,114,91,42.334651692708334,3,2025-11-24T19:46:54.907133
f902465b-e6c0-449e-8efa-d0c5ae4fa6a2,closed_captioning,551,102,11,126,92,0,5,0,0,,7,18,10,0,,85,120,1,109,84,22.585062662760418,3,2025-11-24T19:05:41.833279
0fbca266-b3fe-4c4b-8a68-0bd21a882d3c,closed_captioning,610,117,10,137,57,0,73,26,0,,8,5,9,0,,76,131,0,161,97,22.418229166666666,2,2025-11-24T18:59:44.874626
6f6739cd-c215-461a-b035-2073423031b6,closed_captioning,467,77,4,141,100,0,10,0,0,,2,10,16,169,,50,61,0,33,25,23.249336751302085,2,2025-11-24T15:59:02.426968
229e078c-bf40-465a-a799-64c4da82e47a,closed_captioning,571,63,3,135,82,0,107,0,0,,4,4,269,24,,123,143,0,36,6,22.584783935546874,3,2025-11-24T15:18:51.837212
b6ee3c6c-e8b5-4668-a846-77f55ef24b73,closed_captioning,1611,219,5,473,266,0,86,0,0,,137,40,70,0,,231,362,0,189,101,89.665266927083337,3,2025-11-24T13:13:27.762929
cce4ae80-a137-4842-835f-01875f86a92d,closed_captioning,546,84,5,171,116,0,15,0,0,,5,7,4,20,,76,110,0,68,75,22.1176513671875,2,2025-11-22T14:59:09.207580
bf79eb0d-222c-4eea-b962-8f4f8bdc936b,closed_captioning,530,76,1,139,63,0,75,13,1,,5,5,13,29,,66,63,0,145,77,22.1176513671875,2,2025-11-22T14:17:45.897548
0d859e37-5c8c-43b6-8858-4eb46c5bfe23,closed_captioning,511,63,2,183,120,0,14,0,0,,6,6,13,24,,85,87,0,119,68,22.1176513671875,2,2025-11-22T13:19:45.635145
8c690b02-864e-4f7d-a869-7c1c6e08c17b,closed_captioning,492,63,4,125,60,0,8,0,0,,11,16,9,13,,88,116,0,107,74,22.418229166666666,2,2025-11-22T04:03:06.712030
632bdbfb-1906-4c68-897f-6c0828767e85,closed_captioning,596,70,3,152,65,0,47,5,0,,4,3,13,17,,79,103,0,177,82,22.417533365885415,2,2025-11-22T02:43:25.247328
563feba0-2bad-447b-aef7-9e093e01bbda,closed_captioning,519,72,1,141,57,0,17,0,0,,6,10,10,8,,80,120,0,140,66,22.418229166666666,2,2025-11-22T01:52:22.388946
f72731ba-d296-47c7-85fe-109877e1b22f,closed_captioning,1456,115,4,407,130,0,119,0,0,,450,62,56,0,,241,394,0,306,210,85.5176513671875,3,2025-11-21T22:10:53.987007
fb957941-ca9c-4a72-ae72-9c20cb35d455,closed_captioning,732,81,2,173,113,0,6,0,0,,7,26,18,0,,72,73,0,77,12,42.959582519531253,2,2025-11-21T20:09:27.469935
37a4fd60-7c36-43a1-a4d3-6e1f0231cbcd,closed_captioning,1377,144,4,383,233,0,129,0,0,,278,63,66,1,,136,226,1,102,122,88.949275716145834,3,2025-11-21T18:32:34.490297
7cc1260a-6e39-43e9-ab93-90873155a50f,closed_captioning,893,51,14,182,91,0,235,0,0,,122,33,28,0,,183,200,0,75,135,41.45808512369792,3,2025-11-21T17:46:43.732592
ed6a13f8-c664-42de-a597-4d9f4c989c6d,closed_captioning,1027,135,10,258,183,0,21,0,0,,7,18,32,0,,102,210,0,151,71,55.4,3,2025-11-21T14:31:45.412413
0a9a4665-3f74-473b-adef-4db1fc525c09,closed_captioning,579,80,8,162,82,0,63,0,0,,14,25,9,0,,93,126,0,89,67,21.946366666666666,3,2025-11-21T05:08:41.710394
72b56431-842f-4e5e-8117-e4fa62fa8205,closed_captioning,955,132,12,202,91,0,183,0,0,,69,31,32,0,,185,270,2,111,175,41.500345865885414,3,2025-11-20T23:22:27.433319
15ab33c2-7ff0-46ab-b733-ecaafee4d6e0,closed_captioning,511,112,8,104,31,0,1,0,0,,4,7,298,27,,39,86,0,187,86,22.083333333333332,2,2025-11-20T21:07:16.372941
c3a931b9-997e-4756-92b0-96109f0e3fa1,closed_captioning,588,67,8,130,70,0,42,1,0,,2,4,10,30,,55,81,0,187,93,22.083333333333332,2,2025-11-20T21:03:48.410479
b5ab5bef-720f-4f71-a3f2-f589f68651b4,closed_captioning,1038,130,2,176,61,0,18,0,0,,11,14,35,0,,111,161,0,186,91,43.834069824218751,3,2025-11-20T17:37:08.576324
fb43f1b5-9313-4616-bdf6-67e1de97e85b,closed_captioning,702,47,0,107,74,0,38,0,0,,0,1,18,0,,51,74,0,76,12,42.184362792968749,1,2025-11-20T14:47:16.661320
433a777b-b9f2-4037-b1d4-197a9374a8f6,closed_captioning,1025,155,3,236,115,0,12,0,0,,166,19,29,0,,96,156,0,158,88,54.55338948567708,2,2025-11-20T06:56:02.912914
be40cc13-2faa-4048-86cc-414db7d3fce9,closed_captioning,900,139,2,149,67,0,56,1,0,,277,9,495,0,,62,112,0,111,55,58.99226481119792,3,2025-11-20T06:21:48.559917
ad76e1ac-50e6-4473-a549-9b35726d4da9,closed_captioning,985,135,5,168,67,0,10,0,0,,240,20,34,0,,47,117,0,126,79,58.1875732421875,3,2025-11-20T06:10:17.945356
cb45a421-c9e2-48f8-9278-8214ebee1b8a,closed_captioning,977,124,6,184,118,0,15,0,0,,204,12,24,0,,98,142,0,99,76,55.84745686848958,2,2025-11-20T05:51:21.548869
73dbde21-5631-46b2-b4a4-41a55500b019,closed_captioning,976,118,11,248,185,0,51,2,2,,187,13,16,0,,135,180,0,149,82,55.579410807291666,3,2025-11-20T05:09:18.436106
7c8b3e8d-a632-4342-82ae-38c67182a5ba,closed_captioning,958,167,8,218,165,0,26,2,0,,172,19,375,0,,78,134,0,124,74,54.456066894531247,2,2025-11-20T03:40:46.255636
b2e3f723-5cca-452b-96ed-3c17dbbd071d,closed_captioning,930,103,3,155,91,0,11,0,0,,10,11,453,0,,69,101,0,106,37,54.00395100911458,2,2025-11-20T02:58:38.781252
adafbdd3-16f9-4459-906a-90b584c9b007,closed_captioning,795,91,3,224,149,0,62,0,0,,0,8,37,0,,103,195,0,115,25,42.249149576822916,1,2025-11-19T21:39:22.345554
a9d2babc-ca26-4ea2-aab3-3f7c721398ae,closed_captioning,1032,167,9,242,107,0,54,2,0,,17,22,18,34,,154,287,0,171,98,42.917875162760417,3,2025-11-19T21:21:05.482639
4c6691ec-a75a-4b4b-803a-ee283bbee949,closed_captioning,468,51,1,119,104,0,24,0,0,,0,8,7,0,,26,57,0,80,15,21.417506917317709,1,2025-11-18T23:58:13.146235
82468ae5-e0dd-4e94-92e5-cdf0204806dc,closed_captioning,472,54,0,92,63,0,45,1,1,,209,13,17,0,,76,95,0,28,3,41.33573811848958,2,2025-11-18T21:50:06.021650
cab87009-0c6e-4b80-b849-155a53e952e7,closed_captioning,1491,152,11,401,193,0,91,0,0,,480,84,50,0,,340,473,0,274,211,83.70028483072916,3,2025-11-18T21:44:28.963405
070bcf71-bbeb-4da3-8d0a-abd84785c73a,closed_captioning,397,68,2,109,77,0,52,0,0,,6,18,28,1,,107,101,0,62,18,21.417506917317709,3,2025-11-18T15:49:10.548164
678e228b-ea06-424c-a82b-52f689d947fa,closed_captioning,859,88,6,168,82,0,21,0,0,,11,27,28,0,,128,135,0,129,75,43.49970703125,2,2025-11-18T15:07:38.903483
20581129-214f-4763-a2b3-55082894d774,closed_captioning,459,50,1,141,106,0,29,2,2,,2,3,6,44,,63,73,0,36,6,23.084171549479166,3,2025-11-18T06:27:07.573845
3afb1cbd-1eb6-49d2-a340-ea97c90d21e0,closed_captioning,1127,121,8,209,114,0,27,0,0,,10,28,24,0,,113,225,0,198,130,43.66862386067708,3,2025-11-18T00:20:47.031621
25c0cf33-404c-4955-bac9-afdc740882a7,closed_captioning,1139,128,8,243,139,0,63,0,0,,11,14,32,0,,107,168,0,228,125,49.0489990234375,2,2025-11-17T23:24:02.204296
2983f50d-8670-470e-878c-2962b48988a3,closed_captioning,758,91,15,285,198,0,77,0,0,,31,18,27,0,,300,219,0,156,118,42.335347493489586,3,2025-11-17T22:52:14.099823
343ffcd2-01f5-4ee7-ba50-463575a9d594,closed_captioning,1196,147,7,415,258,0,4,0,0,,7,11,28,0,,113,209,0,232,172,48.186470540364581,2,2025-11-17T22:31:33.048080
989f956b-dc96-478b-90f0-f7f3fa967f83,closed_captioning,1138,166,5,186,132,0,48,0,0,,6,10,22,0,,53,67,0,227,89,47.6242431640625,3,2025-11-17T21:51:57.049398
e772ff74-ab99-4e4d-a375-d960da8954f2,closed_captioning,1153,134,10,246,141,0,9,0,0,,3,6,26,0,,99,203,0,252,111,48.408915201822914,2,2025-11-17T21:47:56.173199
470ac768-2e40-4edc-ba8f-ec82ace7b3ec,closed_captioning,1164,213,11,221,153,0,18,0,0,,10,7,595,0,,91,118,0,178,100,49.029536946614584,2,2025-11-17T20:20:16.059211
872fb562-a82c-4a99-9d6e-d91a7f9c41d9,closed_captioning,1153,168,22,217,114,0,15,0,0,,13,12,27,0,,117,202,0,267,150,51.48643391927083,2,2025-11-17T20:19:33.972482
07b508a3-0cba-4ccb-96bd-74f9fcf56ef4,closed_captioning,1139,149,17,305,228,0,37,0,0,,7,15,21,0,,143,221,0,298,136,48.790409342447916,3,2025-11-17T19:52:03.011194
fed91404-98d4-4aae-a73b-bbc994a2b69f,closed_captioning,592,66,4,160,120,0,8,0,0,,65,16,27,0,,106,108,0,33,3,42.184505208333334,1,2025-11-17T19:41:44.273602
d52a2d94-cb9e-4be0-80fc-869d9733a36c,closed_captioning,1166,139,7,330,193,0,13,0,0,,13,17,459,0,,105,204,0,305,160,52.144868977864583,3,2025-11-17T19:37:46.685167
a136a2eb-5a17-43ef-93af-87091fcc8aff,closed_captioning,1656,171,4,423,142,0,33,0,0,,110,69,112,59,,192,312,0,376,167,84.666805013020834,3,2025-11-17T17:18:33.704886
fb97d5fc-ae3b-4109-a030-087bc3661511,closed_captioning,525,60,1,165,82,0,124,0,0,,3,8,6,24,,60,85,0,112,68,22.1176513671875,2,2025-11-17T13:55:23.743781
0387e349-808b-4537-b271-14bfcca5a086,closed_captioning,556,76,7,161,94,0,69,3,0,,6,5,15,14,,80,94,0,109,102,22.1176513671875,1,2025-11-17T13:13:12.461928
84ddc438-222e-48e0-ada4-668d461cb89f,closed_captioning,623,53,9,148,148,0,88,4,3,,126,35,23,264,,64,111,0,29,25,42.283333333333331,3,2025-11-15T23:16:44.534492
7029be28-536b-4c91-b841-cccd30500f56,closed_captioning,437,50,0,78,31,0,10,0,0,,389,44,13,0,,50,45,0,41,15,54.955456542968747,3,2025-11-15T13:01:19.151873
17bc04f1-bf9c-4e57-a80c-0f5b494bd0fd,closed_captioning,530,46,3,109,64,0,64,0,0,,5,7,303,27,,52,105,0,55,9,22.584783935546874,3,2025-11-14T23:40:59.693418
d82d7e82-32e5-4363-9f41-60ce6b9731d3,closed_captioning,649,58,4,184,133,0,26,0,0,,13,9,30,0,,69,70,0,65,9,42.959582519531253,3,2025-11-14T23:19:18.420250
a16721d4-4893-464a-905f-dbc86039465b,closed_captioning,762,111,1,167,105,0,33,0,0,,6,11,16,0,,161,129,0,57,11,42.25123697916667,1,2025-11-14T20:02:14.000705
cb27522a-8857-4001-b1cd-2e467851be6f,closed_captioning,518,66,4,111,44,0,17,0,0,,4,16,17,0,,73,124,0,83,66,22.585062662760418,3,2025-11-13T23:29:15.024589
1a86c609-f1ed-46e9-b460-4579ef20387a,closed_captioning,1005,132,7,270,182,0,45,0,0,,15,23,15,0,,135,211,0,227,126,42.750345865885414,3,2025-11-13T02:37:22.783210
7e7a7bca-0db5-47db-bc1f-3ea620e8ab73,closed_captioning,793,133,19,203,136,0,45,8,8,,70,33,30,0,,206,274,0,85,113,42.329093424479169,3,2025-11-12T20:33:03.111380
2becb645-94b2-409f-959c-d06d5629fb01,closed_captioning,703,85,3,165,130,0,15,0,0,,3,18,28,0,,51,69,0,50,7,42.959582519531253,2,2025-11-12T16:32:13.449067
c66fd844-02c2-4b6c-ab2c-782d94f7df2e,closed_captioning,683,44,5,146,64,0,9,1,0,,13,14,26,85,,75,155,0,100,20,42.418070475260414,2,2025-11-12T11:35:34.892633
c678da39-f27a-4a3c-a5ae-36384445c221,closed_captioning,824,74,4,200,101,0,33,1,1,,113,22,35,136,,129,207,0,156,57,48.833333333333336,3,2025-11-12T05:32:08.797179
5a2fb0f5-b794-41de-9af9-4c070873a103,closed_captioning,581,83,12,142,139,0,68,0,0,,3,13,10,0,,65,92,0,59,32,22.500811767578124,2,2025-11-12T00:23:14.897247
4cefd4cd-2874-4167-911a-8d8cd2956ba0,closed_captioning,1022,133,4,331,180,0,94,0,0,,20,20,30,0,,207,271,0,170,108,43.85075276692708,3,2025-11-11T22:10:02.231421
7f45ac64-6271-4375-b4f5-476a1449339e,closed_captioning,466,60,0,116,96,0,17,1,0,,6,3,4,48,,68,74,0,33,20,23.050250244140624,3,2025-11-11T05:19:25.457896
7067290c-f32c-4eef-9277-26f0be6df694,closed_captioning,915,144,13,283,212,0,50,1,1,,9,14,16,0,,241,273,0,102,92,42.334651692708334,3,2025-11-11T03:07:27.309017
cfa8b1d4-f9f2-4e6a-815d-e386ff5bf29b,closed_captioning,373,40,0,92,60,0,9,0,0,,0,1,11,0,,32,40,0,28,11,21.417228190104165,2,2025-11-11T00:29:12.144104
1fff4d0a-5433-457a-906b-c630c1dfde6f,closed_captioning,1037,162,15,264,179,0,45,2,1,,21,25,19,0,,153,284,0,203,117,42.750345865885414,3,2025-11-10T17:36:32.587536
7cfb0a38-8f34-43c5-a4d1-e703546abd1e,closed_captioning,462,44,3,119,72,0,11,0,0,,8,26,6,28,,74,116,0,56,53,21.417506917317709,3,2025-11-10T14:58:12.653566
8da519d8-0386-48de-a8a3-809c7f9ee1f4,closed_captioning,883,103,4,307,174,0,31,0,0,,50,18,30,0,,227,246,0,115,121,42.33604329427083,3,2025-11-09T17:45:03.102866
33115cfe-7860-461d-9216-b1767c4ad41f,closed_captioning,1012,139,7,276,142,0,55,0,0,,11,35,34,0,,137,253,0,117,82,42.750345865885414,3,2025-11-09T00:42:51.397265
17b6b8e3-4af0-4503-abb1-ab407eff5cc2,closed_captioning,576,65,10,136,59,0,26,0,0,,6,11,20,24,,107,107,0,120,121,22.1176513671875,2,2025-11-08T23:45:47.558350
29db7fe7-c2e2-430d-a301-2a0397787df8,closed_captioning,541,86,4,145,147,0,92,0,0,,1,1,6,6,,54,61,0,57,8,22.584783935546874,3,2025-11-08T10:22:04.348231
9642cfc2-e90a-4aad-9a75-6a03e1002f8a,closed_captioning,433,58,3,75,46,0,17,0,0,,3,13,13,36,,52,48,0,57,34,21.417506917317709,3,2025-11-08T07:17:10.449932
0a927db8-9684-4dd6-938a-00aed88d112e,closed_captioning,635,39,6,171,134,0,92,0,0,,62,29,24,223,,85,121,0,39,24,42.266666666666666,3,2025-11-08T02:29:20.896586
f3d654ab-40fa-418c-b179-88562ed1f04a,closed_captioning,838,89,7,309,207,0,42,1,1,,31,31,27,0,,293,314,0,103,141,41.334627278645833,3,2025-11-07T18:13:03.354377
a56e6c40-644e-4bb7-a7a8-44773deac44c,closed_captioning,772,47,3,119,71,0,9,0,0,,11,45,21,0,,94,71,0,73,24,42.951936848958333,2,2025-11-07T18:11:13.214293
4712a3bf-8047-4ee5-ae7d-6a895581602d,closed_captioning,761,88,7,246,174,0,49,0,0,,60,53,39,0,,219,235,0,89,100,41.334627278645833,3,2025-11-07T07:09:58.737518
62535818-e155-42f4-a8e7-709ae6fe066b,closed_captioning,1083,97,1,217,95,0,27,0,0,,13,32,49,0,,134,215,0,189,113,43.66862386067708,3,2025-11-07T03:15:00.982233
6df6a214-8695-4daf-9161-25ab305eb44f,closed_captioning,600,27,5,125,86,0,75,1,1,,76,39,28,205,,70,91,0,41,34,42.266666666666666,3,2025-11-07T00:17:06.324174
845f8c21-e5b6-4790-bfa5-b6dccdc90612,closed_captioning,487,41,0,96,46,0,29,0,0,,3,9,21,0,,71,100,0,88,37,23.606221516927082,3,2025-11-06T06:15:41.248985
795d03c0-9453-42bc-9073-2357483a6738,closed_captioning,662,75,2,119,70,0,30,0,0,,7,30,31,84,,65,97,0,118,29,42.418070475260414,2,2025-11-06T00:38:35.959068
2b800d4a-f27c-4eb7-b684-d5c14068e9ae,closed_captioning,601,53,3,110,44,0,12,0,0,,0,2,11,0,,76,137,0,117,85,22.457157389322916,3,2025-11-05T05:39:24.445933
06dfd593-40e6-4b7d-b1c2-4b0008a711cf,closed_captioning,480,42,0,97,73,0,36,0,0,,129,7,10,0,,75,93,0,31,3,41.335042317708336,3,2025-11-04T23:00:40.815050
75884484-e0ce-4351-a063-2ce93f7b5e0b,closed_captioning,669,92,2,202,105,0,30,0,0,,188,15,38,0,,157,173,0,107,79,42.333264160156247,3,2025-11-04T22:06:22.478880
ae12ca10-7921-46bc-8e3c-8384ec3b70d3,closed_captioning,462,52,4,116,95,0,28,0,0,,17,8,15,0,,34,70,0,14,12,22.083866373697916,2,2025-11-04T18:48:20.184657
8007b543-40f8-4853-8842-73e41f09cdbc,closed_captioning,347,39,0,83,39,0,21,4,0,,1,5,18,7,,42,67,0,19,38,21.416666666666668,2,2025-11-04T05:34:41.130709
263a612f-b2e7-4ae1-aa4c-52ad69446245,closed_captioning,344,46,0,71,67,0,52,2,0,,1,6,7,0,,9,34,0,30,2,21.417228190104165,2,2025-11-04T05:34:20.006979
ccd9b87f-053c-48a9-b123-4c78333eb959,closed_captioning,566,64,5,159,132,0,130,0,0,,2,15,10,0,,50,88,0,43,21,22.500811767578124,2,2025-11-04T05:34:06.186130
7fe48a8e-4ce0-4b0f-9c9e-7a5fc7865533,closed_captioning,426,46,0,115,83,0,11,0,0,,2,24,7,2,,49,49,0,54,33,21.416666666666668,2,2025-11-04T00:28:43.385075
dbebd7bc-950f-4d8a-965f-92cfa9343f08,closed_captioning,341,34,2,65,30,0,22,0,0,,18,20,23,5,,38,51,0,35,19,21.416666666666668,2,2025-11-03T20:55:28.409720
1fe29c9f-1f08-4ec7-9e4a-0ea1f517c9b7,closed_captioning,1006,107,6,279,257,0,42,0,0,,6,12,12,0,,102,203,0,58,48,44.18333333333333,3,2025-11-03T16:32:16.988746
39c63d02-3f61-47e9-866b-a25f9a6a47a2,closed_captioning,1016,67,5,197,88,0,64,16,0,,4,8,24,0,,109,163,0,97,61,43.166666666666664,3,2025-11-03T16:25:06.806607
64c645b0-c7fb-42a5-9877-a0dbd180b4d6,closed_captioning,1624,172,12,451,215,0,63,0,0,,34,43,54,38,,277,314,0,420,150,84.666805013020834,3,2025-11-03T15:58:28.435536
0791ce68-d3f2-41e7-9a61-52dd573d9196,closed_captioning,1009,151,7,267,183,0,24,0,0,,3,20,24,0,,125,185,0,242,96,42.750345865885414,3,2025-11-03T00:01:24.381563
4b248ea1-8cf6-40c9-bb6a-b77a71faf78e,closed_captioning,1036,47,9,251,192,0,27,0,0,,24,14,24,0,,124,160,0,115,67,49.999951171875,2,2025-11-02T19:36:57.731929
dcfafc4b-568e-428e-a708-150ffbdb7dcc,closed_captioning,863,102,6,274,171,0,30,5,5,,35,23,26,0,,241,256,0,106,112,42.332568359375,3,2025-11-01T19:33:20.564460
0ba2d4f0-c32d-40a0-a543-68469e939f9a,closed_captioning,531,91,9,149,113,0,19,0,0,,0,4,5,24,,120,132,0,158,90,22.100968424479166,2,2025-11-01T12:52:14.638437
ecbfcc5b-0fc1-4301-a6e0-e294369d82ed,closed_captioning,571,99,6,115,48,0,78,4,2,,4,5,12,27,,51,84,0,124,48,22.1176513671875,2,2025-11-01T12:34:36.881208
a15f1690-941e-4bdb-a3a6-7109bf7a0bd9,closed_captioning,1053,132,7,310,125,0,37,0,0,,7,21,37,0,,153,197,0,103,97,42.750345865885414,3,2025-11-01T12:13:41.694210
840b2b99-7d80-4def-b56e-32eaba46207b,closed_captioning,559,94,13,145,130,0,38,0,0,,0,1,4,5,,36,61,0,33,13,22.584783935546874,3,2025-11-01T04:20:38.475261
f7000adb-c951-43fb-a008-0f75b6a90594,closed_captioning,931,95,3,291,186,0,24,1,1,,24,31,38,0,,183,195,0,102,113,43.250846354166669,3,2025-11-01T00:51:14.142098
14821308-ae08-464c-822c-13cba68d3ef5,closed_captioning,1598,145,12,193,83,0,40,0,0,,103,53,102,0,,125,184,2,79,88,89.492179361979169,3,2025-10-31T23:55:09.180268
8d625dcf-1395-440e-bb1b-e9cf3bb9a4a8,closed_captioning,841,109,12,297,213,0,56,4,2,,30,38,31,62,,334,328,1,103,156,42.335347493489586,3,2025-10-31T18:52:38.439833
69536d6c-4e5f-46d3-96db-602db1ef5d38,closed_captioning,772,44,2,141,114,0,44,0,0,,0,3,14,0,,73,72,0,24,2,42.26861572265625,2,2025-10-31T10:54:37.048363
232cbd02-0ad1-4713-948d-5f06d3a92a8e,closed_captioning,1009,115,14,417,250,0,71,0,0,,27,49,185,105,,306,307,0,175,121,42.335347493489586,3,2025-10-31T00:33:52.556198
19daaf23-a798-4490-83a3-65f9790bf681,closed_captioning,784,117,27,278,209,0,77,0,0,,43,35,14,104,,283,286,0,83,68,42.335347493489586,3,2025-10-30T22:13:25.010686
fdab1390-f086-463c-a19d-3cf7ec56e3d4,closed_captioning,471,43,3,124,149,0,23,0,0,,0,1,2,14,,25,34,0,13,8,21.3838623046875,1,2025-10-30T10:35:52.880809
acc2efa8-f5fb-4753-a870-e8ba234bc27d,closed_captioning,326,30,0,72,103,0,19,3,0,,0,2,4,0,,8,22,0,28,2,21.417228190104165,1,2025-10-30T07:34:53.461031
e3583ff2-cde4-4ed0-abd4-4bdaa47140d4,closed_captioning,945,126,2,252,137,0,10,0,0,,16,21,42,0,,118,173,0,90,58,43.85075276692708,3,2025-10-29T22:02:25.216354
01cb1cca-2b3d-48a3-ad9b-b49233d7c754,closed_captioning,1141,61,13,233,168,0,33,0,0,,8,8,23,0,,99,187,0,186,143,46.750174967447919,3,2025-10-29T21:22:45.904605
54429bf7-1b63-4017-9638-2474f9af8796,closed_captioning,262,23,0,43,20,0,10,0,0,,20,58,10,1,,23,38,0,20,29,11.384150187174479,2,2025-10-29T19:38:35.565070
d4ba2512-8430-4c6b-bffc-f27fda97cb94,closed_captioning,973,118,12,253,164,0,27,0,0,,15,21,31,0,,155,252,0,191,112,42.750345865885414,3,2025-10-29T17:47:55.365248
6e14d918-ae33-443e-b834-ba918cf52dac,closed_captioning,1064,106,7,200,92,0,41,0,0,,9,30,33,0,,99,233,0,164,122,43.66862386067708,3,2025-10-29T13:15:49.758717
ded66ab3-76a3-4e81-a0cc-4c7271a5dc04,closed_captioning,715,83,5,209,138,0,55,0,0,,30,26,31,0,,163,164,0,71,13,42.25123697916667,1,2025-10-29T04:09:59.608564
4ddf1919-fdb4-404c-9950-399657feffbf,closed_captioning,786,106,7,210,83,0,55,0,0,,116,49,44,0,,157,189,0,126,72,44.366666666666667,3,2025-10-29T04:02:31.929905
004f213f-1dd9-4e14-9d66-141f52afdf77,closed_captioning,577,92,7,138,100,0,29,4,0,,28,42,24,1,,86,126,0,75,49,22.831697591145833,3,2025-10-29T04:02:14.903681
ef50bb70-ee6c-4fa0-a4ab-acf5cfc37c48,closed_captioning,875,112,2,310,152,0,56,0,0,,40,30,33,0,,197,250,0,143,102,44.366666666666667,3,2025-10-29T04:01:56.443613
83d170cc-3ac4-4166-81e5-0b30f8ae73fd,closed_captioning,564,104,18,141,105,0,41,0,0,,6,6,6,0,,115,160,0,92,65,21.956933333333332,3,2025-10-29T04:01:15.467619
64f09ff9-a7ed-44b7-a618-faa5f446587e,closed_captioning,808,138,1,240,101,0,30,0,0,,47,24,60,0,,172,205,0,121,74,44.418680826822914,3,2025-10-29T03:59:34.122735
2473ede0-2ea2-4a6a-8be4-141c360e49d3,closed_captioning,556,85,1,150,139,0,13,0,0,,14,7,5,0,,57,92,0,25,14,22.083866373697916,2,2025-10-29T03:59:03.224685
cfd1a6b5-dd1b-4827-82aa-4958b8cd5ff8,closed_captioning,677,90,9,198,96,0,41,0,0,,119,44,41,0,,149,205,0,87,42,44.418680826822914,3,2025-10-29T03:58:40.819534
38d78b2e-ffad-45b4-ac89-16eed092d85f,closed_captioning,688,109,6,178,67,0,19,0,0,,73,29,222,0,,154,175,0,86,32,44.41798502604167,3,2025-10-29T03:57:47.503228
b672283c-2204-4564-be77-729a7ae9c4d2,closed_captioning,709,100,5,174,83,0,18,0,0,,120,22,23,0,,168,211,1,127,57,44.41798502604167,3,2025-10-29T03:56:11.162850
00555e92-37e7-40b2-92b2-7a971ae47573,closed_captioning,596,103,4,145,124,0,52,0,0,,61,10,24,0,,57,51,0,80,5,41.729466666666667,1,2025-10-29T03:53:21.437750
2388714f-d85a-4240-91a6-8160b1c581e0,closed_captioning,1073,111,6,277,172,0,52,0,0,,14,26,17,52,,88,203,0,181,87,44.084318033854167,2,2025-10-28T20:30:15.685582
591f16d0-06ee-48b6-92d6-150ac93cb271,closed_captioning,465,25,2,123,96,0,23,0,0,,1,2,2,58,,94,88,0,34,15,23.0508056640625,3,2025-10-28T20:14:17.814558
e6c1a697-c456-4332-886d-6e8efb969999,closed_captioning,1085,155,7,359,214,0,69,0,0,,9,17,21,39,,129,194,0,269,127,44.084318033854167,2,2025-10-28T20:07:03.385659
bae31889-8d41-4e36-86ee-024afda43a3e,closed_captioning,1032,140,9,258,158,0,51,0,0,,7,14,13,46,,100,172,0,182,97,44.084318033854167,2,2025-10-28T19:01:59.699091
ce51048d-4ce5-4f44-9acf-85483d4e05e8,closed_captioning,677,90,9,198,96,0,41,0,0,,119,44,41,0,,149,205,0,87,42,44.418680826822914,3,2025-10-28T15:43:24.266563
7baa1933-a722-441a-b087-fd2f828a1c0b,closed_captioning,612,70,5,183,92,0,32,0,0,,184,33,28,0,,132,164,0,91,60,44.41798502604167,3,2025-10-28T15:43:23.853925
8e4d698c-986d-40c9-93b3-ed789c4d9b2e,closed_captioning,688,109,6,178,67,0,19,0,0,,73,29,222,0,,154,175,0,86,32,44.41798502604167,3,2025-10-28T15:43:23.428614
3cfcd8a7-dcdb-4f68-9074-f1c71b762f8f,closed_captioning,998,125,4,159,74,0,37,0,0,,14,23,34,0,,88,145,0,112,60,43.81666666666667,3,2025-10-28T05:44:56.562867
6e5fa156-a244-4e97-adb7-5dcd354b3e78,closed_captioning,556,85,1,150,139,0,13,0,0,,14,7,5,0,,57,92,0,25,14,22.083866373697916,2,2025-10-28T01:31:18.100660
38606dd3-e302-44c1-a224-eb04716f61e9,closed_captioning,700,102,6,182,121,0,37,0,0,,137,18,27,0,,107,127,0,60,68,44.41826171875,3,2025-10-27T11:56:05.582737
934193ea-102f-4ac0-a8e8-81e89e95dc57,closed_captioning,465,49,3,121,90,0,87,0,0,,235,17,17,51,,54,69,0,26,6,42.201603190104166,1,2025-10-25T13:59:16.767213
d8404fad-078a-4b9f-a924-bf4f5b65b9e1,closed_captioning,530,93,2,123,59,0,49,0,0,,0,7,11,23,,64,88,0,168,65,22.1176513671875,2,2025-10-25T03:05:14.545732
d557ad1e-5ea2-4ec7-911b-68178bd661ab,closed_captioning,498,83,8,143,82,0,22,0,0,,6,9,18,22,,104,137,0,125,88,22.1176513671875,2,2025-10-25T02:15:55.726318
8aee3a14-7bb5-4068-a6c4-7669fcabd52f,closed_captioning,414,51,2,134,55,0,1,0,0,,5,21,17,0,,74,105,0,72,47,21.416666666666668,1,2025-10-24T18:59:29.725284
a3bbe79e-a855-42ac-a68c-812c082ae894,closed_captioning,384,68,4,96,53,0,2,0,0,,0,18,19,0,,68,55,0,33,17,21.416666666666668,1,2025-10-24T01:24:53.682281
3491cac8-acdf-431e-8c1b-cfc557a67975,closed_captioning,1118,134,5,347,161,0,48,0,0,,22,37,42,0,,250,342,0,325,195,43.783740234375,3,2025-10-23T21:55:54.279817
f1689846-90bb-4df1-838b-752c6720bd5a,closed_captioning,536,53,2,126,64,0,11,0,0,,5,11,18,0,,67,132,0,106,48,23.606221516927082,2,2025-10-23T21:25:03.914122
fc2f1e4b-1073-4a41-9e4f-8cd616f101d5,closed_captioning,420,41,0,149,97,0,7,2,0,,2,4,7,6,,40,64,0,43,15,21.416666666666668,1,2025-10-23T21:08:29.837736
c22afebd-3f0a-43e5-a2bd-63591d21f4c1,closed_captioning,450,57,1,106,68,0,23,0,0,,8,14,5,32,,41,69,0,69,26,21.417506917317709,3,2025-10-23T18:37:12.151763
5bf70d66-37fc-4b11-85ca-84daf81803b3,closed_captioning,972,144,11,231,186,0,46,0,0,,2,11,22,0,,119,179,0,113,69,42.750345865885414,3,2025-10-23T09:14:46.553554
5c81bc4b-25c4-4168-91cf-4a00155cfb80,closed_captioning,561,47,0,134,72,0,24,0,0,,5,8,21,0,,62,116,0,97,53,23.606221516927082,2,2025-10-23T01:30:15.078811
cc6b8e22-43c0-43db-997e-84166b794084,closed_captioning,570,78,4,145,80,0,45,0,0,,1,5,14,0,,35,97,0,99,44,23.606221516927082,2,2025-10-23T00:59:42.712966
df9ac5b8-2c2d-4969-b340-8ae582221b2d,closed_captioning,554,51,1,114,77,0,12,0,0,,6,8,13,0,,50,110,0,80,48,23.606221516927082,2,2025-10-23T00:28:46.693993
358d81fd-c4e8-4746-8824-8144ae66ab9a,closed_captioning,1116,190,3,233,172,0,63,0,0,,21,21,46,56,,83,154,0,264,101,44.084318033854167,2,2025-10-22T18:33:49.148974
d21d8a5f-01ae-41c1-9466-f7c7f0d843e2,closed_captioning,544,89,2,146,56,0,24,0,0,,7,15,21,0,,145,157,0,201,127,22.1176513671875,3,2025-10-22T17:49:46.047811
e92886f5-7d60-4a95-9ed9-5caaa7647387,closed_captioning,799,109,5,136,54,0,63,0,0,,13,23,31,0,,121,151,0,48,34,42.31796875,3,2025-10-21T06:57:13.896279
a96c0288-fe32-4581-b955-abd79b896a2b,closed_captioning,548,72,2,202,106,0,32,1,0,,4,8,11,26,,104,98,0,121,65,22.1176513671875,2,2025-10-21T01:48:08.668800
54b643c3-757f-4a54-a445-fbf879cdf052,closed_captioning,791,112,7,192,110,0,74,0,0,,7,18,78,0,,155,150,0,68,55,42.31796875,3,2025-10-20T21:44:26.540603
24e0f4f4-3958-4333-8af6-54b3d5337143,closed_captioning,542,102,5,156,80,0,17,0,0,,4,7,10,26,,104,133,0,139,111,22.1176513671875,2,2025-10-17T23:05:16.100246
f9e7b86d-1c6c-4c34-9dbf-21e766929d65,closed_captioning,968,151,13,262,170,0,43,0,0,,4,8,34,0,,158,244,0,139,98,42.750345865885414,3,2025-10-16T20:16:49.445886
c82db758-8536-4ef5-bec5-562257a2140a,closed_captioning,663,52,6,132,87,0,18,0,0,,82,39,23,250,,79,129,0,41,39,42.266666666666666,3,2025-10-16T20:04:37.693461
e53b2b4c-6fd8-451e-a01d-59f8504eade0,closed_captioning,996,141,6,327,138,0,24,0,0,,17,29,22,0,,235,333,0,274,191,43.751346842447916,3,2025-10-16T04:30:54.864696
3b21133e-94a9-4c2b-be10-93b9036bf052,closed_captioning,904,142,11,167,88,0,139,0,0,,19,46,27,0,,124,272,0,95,70,41.880733333333332,3,2025-10-15T20:27:12.344499
c0ed441b-6a14-48ae-a1ea-2ed48975f050,closed_captioning,904,141,12,174,94,0,23,0,0,,20,36,348,0,,114,256,0,134,86,41.89835,3,2025-10-15T20:27:12.143447
33f1a4bd-ab46-489d-b5d5-7a3590688bb4,closed_captioning,1480,161,12,356,154,0,117,1,1,,320,99,81,1,,210,342,0,149,181,86.15829264322916,2,2025-10-15T19:53:53.832166
0be84bde-a1d5-4589-9ee2-af0e8e033023,closed_captioning,1030,133,7,250,100,0,38,0,0,,10,23,39,0,,152,234,0,209,131,43.783740234375,3,2025-10-15T19:34:50.754627
88f6a99b-c257-4c74-a2a3-a2cb89b74b62,closed_captioning,562,63,1,138,93,0,112,1,1,,5,5,4,28,,78,105,0,63,23,22.500811767578124,3,2025-10-15T18:42:01.739715
6f3a0306-1ecf-4242-8022-4a87f993067f,closed_captioning,1994,274,19,503,297,0,40,0,0,,52,62,44,0,,333,551,0,421,243,85.083610026041669,3,2025-10-15T17:48:05.908023
ee9c2d23-1367-4530-9357-b1fe5e891393,closed_captioning,723,80,1,209,189,0,29,0,0,,62,14,32,0,,64,104,0,59,7,42.25123697916667,1,2025-10-15T12:48:00.386449
d7552f80-47a8-473a-a5b2-619e136ceea9,closed_captioning,855,93,3,252,168,0,44,0,0,,12,26,16,0,,126,143,0,172,81,41.7328,2,2025-10-15T12:42:08.352028
36713b5b-e20d-4285-825e-ef077ef28b00,closed_captioning,839,91,6,149,91,0,60,1,0,,8,8,23,0,,117,131,0,175,88,41.858483333333332,2,2025-10-15T12:42:08.156936
1a3f3088-a308-46bd-ba90-15ed966e6718,closed_captioning,878,90,2,261,155,0,37,0,0,,16,17,25,0,,109,212,0,222,101,41.83123333333333,3,2025-10-15T12:42:07.973037
e48c746b-9baf-4eca-b543-8e90702a2ce2,closed_captioning,988,70,6,418,202,0,51,0,0,,30,29,46,0,,230,197,0,244,152,41.877399999999994,3,2025-10-15T12:42:07.773406
64d81848-8197-47bb-9af5-6382fed8c201,closed_captioning,762,60,4,250,163,0,20,0,0,,18,17,17,0,,107,154,0,152,75,41.775066666666667,2,2025-10-15T12:42:07.580460
4e2d866b-edbb-4327-a084-bf054aaf9cab,closed_captioning,847,77,2,194,77,0,13,0,0,,25,44,38,0,,117,148,0,259,109,41.775616666666664,3,2025-10-15T12:42:07.178203
ddf7fd12-4d95-455f-863e-64b25ec2d3a1,closed_captioning,1094,137,3,236,135,0,23,0,0,,14,12,29,0,,169,249,4,215,117,43.66862386067708,3,2025-10-15T07:46:07.311787
103cbf3d-639f-4f97-8757-5e70067e5403,closed_captioning,1046,100,11,198,81,0,38,0,0,,13,17,25,0,,139,205,0,268,160,43.783740234375,2,2025-10-15T05:32:20.998839
1258fe9a-8ba3-4985-9694-22cc46250fa4,closed_captioning,428,49,3,108,63,0,21,3,0,,1,16,3,34,,52,112,0,54,33,21.417506917317709,3,2025-10-14T22:03:17.496153
648a0306-238d-47a7-9814-f82aaac83ef5,closed_captioning,587,64,2,136,67,0,10,0,0,,6,11,7,0,,88,168,0,122,84,23.606221516927082,3,2025-10-14T19:50:15.364659
e4df4d37-faac-450d-9df5-c6b45819a2d9,closed_captioning,978,166,9,201,101,0,7,0,0,,11,13,21,17,,164,230,0,160,75,42.9184326171875,3,2025-10-14T17:15:29.376181
589d2417-289a-4acf-a024-797e0d76d480,closed_captioning,1550,182,10,482,196,0,128,5,1,,169,63,57,318,,264,371,0,313,163,84.666666666666671,3,2025-10-14T00:26:59.313211
adc9db62-d66c-44a9-9d97-8600c948ca4a,closed_captioning,705,108,4,134,105,0,21,0,0,,4,14,24,0,,99,79,0,44,13,42.959582519531253,2,2025-10-13T21:32:21.382895
f1022db8-9331-479a-89fb-97d31b8127f7,closed_captioning,523,91,3,108,58,0,23,0,0,,0,5,13,19,,53,70,0,126,61,22.77719930013021,2,2025-10-13T20:53:51.492318
f267a36c-8922-47f5-bbdd-bd7384b09822,closed_captioning,909,160,5,295,181,0,63,0,0,,9,12,21,0,,240,292,0,79,94,43.85075276692708,3,2025-10-13T20:34:38.399039
ed2da87f-e25d-446b-8c54-70ef50565a4b,closed_captioning,614,95,2,183,131,0,19,0,0,,20,3,18,0,,78,117,0,86,8,41.6772,1,2025-10-13T20:14:20.072337
ad6259f7-238f-46b7-976d-f10b820ab366,closed_captioning,732,106,3,223,148,0,34,0,0,,47,16,28,0,,126,173,0,82,22,42.25123697916667,1,2025-10-13T20:14:19.872963
5311648c-9931-4a98-a197-2eea35bd945b,closed_captioning,976,135,9,332,200,0,91,0,0,,18,27,20,0,,200,304,0,152,119,43.851448567708331,3,2025-10-13T20:14:19.641191
18fc6065-ede9-421b-9837-8bbe9236f5e5,closed_captioning,698,50,3,128,107,0,22,0,0,,1,7,17,0,,88,72,0,48,10,42.959582519531253,2,2025-10-13T19:56:21.006910
788d9871-0f9d-4a12-84ed-6983da645cf6,closed_captioning,544,43,1,234,143,0,59,0,0,,6,26,100,0,,103,99,0,32,37,22.083866373697916,2,2025-10-13T18:45:49.213826
d24e9455-614a-40b5-9c57-7cd5df1993af,closed_captioning,784,130,22,250,198,0,77,1,0,,44,33,43,1,,259,278,0,92,102,41.334627278645833,3,2025-10-13T16:00:36.682754
103f2555-41db-4421-9d0a-f03fc11df43d,closed_captioning,233,17,1,76,80,0,1,0,0,,0,0,2,0,,20,15,0,4,8,12.354007975260417,1,2025-10-13T15:47:46.213483
49a38d33-0e15-4234-a57e-305ee9912b84,closed_captioning,184,19,0,34,26,0,6,0,0,,28,6,5,0,,14,31,0,25,7,11.416666666666666,1,2025-10-13T15:47:46.003317
4237894c-256c-4032-b994-e3966d7a7ca5,closed_captioning,444,45,0,73,45,0,36,0,0,,270,13,15,0,,52,73,0,37,6,42.267919921875,2,2025-10-13T12:34:53.883742
a78d7ab7-126c-4c3d-b6b6-0ff9495b5cb1,closed_captioning,900,101,6,242,138,0,28,0,0,,48,16,39,0,,173,226,0,111,98,43.250846354166669,3,2025-10-12T08:56:35.855059
04f9b62b-e5c1-4d50-83a5-e65830e166e6,closed_captioning,902,101,9,367,189,0,41,0,0,,20,40,33,0,,316,369,0,111,128,41.334627278645833,2,2025-10-11T16:03:57.576340
1722ea42-3aec-43c3-a8fc-9ce35fa921c6,closed_captioning,536,37,2,187,172,0,30,0,0,,3,8,1,0,,57,111,0,15,19,22.500811767578124,2,2025-10-11T08:55:23.874196
c3f88041-b324-4c14-9302-bd6e8e28384f,closed_captioning,985,153,20,200,128,0,18,0,0,,38,12,19,0,,165,210,0,245,141,44.251151529947919,3,2025-10-11T06:44:49.488125
9fccdb89-27e6-4100-8bb5-3d3e1adf257d,closed_captioning,567,80,1,216,116,0,17,0,0,,4,11,13,24,,118,139,0,115,88,22.977398681640626,2,2025-10-11T03:03:37.336385
f013ba7a-4e4e-4ef0-89f6-a2959cfd1be4,closed_captioning,487,73,2,110,55,0,15,0,0,,1,6,22,30,,33,60,0,110,49,22.100968424479166,2,2025-10-11T00:35:50.991931
2c6cd0bc-7778-4a5b-be04-be8689881a8a,closed_captioning,1072,135,12,373,178,0,90,7,0,,13,28,27,0,,223,290,0,306,248,43.827115885416667,2,2025-10-10T14:45:07.161305
7ab8059e-ae4f-4edd-9948-f239e88d388a,closed_captioning,893,84,2,250,173,0,32,0,0,,11,27,29,0,,129,126,0,134,77,42.66831868489583,2,2025-10-10T07:50:40.629407
b6bb93f6-82ca-45c2-b072-dcc5f9cd3a56,closed_captioning,993,144,17,249,210,0,39,0,0,,7,11,27,0,,186,246,0,111,87,42.750345865885414,3,2025-10-10T06:17:57.774805
57f0642d-649a-4b9c-9521-74e6290f78c4,closed_captioning,450,68,3,110,72,0,22,0,0,,7,15,200,30,,45,86,0,58,25,21.417506917317709,3,2025-10-09T21:14:08.923375
f6a425fd-9783-4b3a-9fa9-4a74d2f2b3c4,closed_captioning,280,32,1,62,51,0,11,0,0,,1,2,122,0,,11,22,0,14,2,21.417228190104165,2,2025-10-09T18:36:57.947081
84220227-88ad-4425-8964-f015fa247afe,closed_captioning,890,108,3,301,151,0,55,0,0,,42,48,28,0,,264,245,0,108,119,42.252628580729166,3,2025-10-08T22:20:14.052734
4088c3e2-c99d-4655-bd77-0fda3bbf2849,closed_captioning,1023,164,3,297,104,0,56,15,0,,23,34,36,0,,194,306,0,287,180,43.751346842447916,2,2025-10-08T08:36:39.286113
0a5af6ef-d92d-4a40-9d3b-a0a5875da00a,closed_captioning,419,49,3,83,41,0,17,0,0,,11,25,9,0,,69,100,0,43,49,22.067333984375,2,2025-10-08T05:32:52.537284
00d616dc-9a19-4757-b5ad-8a2fe4ff240f,closed_captioning,938,78,5,322,155,0,213,0,0,,103,32,30,0,,220,252,0,86,171,41.541499837239584,3,2025-10-06T19:34:36.155959
ad7f8c95-945b-4a40-b182-e975fd85e81e,closed_captioning,937,157,16,158,82,0,285,0,0,,58,15,33,0,,160,197,0,98,140,41.45808512369792,3,2025-10-06T19:32:05.594267
35eee3d0-77af-4ee9-a801-66ddf9cb9a45,closed_captioning,651,63,3,218,141,0,101,0,0,,169,37,23,0,,171,188,0,72,60,41.32572835286458,3,2025-10-06T18:00:57.773439
a33ab310-b710-40b4-ae10-321a869ceb3e,closed_captioning,1144,176,6,303,139,0,21,0,0,,26,35,22,0,,226,343,0,362,196,44.017305501302083,3,2025-10-06T13:50:40.264221
1ccc530c-422e-46ce-b072-8fb5e7a42c60,closed_captioning,1121,109,7,248,98,0,11,0,0,,10,34,26,0,,186,327,0,272,163,44.017305501302083,3,2025-10-06T13:50:39.865255
a1af1373-9cc8-4d2c-b795-b2db371a2cfb,closed_captioning,1134,144,6,345,159,0,13,0,0,,3,25,20,0,,207,348,0,310,196,44.017305501302083,3,2025-10-06T13:50:39.668864
9191a76b-cb2f-4888-8cc4-9c69f082d4e8,closed_captioning,1135,155,6,275,134,0,15,0,0,,9,29,24,0,,166,320,0,260,131,44.017305501302083,3,2025-10-06T13:50:39.478010
d09393e2-34f8-4840-af19-1be306121639,closed_captioning,991,53,8,215,152,0,76,0,0,,12,10,22,3,,125,203,0,63,49,44.350972493489586,3,2025-10-05T15:09:40.455226
81393f21-662f-4ca5-b848-e9d395586e58,closed_captioning,724,88,3,207,168,0,18,0,0,,7,15,21,0,,76,104,0,46,8,42.959582519531253,2,2025-10-05T12:56:15.642152
8b7df735-c070-45f2-a9cf-f389b2f8d993,closed_captioning,1512,203,5,374,217,0,218,48,0,,26,83,49,27,,231,365,0,246,60,84.49996744791666,3,2025-10-04T07:26:55.990210
a722cd1e-e725-476f-9a91-cdb674421f29,closed_captioning,1032,173,10,253,182,0,18,0,0,,5,14,25,0,,200,232,0,227,140,44.25184733072917,3,2025-10-04T04:37:01.970224
f9baf4bd-ad35-4b39-b627-d05d26eff980,closed_captioning,542,64,5,153,143,0,102,0,0,,5,4,2,7,,79,131,0,43,10,22.584783935546874,3,2025-10-04T03:33:23.660754
1d8b8b0a-f97d-404f-8b53-f22f41e61ec2,closed_captioning,567,81,3,159,75,0,29,0,0,,5,11,15,26,,86,139,0,157,64,22.1176513671875,2,2025-10-04T03:12:22.731764
12f9c9ee-7733-4626-94b5-01ef75f12e06,closed_captioning,522,64,5,117,62,0,15,0,0,,0,3,17,32,,53,78,0,121,48,22.861171468098959,2,2025-10-04T02:53:29.168806
917fbb6f-2ef0-43ce-b54a-7203e87af79c,closed_captioning,1156,102,2,263,137,0,16,0,0,,2,5,13,0,,133,230,0,248,98,46.750174967447919,2,2025-10-04T01:15:20.486480
ab7d3228-b009-4f86-a949-9ff2ddea3c5c,closed_captioning,1116,112,18,238,152,0,46,0,0,,8,20,18,0,,140,206,0,189,148,46.750174967447919,2,2025-10-04T01:13:42.573746
b06e981b-f4b2-4a21-9027-c4acbe9d6508,closed_captioning,1216,134,6,265,164,0,18,0,0,,6,16,22,0,,153,203,0,275,136,46.750174967447919,2,2025-10-04T00:52:41.228319
1f7f7a68-54f5-43ba-abf7-e09daf68850e,closed_captioning,1121,96,23,248,123,0,49,0,0,,6,15,27,0,,120,247,0,228,179,46.750174967447919,3,2025-10-03T23:40:14.114224
3e9f62eb-312b-4a1b-8773-3c1fb6dfc953,closed_captioning,1118,110,15,245,173,0,31,0,0,,4,9,9,0,,120,202,0,193,140,46.751566569010414,3,2025-10-03T23:33:14.889629
fe967e68-faf5-432b-a6a7-52f0f293b527,closed_captioning,518,109,5,134,79,0,80,0,0,,9,11,16,11,,38,101,0,155,68,22.418229166666666,2,2025-10-03T20:58:38.266297
56470ced-3885-401a-8976-f33e3a5f639a,closed_captioning,823,91,9,286,197,0,49,0,0,,38,38,23,0,,237,278,0,119,100,41.167793782552081,3,2025-10-03T19:55:29.396472
73499c14-0939-4e37-a2d3-ca63e5015e1d,closed_captioning,952,162,13,181,107,0,30,0,0,,7,19,14,16,,160,225,0,192,114,42.683614095052086,3,2025-10-03T18:55:56.266061
13122c4c-6c29-4542-b25a-d384aa302c3e,closed_captioning,930,81,5,373,206,0,51,0,0,,43,42,20,0,,379,359,0,147,145,41.33073323567708,3,2025-10-03T15:35:07.750584
2c5af64b-b808-45d3-a0bd-6e1cdcb73a73,closed_captioning,954,90,5,308,147,0,25,0,0,,35,26,44,0,,165,188,0,97,97,43.250846354166669,3,2025-10-03T15:24:59.129682
a287d5c3-98bc-4e35-a106-c4de48d9a002,closed_captioning,1492,186,14,448,316,0,29,1,1,,180,11,41,164,,291,370,0,228,120,84.566666666666663,3,2025-10-03T13:15:55.716197
c9d42211-e443-4666-8297-dc46a0af6914,closed_captioning,1133,168,16,298,198,0,35,0,0,,16,12,20,0,,196,304,0,222,144,43.66862386067708,3,2025-10-02T21:30:10.214383
883f14ae-49f6-4513-bcd0-838be731f951,closed_captioning,1574,272,18,471,302,0,356,44,1,,25,41,38,34,,383,569,0,248,109,84.182991536458331,3,2025-10-02T03:44:31.914105
4d732911-5c4f-4796-b926-68802bdecbb9,closed_captioning,343,36,2,53,37,0,19,0,0,,4,6,11,0,,26,47,0,23,7,21.417228190104165,2,2025-10-01T03:06:44.150730
7d6c1f2a-3c83-4fe5-ae0e-8b4be49998c4,closed_captioning,1094,117,4,389,178,0,200,153,0,,7,32,38,0,,157,171,0,255,169,43.827115885416667,2,2025-10-01T00:45:26.608075
97e41675-a6b5-4672-9854-03f9b4cae66b,closed_captioning,559,49,0,202,181,0,79,0,0,,0,6,9,37,,110,154,0,36,6,22.584783935546874,3,2025-09-30T22:11:14.191441
1986731a-aed2-485a-a338-34f56361f7ab,closed_captioning,612,64,4,201,143,0,123,0,0,,102,28,12,268,,76,126,0,34,26,42.2,3,2025-09-30T22:06:53.377366
01826b7e-ea30-4d51-b132-be4eecd6a719,closed_captioning,565,59,5,186,105,0,44,4,0,,173,27,21,0,,167,177,0,80,59,42.168513997395834,3,2025-09-30T21:30:24.898434
14d69068-2b7e-4f96-89d5-63df17ad3240,closed_captioning,1096,175,11,318,121,0,57,0,0,,14,32,31,0,,188,322,0,336,181,42.750345865885414,3,2025-09-30T19:08:18.416916
9038a783-d67a-4a42-adcf-2566c612a9b8,closed_captioning,928,141,15,218,103,0,291,0,0,,94,31,25,0,,213,275,0,191,177,41.541499837239584,3,2025-09-29T20:39:17.524648
e7a3fd6a-25f9-46a6-ba0d-ae1854b25831,closed_captioning,914,115,7,243,153,0,19,0,0,,14,51,41,0,,168,206,0,170,97,42.7,3,2025-09-29T13:39:01.542476
48728048-129d-4c39-ade7-3d771bb8180e,closed_captioning,915,144,2,268,92,0,369,0,0,,56,29,42,0,,230,297,0,103,177,41.45808512369792,3,2025-09-29T13:36:23.238877
d8b5b3bf-d949-4e67-af08-b30f5618a7ba,closed_captioning,1137,130,6,261,112,0,7,0,0,,17,34,38,0,,185,315,0,293,162,43.618016666666669,3,2025-09-29T12:52:25.330806
47ce2e44-e2fd-41ad-857d-e9c9e15502a3,closed_captioning,512,69,3,143,72,0,18,0,0,,3,4,14,29,,63,74,0,118,64,22.865620930989582,3,2025-09-27T22:33:46.358002
df2eb3b9-4f57-454e-a3d2-0f3e54719421,closed_captioning,587,85,1,190,109,0,35,0,0,,5,9,6,20,,58,74,0,98,66,23.018550618489584,3,2025-09-27T21:39:27.821500
255e8bd2-cc14-4131-81b1-6924fc036a42,closed_captioning,951,131,14,314,244,0,38,0,0,,35,35,211,0,,313,373,0,95,164,42.335347493489586,3,2025-09-27T00:06:59.143063
56983a52-add3-4f0e-9925-9a3cbe748b2f,closed_captioning,1160,181,15,296,228,0,35,0,0,,8,26,40,0,,135,241,0,274,146,46.750174967447919,3,2025-09-26T22:37:47.461445
a7848c47-e811-4487-9d18-9d76cfccc73c,closed_captioning,1093,180,21,240,166,0,59,0,0,,7,12,30,0,,88,222,0,185,123,46.748787434895831,3,2025-09-26T21:08:15.410472
b2fd7a66-f3f0-4fbd-beec-c5b43af80276,closed_captioning,541,91,5,184,138,0,44,0,0,,3,8,10,10,,57,90,0,82,54,22.417533365885415,2,2025-09-26T07:10:16.928417
82b2b358-917b-4b0d-bff3-209e154d1969,closed_captioning,325,32,2,77,56,0,19,4,2,,4,13,13,103,,23,37,0,11,19,22.752591959635417,2,2025-09-25T18:29:59.173369
dc868715-bb5f-4e4b-99b4-c1ed3e32a311,closed_captioning,13,0,0,0,0,0,0,0,0,,0,0,0,0,,0,0,0,0,0,0.75631111666666662,1,2025-09-25T12:27:38.914576
a01e1515-dbb4-40c5-a2c0-dfa74fa645ae,closed_captioning,526,81,6,155,92,0,44,14,7,,3,4,5,0,,135,120,0,107,39,23.083060709635415,3,2025-09-25T01:09:27.454139
4fd26dfa-1bb2-4f11-9efe-314a5e230e62,closed_captioning,730,66,4,207,151,0,16,0,0,,15,7,6,0,,101,178,0,123,17,41.84013264973958,1,2025-09-24T21:42:11.893538
d1ceed42-f80d-4ae6-80ff-4d51643169e8,closed_captioning,818,102,3,272,200,0,47,0,0,,20,3,26,0,,91,155,0,165,34,41.979715983072914,1,2025-09-24T19:44:39.799790
f0c8f103-0a0a-4f98-9d9e-8a6e1215bf84,closed_captioning,1080,111,9,369,196,0,55,0,0,,16,17,23,0,,141,166,0,145,130,43.75,2,2025-09-24T14:29:29.927481
2e1b4713-f38c-4a7b-bc54-cc4863ebb155,closed_captioning,1140,143,9,226,133,0,13,0,0,,12,15,31,0,,133,278,0,198,142,43.75,2,2025-09-24T14:29:29.156042
d5b8e98f-d40e-4e05-86a2-7aa6abad30ba,closed_captioning,577,35,8,165,58,0,32,0,0,,57,54,31,63,,123,158,0,86,76,42.318387858072917,3,2025-09-24T13:32:18.349060
86fc9235-e342-4640-a66a-06bd60ac485e,closed_captioning,984,170,14,177,131,0,37,0,0,,42,17,15,16,,174,226,0,216,105,42.700992838541666,3,2025-09-24T05:35:16.819055
ce96f6b7-632d-4672-ae64-1fdb99e18b7c,closed_captioning,474,63,2,106,86,0,12,0,0,,7,24,8,0,,41,65,0,27,8,22.083866373697916,2,2025-09-23T23:07:02.723529
ea5061e7-82b1-4e29-8b0e-8fe415978d15,closed_captioning,640,57,6,196,116,0,48,0,0,,149,34,22,0,,124,166,0,86,67,42.332568359375,3,2025-09-23T20:16:44.466115
fccc2e03-5572-4300-8fdf-b0e4a0bd43cd,closed_captioning,819,0,0,24,6,0,17,0,0,,1051,739,0,0,,20,31,0,12,12,43.784297688802084,2,2025-09-23T18:52:15.426769
cc2e6a0d-fa36-41d6-9b4a-c5377d7e9812,closed_captioning,410,46,4,93,57,0,21,0,0,,2,11,4,36,,61,79,0,68,31,21.417506917317709,3,2025-09-23T18:41:20.377817
50c5407f-b551-49ed-b1db-5142d1dee241,closed_captioning,575,74,8,140,101,0,32,0,0,,33,72,9,0,,81,109,0,70,57,22.833921305338542,2,2025-09-23T18:38:54.438911
486f9786-81ac-4fce-bf83-b22e9d260888,closed_captioning,416,43,1,105,78,0,27,0,0,,1,9,5,36,,62,88,0,73,34,21.417506917317709,3,2025-09-23T18:36:44.835888
b8d251e5-ae32-41bb-aaa5-00ff8a2b6773,closed_captioning,819,0,0,24,6,0,17,0,0,,1051,739,0,0,,20,31,0,12,12,43.784297688802084,2,2025-09-23T16:17:52.745871
f080471f-c4db-4817-a9e1-b168813f0100,closed_captioning,662,67,3,207,131,0,19,0,0,,203,23,14,0,,97,141,0,71,53,42.604233333333333,3,2025-09-23T16:13:18.008782
01308c69-fb98-44cd-a6bc-406012816bd0,closed_captioning,543,130,4,98,66,0,25,1,1,,3,2,7,17,,53,73,0,201,52,22.083333333333332,2,2025-09-23T16:13:17.786006
a27c2525-3973-41cf-ba52-508411a1df37,closed_captioning,966,124,5,297,116,0,41,2,0,,43,57,33,0,,202,239,0,105,111,45.321663411458331,3,2025-09-22T20:24:35.633754
61504032-32fe-4e87-9a9b-d44999f9bf60,closed_captioning,878,99,7,328,184,0,56,0,0,,39,31,34,0,,290,226,0,86,69,42.335347493489586,3,2025-09-22T18:36:19.419049
606ed673-900a-4812-b0c4-08bf7e3185e8,closed_captioning,928,81,5,228,93,0,75,0,0,,9,47,26,0,,146,270,0,164,126,41.87016666666667,3,2025-09-22T16:44:24.150881
db10ea98-364c-49dc-ba3c-85b5620c45f1,closed_captioning,934,72,1,213,85,0,56,0,0,,24,48,41,0,,138,265,0,162,105,41.874050000000004,3,2025-09-22T16:41:23.189890
df91d675-b5b8-4927-986d-07dd7de843c5,closed_captioning,1370,161,8,424,196,0,253,0,0,,317,107,67,0,,406,500,0,263,220,83.577937825520834,3,2025-09-21T10:10:31.189137
1c5f139c-4104-4085-9622-bb9db7d2e6cc,closed_captioning,724,0,0,0,0,0,0,0,0,,673,611,0,0,,0,0,0,0,0,42.219258626302086,1,2025-09-20T21:22:22.478116
0e3e4c95-445b-45d8-ab82-608e12c74003,closed_captioning,554,80,2,159,90,0,14,1,1,,7,9,8,29,,68,125,0,143,82,22.628717041015626,2,2025-09-20T01:21:10.114123
fe4bceca-b483-4caa-a1f2-47dd35f05593,closed_captioning,1022,125,7,210,96,0,62,0,0,,18,25,27,0,,140,248,0,162,97,43.66862386067708,3,2025-09-19T23:20:04.768353
1861135e-7bea-4572-9885-ce1b3f4d4f7e,closed_captioning,846,119,8,191,113,0,24,2,2,,8,22,24,70,,151,205,0,166,79,42.335347493489586,3,2025-09-19T21:32:40.401376
18afc88c-d806-4d6d-a591-754e2fedcdc4,closed_captioning,320,67,1,55,38,0,12,1,1,,492,6,5,27,,36,53,0,48,13,42.252628580729166,3,2025-09-19T21:21:25.501251
d6e9d17b-492c-46e1-8e0e-7156be29bf71,closed_captioning,696,81,6,179,130,0,6,0,0,,10,14,30,26,,95,99,0,43,48,42.959582519531253,2,2025-09-19T20:20:26.598150
d974467e-2e51-4f84-8fac-07d00af36505,closed_captioning,954,0,0,11,5,0,4,0,0,,707,921,0,0,,11,16,0,2,2,42.185892740885414,1,2025-09-19T19:05:41.011434
4b238221-add7-433e-bdd4-bd08311cac0c,closed_captioning,318,24,3,75,33,0,20,19,1,,4,28,12,77,,55,54,0,21,39,22.752591959635417,3,2025-09-19T17:35:02.943900
f0faaee6-2214-41b8-8b63-97df22a912b8,closed_captioning,841,118,8,159,111,0,14,0,0,,14,21,21,0,,131,203,0,167,93,42.616666666666667,2,2025-09-19T03:05:31.595762
e33f969f-66d1-4f5d-9f87-a3cdb8ee6991,closed_captioning,1098,137,5,253,95,0,41,0,0,,4,21,64,0,,170,262,2,298,144,42.7,3,2025-09-18T21:17:41.811928
d19dead9-5c5a-4ca5-a36a-06564b5a8161,closed_captioning,1912,320,21,364,250,0,101,0,0,,30,39,46,78,,323,373,0,413,193,84.916666666666671,3,2025-09-18T14:54:46.464968
a605f27c-3d90-46c5-805d-ade81df5a206,closed_captioning,711,80,2,234,162,0,36,0,0,,70,9,26,0,,77,94,0,69,2,42.133333333333333,1,2025-09-18T06:02:15.339953
63120d4c-4d3b-4789-8534-250a97e62099,closed_captioning,620,93,2,183,124,0,17,0,0,,33,1,31,0,,72,79,0,87,4,42.166666666666664,1,2025-09-18T05:57:12.202643
72699417-4f1b-4343-9968-071b961df7ec,closed_captioning,772,80,1,246,140,0,23,0,0,,69,30,27,0,,110,126,0,49,69,42.283333333333331,3,2025-09-17T23:04:50.348243
d273d5e5-36a0-4d51-928f-807e66419b31,closed_captioning,515,42,4,115,51,0,44,3,1,,14,20,267,26,,90,120,0,49,63,22.083333333333332,3,2025-09-17T20:09:14.455540
93497836-390a-491e-9723-f6e1839afd6b,closed_captioning,813,64,2,329,154,0,57,0,0,,92,52,25,0,,277,249,0,105,101,42.283333333333331,3,2025-09-17T19:11:17.021505
67438838-846b-4ae7-a3a8-9d3a35ccfd37,closed_captioning,888,110,6,257,142,0,40,0,0,,20,43,26,0,,133,132,0,212,86,43.5,3,2025-09-17T12:51:01.129555
c052aee4-b4fe-4c01-a61e-a3a809b4a7a4,closed_captioning,854,92,7,240,161,0,32,1,0,,7,7,19,76,,132,188,0,168,73,42.283333333333331,3,2025-09-16T20:11:21.827766
54b57f81-230f-4709-9067-0c2afefee693,closed_captioning,881,136,2,246,177,0,20,1,0,,7,8,24,69,,117,173,0,181,61,42.05,3,2025-09-16T18:40:59.326393
42d1584f-1e54-4973-b4c5-22dd19af8276,closed_captioning,885,125,6,238,173,0,11,1,1,,5,14,32,70,,123,190,0,155,83,42.3,3,2025-09-16T18:04:25.629482
038cd416-0b1d-49c1-af3e-e39a7c23cc75,closed_captioning,706,98,6,164,119,0,8,0,0,,11,17,30,47,,88,88,0,39,28,42.916666666666664,2,2025-09-16T18:03:56.052920
df8f11ad-be1d-40ea-bd47-bddf8fac54b1,closed_captioning,566,53,4,121,56,0,3,0,0,,11,15,10,0,,79,118,2,87,73,22.55,3,2025-09-16T15:56:09.835910
cab7f5ca-112e-453b-a3f0-8326fdba3d6b,closed_captioning,965,157,8,287,191,0,56,0,0,,36,24,26,0,,216,288,0,92,111,42.366666666666667,3,2025-09-16T08:40:35.559455
452070f9-1404-4970-a06b-85bafcac1cd9,closed_captioning,933,109,6,180,76,0,16,0,0,,86,22,34,1,,120,200,0,61,141,41.416666666666664,3,2025-09-15T23:55:24.321034
1b3f6a2a-9735-4526-b4e5-036018950f64,closed_captioning,717,67,2,207,80,0,80,0,0,,241,44,38,0,,168,234,0,92,101,44.416666666666664,3,2025-09-15T17:13:33.490319
82a78615-947d-410f-afe1-e5ed35679b21,closed_captioning,543,91,1,132,46,0,73,11,1,,6,16,15,30,,93,151,0,145,95,22.5,2,2025-09-13T02:59:38.009680
52987d24-d461-43e1-a5fc-7d71093f1b3f,closed_captioning,618,64,4,249,129,0,26,0,0,,3,20,9,27,,190,185,0,154,136,22.116666666666667,2,2025-09-13T02:00:52.993613
6c076be5-5ea9-44d2-9e1b-b774959c82de,closed_captioning,821,119,18,277,213,0,36,0,0,,45,31,14,0,,230,277,0,69,65,42.283333333333331,3,2025-09-12T23:09:20.537718
99491d75-fac4-40cc-906e-ab14587dad75,closed_captioning,572,95,3,156,95,0,32,5,2,,5,5,8,10,,59,169,0,187,80,22.383333333333333,2,2025-09-12T20:04:10.920517
6a86b5dd-28ec-466c-b67d-994a10ebd746,closed_captioning,613,0,0,0,0,0,0,0,0,,899,568,0,0,,0,0,0,0,0,42.783333333333331,3,2025-09-12T19:35:18.356164
537f8525-9e8d-431c-a4c9-201538a6ec82,closed_captioning,774,77,5,198,127,0,11,3,1,,60,23,25,0,,125,134,0,55,46,42.116666666666667,3,2025-09-12T18:29:50.847802
53447d49-d087-43d5-91a3-0f782d6931be,closed_captioning,1066,133,7,217,105,0,19,0,0,,123,20,22,0,,121,255,1,162,96,43.616666666666667,3,2025-09-11T22:23:52.519978
c9965080-96db-43f6-91bf-7209098d5948,closed_captioning,548,83,2,157,125,0,37,0,0,,9,3,4,0,,43,75,0,29,20,22.05,2,2025-09-11T20:49:11.989233
e3aaa89b-fa97-4c24-9a40-b443984df00b,closed_captioning,763,103,6,184,107,0,4,0,0,,13,13,35,31,,115,95,0,77,43,42.916666666666664,2,2025-09-09T22:08:59.695845
67d57380-7407-4f30-9d8c-cde11d7b430f,closed_captioning,799,75,3,233,133,0,41,0,0,,42,84,37,0,,133,166,0,187,68,43.5,3,2025-09-09T12:14:51.501302
d0c51a5e-6b95-436a-a3ce-11644d0cadf1,closed_captioning,591,87,3,146,87,0,8,0,0,,4,12,11,1,,98,163,0,97,53,22.5,3,2025-09-09T04:55:22.974362
92a8cca9-ae4d-403b-86ab-ea4da8f31917,closed_captioning,1100,143,7,224,120,0,50,3,0,,6,26,33,0,,112,183,0,277,135,43.81666666666667,3,2025-09-08T18:20:41.593097
5f458de2-7ca4-4bc1-b662-4609b289c9d1,closed_captioning,950,134,0,239,182,0,116,1,0,,11,13,19,37,,160,238,0,62,40,44.35,3,2025-09-07T19:12:01.858374
4b96c4c6-96c4-45f9-ba34-07c5fac4b2d2,closed_captioning,518,64,2,144,103,0,18,0,0,,1,4,12,29,,71,85,0,123,65,22.85,2,2025-09-06T04:05:46.498420
44fbd52d-8886-4e13-8450-002a2446c1d0,closed_captioning,576,84,6,165,121,0,26,0,0,,4,13,3,23,,102,172,0,93,47,21.383333333333333,3,2025-09-06T03:42:27.931481
f8fb1d5b-82cd-4369-aa09-fad502a36afd,closed_captioning,471,59,0,95,50,0,39,0,0,,4,10,15,0,,62,80,0,118,55,22.116666666666667,3,2025-09-06T01:55:00.874283
93038189-86e8-42fb-86df-fa98bdbcbd38,closed_captioning,548,58,0,133,121,0,48,0,0,,7,3,5,0,,68,82,0,26,14,22.05,2,2025-09-05T17:15:19.299064
62bf7a79-18f6-45fa-a234-d9b0d310b8c9,closed_captioning,531,61,2,116,91,0,26,0,0,,17,17,6,0,,42,74,0,26,24,22.05,2,2025-09-05T15:57:49.773048
73c1103a-56ec-4f63-9533-bd843bd83807,closed_captioning,955,112,2,202,122,0,25,0,0,,33,54,21,0,,144,220,0,71,98,42.283333333333331,3,2025-09-05T12:56:05.059755
d09dc823-a308-4f2f-a0cd-7cd431414328,closed_captioning,1143,140,5,344,144,0,58,0,0,,14,20,40,0,,186,337,2,343,212,42.7,3,2025-09-05T11:20:29.943326
cd32e4ca-a728-4cc8-b1a8-73b39ecbf0fe,closed_captioning,1067,168,15,293,160,0,7,0,0,,18,10,21,0,,178,285,0,230,134,44.2,2,2025-09-05T07:03:03.244671
9b0b4f8d-5657-4c0c-89aa-2132d7ff0048,closed_captioning,1000,151,5,289,186,0,62,0,0,,10,14,31,0,,90,210,0,176,88,43.616666666666667,3,2025-09-05T05:49:36.130300
613710ef-5a32-422e-9191-cf987ac51252,closed_captioning,531,42,9,126,73,0,24,0,0,,10,8,12,0,,97,109,0,89,88,22.116666666666667,3,2025-09-05T04:48:49.935952
48299d36-764b-4cec-b1d3-e3713fb7e98f,closed_captioning,1734,196,9,524,282,0,183,43,0,,18,60,50,24,,239,427,0,229,108,84.2,3,2025-09-05T01:15:38.303142
8a657992-da44-4cbf-9b2b-73b317bb8675,closed_captioning,530,68,2,131,56,0,16,0,0,,5,7,14,8,,56,113,0,197,95,22.383333333333333,2,2025-09-05T00:02:03.233800
8c53c045-1737-4ea7-9f65-404944e3088d,closed_captioning,559,51,0,109,52,0,47,0,0,,4,10,19,6,,59,104,0,182,75,22.383333333333333,2,2025-09-04T22:51:18.780787
341d5bf6-00c3-44b2-a4c0-0edf39fd8749,closed_captioning,721,38,2,175,123,0,64,0,0,,110,7,12,0,,94,145,0,47,8,42.616666666666667,1,2025-09-04T22:31:19.167259
383d35ce-aae8-4a18-9791-b9f31f856f18,closed_captioning,775,103,3,279,186,0,37,0,0,,9,4,42,0,,116,85,0,35,11,42.2,1,2025-09-03T19:46:32.086202
05bb5961-88fd-4fb1-be66-27ba1f6a54d6,closed_captioning,426,67,2,94,45,0,19,1,1,,1,10,7,38,,51,80,0,68,39,21.416666666666668,2,2025-09-03T19:05:15.196128
0bd33224-f3a0-4a07-a2e7-40149be1955e,closed_captioning,475,42,8,109,63,0,19,0,0,,5,17,1,9,,87,102,0,62,55,21.0,3,2025-09-03T02:53:43.944910
85416114-a58f-4249-b39f-16a214ce5a3e,closed_captioning,590,43,6,146,97,0,32,2,0,,115,39,29,266,,51,94,0,26,19,42.266666666666666,2,2025-09-01T16:37:06.883704
086371d5-e173-4c3a-a452-29f3928f3bd7,closed_captioning,451,62,5,157,139,0,48,1,0,,2,5,4,0,,101,138,0,76,44,23.083333333333332,2,2025-08-30T05:44:32.972365
65372527-5c62-4714-8ff7-968937b72c75,closed_captioning,577,67,6,201,173,0,80,0,0,,1,3,136,7,,115,137,0,59,15,22.583333333333332,2,2025-08-30T05:13:40.469824
bdbd818b-f06d-4542-a5ad-995f6cd5cddd,closed_captioning,866,103,3,305,215,0,31,0,0,,51,35,30,0,,244,300,1,177,118,42.283333333333331,3,2025-08-29T23:06:41.083942
a3cd4488-13c7-464b-b485-ac04b7ee7c7b,closed_captioning,1007,17,0,47,30,0,40,0,0,,860,841,14,0,,39,67,0,17,14,60.116666666666667,3,2025-08-29T20:39:51.663969
aba8973b-734f-4453-9458-bb93255f178e,closed_captioning,920,18,0,39,20,0,27,0,0,,810,802,13,0,,45,60,0,20,9,57.466666666666669,3,2025-08-29T20:28:53.599671
be03dd2a-76e5-48f2-9121-81c32137302f,closed_captioning,1049,191,14,230,155,0,30,0,0,,10,18,22,0,,146,253,0,133,106,59.466666666666669,3,2025-08-29T20:07:37.292893
28c4caa0-069c-49c1-b8c4-07103d7d63c6,closed_captioning,552,59,3,138,90,0,41,0,0,,3,4,5,25,,110,162,0,42,39,22.5,2,2025-08-29T18:14:36.161356
3b3ede38-db5c-4e2a-922b-4a7a69667506,closed_captioning,489,38,2,165,140,0,32,0,0,,0,4,3,0,,70,154,0,8,3,22.5,2,2025-08-29T05:55:32.399453
95289960-08b9-41b0-9d30-0eff239dcdf7,closed_captioning,585,71,1,135,77,0,11,0,0,,5,5,8,22,,79,133,0,169,67,22.116666666666667,2,2025-08-29T03:00:04.324543
3e8a3b7e-2fd1-4f32-9496-d0a6b028a1c8,closed_captioning,485,47,2,123,62,0,41,0,0,,1,7,8,19,,79,135,0,85,31,21.383333333333333,2,2025-08-28T21:38:39.158218
c542c808-bcf9-4118-af19-eac952b85f40,closed_captioning,576,57,4,157,88,0,24,0,0,,14,7,16,0,,158,102,0,27,8,42.283333333333331,1,2025-08-28T20:59:45.249320
f198bda7-315c-4799-a108-60624458e939,closed_captioning,1669,227,7,508,250,0,53,3,3,,155,49,78,58,,222,388,0,472,196,84.666666666666671,3,2025-08-28T13:37:33.588848
eb1b07bf-c1d7-4e54-b591-f641d143bd72,closed_captioning,1107,143,9,349,138,0,289,0,0,,71,52,25,0,,254,327,0,187,219,41.5,3,2025-08-28T03:38:24.275491
481319a0-cc59-4d08-9281-6fed5d8e2a6e,closed_captioning,516,71,7,166,70,0,14,0,0,,6,16,23,0,,88,132,0,93,78,22.116666666666667,2,2025-08-27T19:02:26.771670
42e8d5fc-c298-49dc-8811-989bebc54797,closed_captioning,850,92,1,246,143,0,40,0,0,,22,25,33,133,,147,180,0,83,58,42.916666666666664,2,2025-08-27T17:23:44.244536
ee66a115-2e95-4534-bbfd-73cb7c36c02b,closed_captioning,1130,96,6,256,139,0,24,4,0,,5,19,18,0,,213,303,0,267,142,44.016666666666666,3,2025-08-27T07:36:04.948476
9638e8db-cace-4a41-9682-86d71a1df1e3,closed_captioning,1104,150,6,211,130,0,17,0,0,,17,24,32,0,,157,297,0,186,90,43.616666666666667,3,2025-08-27T04:17:41.236162
9933b706-b40a-4f1c-b7ec-e2752e8701a1,closed_captioning,1003,141,10,255,115,0,78,0,0,,120,42,39,0,,190,283,0,166,214,43.416666666666664,3,2025-08-27T03:33:34.445599
95eaf625-976a-47e7-b90a-f2ec8c72c94a,closed_captioning,551,93,4,132,66,0,22,0,0,,7,7,8,27,,75,112,0,111,63,22.85,3,2025-08-26T21:42:30.988767
48c5f2d1-9049-4bf3-8def-588a2eeb38d7,closed_captioning,926,128,9,360,222,0,47,7,4,,44,32,25,0,,338,378,0,148,149,42.283333333333331,3,2025-08-26T19:27:31.925947
f06e3705-60f2-4dbe-b39b-88915615afcd,closed_captioning,475,53,4,102,67,0,17,0,0,,15,36,13,37,,61,103,0,81,45,21.416666666666668,2,2025-08-26T18:52:14.739692
6a56f6db-f34d-4bee-adb8-22df95b387ed,closed_captioning,412,41,3,75,37,0,8,0,0,,8,24,14,10,,65,93,0,102,57,21.516666666666666,2,2025-08-26T00:52:16.058554
77a72f72-5ce5-4bb9-8137-a741cda13c82,closed_captioning,533,62,6,132,135,0,13,0,0,,9,10,3,0,,108,153,0,55,32,22.5,2,2025-08-25T20:41:26.303693
f3eed08b-ba8e-4556-9967-1f9566461332,closed_captioning,962,82,7,234,151,0,64,0,0,,11,7,19,20,,155,234,0,62,48,44.35,2,2025-08-24T09:00:38.644372
c3bbae86-e78b-400f-abf0-dbb2e475e6ea,closed_captioning,926,136,4,206,151,0,28,0,0,,2,5,28,0,,110,163,0,213,108,43.7,2,2025-08-23T10:19:19.161761
983e1ef0-cad7-4d00-9394-d7aadbff8e11,closed_captioning,999,132,9,281,178,0,67,3,1,,17,14,23,13,,223,275,0,231,127,43.75,2,2025-08-23T08:28:28.386999
cdf82e8d-3cf0-4c7f-9dcb-6e03ecfd2cfd,closed_captioning,822,138,7,158,94,0,13,0,0,,68,33,28,0,,108,174,0,229,125,42.216666666666669,2,2025-08-23T06:08:08.323902
62b0c789-750e-43e0-8002-0a873a24f4a5,closed_captioning,543,55,1,134,86,0,29,0,0,,1,2,230,4,,107,163,0,59,18,22.583333333333332,2,2025-08-22T22:41:15.379002
2fe57c6a-788d-4b1c-87d3-0da586095fe0,closed_captioning,450,44,3,172,137,0,28,0,0,,2,2,3,56,,84,136,0,21,3,23.083333333333332,2,2025-08-22T18:14:11.774568
c78e7f71-c750-411b-9190-6300dac77c63,closed_captioning,1142,165,6,250,141,0,29,0,0,,5,7,47,0,,116,219,0,309,178,43.783333333333331,2,2025-08-22T02:28:54.691078
64c4a5ae-6769-44b3-838e-ef2c6f1ee25f,closed_captioning,1016,125,6,186,99,0,21,0,0,,18,23,25,0,,110,268,1,142,99,43.616666666666667,3,2025-08-22T01:52:57.036455
274db7d3-9346-40bf-955e-aa4bdddc55c1,closed_captioning,477,79,3,161,80,0,25,0,0,,10,10,9,12,,108,140,0,110,83,22.383333333333333,2,2025-08-21T19:38:45.701568
d5ff17ec-2d79-4519-8c5b-5069b476993f,closed_captioning,510,70,4,186,85,0,14,0,0,,3,12,17,30,,93,141,0,165,100,22.383333333333333,2,2025-08-21T19:20:05.775472
91384dac-4a3e-4b7a-9c4c-8edb4287ac1e,closed_captioning,1455,166,4,441,355,0,19,6,6,,11,5,34,1262,,182,238,0,13,2,93.083333333333329,1,2025-08-21T13:00:46.418894
280bd566-5de5-42bc-8b9e-b3dd4dbb7f06,closed_captioning,724,89,4,209,151,0,23,0,0,,24,2,12,0,,153,114,0,40,4,42.2,2,2025-08-21T11:03:06.626457
f77c0ebd-90a2-4d81-89ed-2b4c6b9727e2,closed_captioning,398,58,4,80,51,0,8,0,0,,2,13,3,36,,53,87,0,49,31,21.416666666666668,2,2025-08-20T20:31:20.917415
59b92bae-93ef-452a-b1be-11a0a240218a,closed_captioning,432,83,7,105,98,0,27,0,0,,1,2,5,0,,70,116,0,70,31,23.05,2,2025-08-20T18:21:18.989367
555444de-2a8c-4def-a0b9-3c2410739577,closed_captioning,456,65,3,115,107,0,27,0,0,,3,7,0,0,,86,124,0,2,6,22.5,2,2025-08-20T11:35:20.308942
d8b87a5e-6e88-450f-bfc9-d3a67f4f69c7,closed_captioning,855,107,12,267,164,0,86,0,0,,12,24,20,240,,128,246,0,119,77,43.85,2,2025-08-20T00:20:38.474040
a5729339-a6cc-4032-8f7b-73f1b73706bc,closed_captioning,1834,230,9,575,275,0,265,0,0,,230,54,48,0,,367,471,0,422,266,82.65,3,2025-08-19T23:54:33.052011
c384231d-478b-4a1f-932e-d784025abd23,closed_captioning,1075,161,8,245,191,0,37,0,0,,9,11,24,0,,104,140,0,150,74,43.75,3,2025-08-19T23:49:48.131840
9abe5640-d7e0-4c81-935d-429f216094b2,closed_captioning,480,52,1,89,37,0,40,0,0,,6,10,21,0,,62,107,0,108,40,22.116666666666667,2,2025-08-19T20:58:10.426102
dbd05450-c72b-4d5c-8c22-e679350dde1c,closed_captioning,1087,152,8,326,189,0,18,0,0,,8,6,22,10,,173,245,0,377,165,43.75,2,2025-08-19T12:53:13.531929
f7d5aa61-b677-4227-bfa7-9a9768c92409,closed_captioning,740,0,0,3,2,0,2,0,0,,900,706,0,0,,5,5,0,1,0,42.7,3,2025-08-19T03:40:09.895415
ee6755b5-5467-4eec-b17b-3fc7287030da,closed_captioning,381,46,3,101,88,0,16,2,2,,0,1,3,0,,39,61,0,35,0,22.75,1,2025-08-19T01:04:57.423132
5e9688b3-624c-4140-ba29-8ed33a438fce,closed_captioning,719,61,9,97,63,0,49,2,1,,35,18,36,275,,111,97,0,47,7,42.833333333333336,2,2025-08-18T22:46:51.934440
451f9055-9a18-45e3-9651-81ede2c435bc,closed_captioning,530,65,4,134,122,0,49,0,0,,0,5,2,0,,113,155,0,28,27,22.5,2,2025-08-18T21:38:21.232659
5c7fbf10-d290-4516-91d6-d64afd62a235,closed_captioning,566,82,7,186,129,0,18,0,0,,2,4,12,21,,98,149,0,52,24,21.383333333333333,3,2025-08-18T20:45:22.316428
82e06761-dc46-48cb-8199-c6a443464ef1,closed_captioning,490,69,4,124,121,0,40,0,0,,1,1,1,0,,83,143,0,56,23,23.083333333333332,2,2025-08-18T19:15:31.095493
911eaeba-1d05-40fc-a090-cfbd7a88fa3a,closed_captioning,1723,224,8,512,257,0,53,0,0,,113,49,86,65,,241,366,0,452,148,86.666666666666671,3,2025-08-17T17:31:58.151970
9f53a199-d1b7-4b62-adba-661d7f7b3d0e,closed_captioning,666,89,4,134,56,0,24,0,0,,43,68,56,53,,96,168,0,87,58,42.3,3,2025-08-17T13:57:34.675798
4db47e9e-d5e9-4597-a68a-0ab916599770,closed_captioning,615,88,2,151,95,0,80,0,0,,162,6,220,0,,97,116,0,75,9,42.783333333333331,1,2025-08-16T22:59:54.571902
66a88e3b-3902-44a4-88c8-7ccb8687a418,closed_captioning,695,79,2,152,59,0,57,0,0,,68,70,40,56,,102,172,0,102,62,42.31666666666667,3,2025-08-16T14:26:33.846816
d92cf3ae-2107-4fb2-9851-abf87b0fcb78,closed_captioning,838,98,8,141,61,0,47,0,0,,17,21,23,24,,160,190,0,62,65,44.35,3,2025-08-16T08:02:29.893698
d5b0cbe0-f457-4056-8289-073b7c99cdd9,closed_captioning,1039,147,6,259,155,0,8,0,0,,17,17,19,6,,176,247,1,69,131,42.266666666666666,3,2025-08-16T05:42:01.949811
d7c22b0f-e8c3-4629-b408-199a954c30ee,closed_captioning,570,60,2,123,53,0,31,0,0,,16,5,18,0,,65,150,0,161,102,22.4,3,2025-08-16T02:22:36.763505
d6c0121e-c751-4a46-9fbe-005f7738b185,closed_captioning,504,109,7,101,76,0,21,0,0,,3,6,4,28,,88,111,0,124,53,22.816666666666666,3,2025-08-16T01:17:11.932447
561cba84-4bae-4d54-9875-f255aa98237e,closed_captioning,1019,113,4,221,106,0,24,0,0,,29,12,33,0,,182,264,0,172,130,43.25,3,2025-08-15T22:54:46.846917
0590dae5-df09-4fcf-a6dd-40bf0575b465,closed_captioning,541,68,3,168,170,0,88,0,0,,2,2,1,5,,109,132,0,36,7,22.583333333333332,2,2025-08-15T21:15:19.831508
53ef464b-1956-4013-b8c7-574d496f33f0,closed_captioning,447,29,2,162,143,0,207,0,0,,0,4,1,53,,133,173,0,9,3,23.083333333333332,2,2025-08-15T20:57:25.048481
9619f3ae-cff0-4d32-a74b-55bdda525f88,closed_captioning,729,91,1,198,94,0,39,2,2,,33,31,34,242,,123,150,0,147,86,42.333333333333336,3,2025-08-15T19:05:09.743674
508ef645-e1ed-4d51-b3fe-0e2adf97cd40,closed_captioning,878,110,12,299,207,0,18,0,0,,27,24,29,0,,312,322,0,114,122,42.283333333333331,3,2025-08-15T17:23:12.399773
ed657d44-22d1-47d8-81ab-df79460f6bf3,closed_captioning,770,113,7,214,137,0,29,0,0,,104,24,40,0,,127,188,0,101,88,44.366666666666667,3,2025-08-15T03:49:20.131234
99298295-78ba-45dd-9689-634e9286c414,closed_captioning,1118,148,5,236,123,0,48,1,0,,23,24,23,0,,120,311,0,181,103,43.616666666666667,3,2025-08-15T02:21:59.818827
d3262237-2de1-4a92-af2c-8ca617c64577,closed_captioning,840,123,6,202,138,0,9,0,0,,17,28,33,0,,138,150,0,127,76,42.533333333333331,2,2025-08-15T01:15:25.595474
24965310-8766-4020-a5c3-f51f34197ce7,closed_captioning,494,48,1,181,146,0,8,0,0,,0,1,0,1,,86,159,0,4,3,22.5,2,2025-08-14T23:09:03.582196
6b952e05-9085-4e0d-8c46-96b4611fade4,closed_captioning,1004,137,2,217,133,0,57,0,0,,26,16,14,6,,184,259,0,77,80,42.366666666666667,3,2025-08-14T22:39:02.987664
5667877b-aac5-47b5-b99c-ec45600e49f1,closed_captioning,1658,252,7,419,279,0,35,1,1,,10,14,37,168,,232,348,0,274,115,84.6,2,2025-08-14T20:07:02.193637
c9daaf13-51fc-4a39-9f44-547e4f1dfef3,closed_captioning,678,72,1,185,58,0,32,0,0,,61,53,40,35,,107,148,0,117,61,42.31666666666667,3,2025-08-14T11:36:48.987397
62537bad-9744-4235-857f-eb6274d2a666,closed_captioning,790,89,5,226,126,0,59,1,1,,132,44,23,102,,175,274,0,152,108,42.666666666666664,3,2025-08-14T09:05:14.730361
c893fa25-5157-436d-8787-3a2f22a4678f,closed_captioning,485,71,0,95,39,0,22,0,0,,10,11,8,14,,46,85,0,97,60,22.383333333333333,2,2025-08-14T02:04:54.395786
2fcb174e-8a11-49ad-8182-b1b2e744ebea,closed_captioning,725,81,6,191,56,0,63,0,0,,78,64,37,48,,125,201,0,118,90,47.06666666666667,2,2025-08-14T01:26:10.893044
1f631368-25f4-4fb6-83ab-ebff772530de,closed_captioning,551,61,4,164,83,0,23,0,0,,3,9,12,22,,113,155,0,94,64,21.383333333333333,3,2025-08-13T21:16:36.517950
f45425dd-6e7c-470f-833c-1bb0fd217168,closed_captioning,524,82,6,103,43,0,19,0,0,,5,10,5,4,,77,118,0,159,53,22.383333333333333,2,2025-08-13T18:42:09.526458
cb757122-d289-4854-8dcd-a05481f5e853,closed_captioning,849,80,4,275,124,0,49,0,0,,140,77,38,7,,174,259,0,119,128,42.283333333333331,3,2025-08-13T17:47:18.711595
9d7d3ea6-4c0e-43ae-a735-01a5d28df642,closed_captioning,615,85,1,136,118,0,77,0,0,,107,7,19,0,,114,132,0,43,7,42.2,1,2025-08-13T15:49:51.258403
025a45ae-4397-4f2d-a041-bb33044be532,closed_captioning,435,50,0,145,122,0,33,0,0,,0,1,2,0,,48,79,0,43,5,22.75,3,2025-08-13T04:26:49.061687
44e4d0c9-5887-4ae9-8f4c-bd4ece9b95fa,closed_captioning,452,64,4,124,78,0,7,0,0,,5,12,10,44,,54,101,0,64,37,21.416666666666668,3,2025-08-13T00:37:32.547978
7418e75d-a973-4cc4-bc87-098588a85b04,closed_captioning,1827,236,4,544,249,0,242,1,0,,251,76,42,0,,524,663,0,456,268,87.75,3,2025-08-12T20:29:44.055903
2e3edc37-8e69-470b-b97e-98689f653645,closed_captioning,707,50,5,147,81,0,45,0,0,,151,23,27,0,,118,179,0,133,88,42.533333333333331,2,2025-08-12T19:08:30.611914
11091237-be83-4127-beb9-b3ddff904ff7,closed_captioning,1095,178,9,217,130,0,23,0,0,,16,13,25,0,,134,281,2,227,118,43.616666666666667,3,2025-08-12T16:19:24.387529
bddd5049-09fc-4d9c-8914-f2585a3889c0,closed_captioning,810,108,6,261,146,0,37,0,0,,121,35,25,0,,132,227,0,119,123,44.366666666666667,3,2025-08-12T15:53:14.141807
b0c4f755-befe-43a4-8189-8facda3980a8,closed_captioning,1089,138,8,207,110,0,21,0,0,,16,29,39,0,,106,210,0,241,133,43.783333333333331,3,2025-08-12T15:37:30.848876
2826cc1b-f836-4523-a63a-bfd4310f272f,closed_captioning,712,81,14,169,124,0,47,1,1,,50,17,15,282,,120,87,0,46,17,42.833333333333336,2,2025-08-12T05:12:10.386881
52883fca-6f89-4739-97ac-cbd36e0976bd,closed_captioning,611,75,9,207,196,0,49,1,1,,2,10,5,34,,156,230,0,67,70,22.5,2,2025-08-12T00:47:52.587829
ecfdf4fa-ca4a-4359-b89d-ff07c879556d,closed_captioning,600,66,2,178,116,0,59,0,0,,3,4,21,0,,127,97,0,50,3,42.2,1,2025-08-12T00:26:11.797860
6909ce18-4091-4a21-bbd8-b6221e386be5,closed_captioning,475,51,2,98,66,0,8,7,6,,6,13,17,0,,58,123,0,116,48,22.116666666666667,2,2025-08-11T23:50:04.698617
ff09a688-8608-452b-a4da-9e691adf62d4,closed_captioning,684,87,0,217,152,0,44,0,0,,103,11,28,244,,74,124,0,73,25,42.016666666666666,3,2025-08-11T22:54:17.208155
3e0bddd2-c5ee-4d31-8299-ea34466f8b04,closed_captioning,453,63,3,104,100,0,8,0,0,,0,0,1,12,,47,54,0,18,10,21.35,1,2025-08-11T15:43:17.108582
c653da46-522d-487e-85dc-14f8fd9fdbe5,closed_captioning,840,110,9,295,153,0,18,0,0,,33,45,26,0,,237,291,0,115,117,43.25,3,2025-08-09T18:14:50.519735
34339ad6-ae39-46d3-83d7-46261aedabf7,closed_captioning,1447,236,16,414,177,0,119,0,0,,263,44,78,0,,418,574,0,329,240,85.683333333333337,3,2025-08-09T15:21:57.517917
78ef4d9c-641f-40f4-9f80-c08bc4e0bfb7,closed_captioning,823,103,6,230,136,0,22,0,0,,160,36,23,0,,127,197,0,111,96,42.7,3,2025-08-09T12:30:44.531840
25f41cef-fc6f-486c-aa3d-3625f71b11de,closed_captioning,478,57,4,82,51,0,21,0,0,,136,8,7,0,,70,95,0,27,7,42.216666666666669,2,2025-08-09T04:23:52.375440
c8bf35c4-31d1-4dd5-9f66-b6a74ae216b2,closed_captioning,629,72,7,205,91,0,31,0,0,,158,29,31,0,,129,184,0,93,57,44.366666666666667,3,2025-08-09T04:18:02.448289
8da8b046-5f5a-4c62-b2f8-319a89669002,closed_captioning,554,58,4,163,125,0,80,0,0,,2,4,1,4,,95,131,0,53,12,22.583333333333332,3,2025-08-08T23:33:18.174735
409ae27f-1ed1-464c-b939-d739437a4889,closed_captioning,604,59,2,220,144,0,9,0,0,,5,10,11,10,,172,198,0,106,118,22.25,3,2025-08-08T21:07:47.220532
4bbdc04c-1719-4bb0-ae35-ddfc4f603aa7,closed_captioning,533,29,3,136,84,0,40,1,0,,191,44,52,39,,60,97,0,57,13,42.18333333333333,2,2025-08-08T19:41:42.684212
bf45d9c0-cbd8-4bb0-9883-51f171d692ba,closed_captioning,922,121,8,347,227,0,40,0,0,,31,42,180,0,,375,322,0,102,143,42.2,3,2025-08-08T18:41:43.506910
4e4e2be9-313f-4733-93e7-9a2d7aa55b11,closed_captioning,764,90,3,149,102,0,7,1,1,,10,22,20,44,,112,130,0,46,33,43.366666666666667,2,2025-08-08T18:38:20.871590
2602f5a1-d67e-4c28-b836-b5ff4e4d7a4e,closed_captioning,705,109,4,229,188,0,67,0,0,,2,7,15,0,,131,142,0,97,8,42.2,1,2025-08-08T07:37:08.410814
b1408759-bedc-4838-8222-5e9168d8fe8c,closed_captioning,871,132,10,288,155,0,31,1,1,,28,22,31,2,,210,288,0,110,104,43.8,3,2025-08-08T04:11:51.378922
6cd99a95-20e1-456f-ae4d-c4b44183a4c8,closed_captioning,822,110,2,156,93,0,58,0,0,,5,9,23,170,,98,124,0,38,41,42.916666666666664,3,2025-08-08T03:19:58.017920
cdee7b60-95e3-4de4-b98a-77dc6dc2a641,closed_captioning,400,47,0,81,59,0,12,0,0,,3,5,13,0,,79,76,0,6,0,21.633333333333333,1,2025-08-08T02:42:12.065366
fae4ea2e-a621-4dfc-b0f4-84b547b3ce34,closed_captioning,1236,152,0,263,111,0,44,0,0,,112,92,53,102,,150,291,0,190,93,84.63333333333334,3,2025-08-07T18:25:58.817063
b8ad1be3-9881-4cd8-b377-9390eb99a5a4,closed_captioning,1632,188,10,539,251,0,62,0,0,,151,38,109,72,,254,368,0,315,146,84.666666666666671,3,2025-08-07T15:44:07.567294
fc5f4ead-fc36-4e4d-8780-409e368a7b71,closed_captioning,820,97,4,269,148,0,25,0,0,,46,21,34,0,,153,277,0,170,85,42.616666666666667,2,2025-08-07T05:39:52.908395
e8b2d41b-d607-4741-aa9c-80f3ddadb5aa,closed_captioning,366,41,4,85,46,0,0,0,0,,3,2,27,309,,13,58,0,1,7,53.483333333333334,1,2025-08-07T00:44:38.292266
2949499e-56e8-4a34-aa5f-ac4793ced0f4,closed_captioning,366,47,4,84,61,0,8,0,0,,2,11,8,112,,55,86,0,39,18,22.716666666666665,2,2025-08-06T23:32:52.241077
332becc3-fb08-4913-b8bb-a5cf99aa9e91,closed_captioning,449,48,2,94,72,0,0,1,1,,10,8,15,370,,23,48,0,1,0,53.533333333333331,1,2025-08-06T23:11:18.658296
ed817a5f-91b4-4284-9a38-17be45cdce0c,closed_captioning,466,52,2,95,54,0,4,1,1,,5,3,11,376,,35,73,0,2,7,53.31666666666667,1,2025-08-06T22:49:20.571802
08b97108-b530-435c-af01-416122463c7a,closed_captioning,449,65,4,124,64,0,0,0,0,,0,3,19,379,,25,65,0,5,5,53.9,1,2025-08-06T22:28:09.496468
75a090b7-52df-4a66-b963-27c7af48280d,closed_captioning,467,49,4,129,85,0,1,2,2,,4,6,14,372,,32,65,0,1,1,53.666666666666664,1,2025-08-06T21:35:01.733046
372f3758-90f7-45b2-aed4-923958940b39,closed_captioning,1178,150,5,289,158,0,12,0,0,,9,20,17,0,,217,355,0,325,198,44.016666666666666,3,2025-08-06T20:42:27.318457
aa46aec3-374d-4160-9fcd-fa92adb5d141,closed_captioning,334,28,2,104,64,0,32,4,1,,3,6,11,102,,25,68,0,42,22,22.716666666666665,2,2025-08-06T02:54:50.228392
65b1eb05-be1d-497a-8a79-0aafa6d589ff,closed_captioning,793,111,5,147,81,0,9,1,0,,27,16,18,121,,108,130,0,49,20,42.916666666666664,3,2025-08-06T01:55:37.226889
931c717c-7162-4d98-b98e-fd4666e70b98,closed_captioning,859,0,0,33,9,0,13,0,0,,747,780,1,0,,33,42,0,12,4,42.2,3,2025-08-05T18:32:46.670171
2d16870d-aed4-4927-89e6-c09ec702af94,closed_captioning,414,54,2,109,70,0,13,0,0,,1,5,5,46,,45,121,0,53,19,21.416666666666668,2,2025-08-05T12:20:43.364778
127e92b6-8c7e-46bb-bc7b-138f2d38ef4b,closed_captioning,828,103,6,264,182,0,14,0,0,,36,21,23,0,,173,267,0,80,110,43.25,3,2025-08-05T08:55:28.001507
3757aa0b-9f0d-4ac5-ad85-4c7174efadff,closed_captioning,519,58,4,146,108,0,36,0,0,,7,7,5,0,,98,149,0,95,51,22.25,2,2025-08-05T08:47:18.491121
5a78dd0c-d635-41b4-9c24-62b3eb94adbf,closed_captioning,577,73,6,194,82,0,27,0,0,,3,9,13,2,,164,212,0,237,181,22.116666666666667,3,2025-08-05T08:43:12.376370
dd73f4b4-e45b-4207-89a9-9332a3486a01,closed_captioning,718,71,0,248,134,0,81,0,0,,88,36,19,247,,85,148,0,91,43,42.083333333333336,3,2025-08-05T08:41:52.007125
942500ad-85e8-44ae-9ff8-63d61590e5d0,closed_captioning,466,60,2,151,92,0,6,0,0,,3,8,2,0,,91,144,0,62,47,22.25,2,2025-08-05T08:29:50.118264
e419f4ff-105a-4ec9-b1c3-99742b455b8c,closed_captioning,520,74,6,120,79,0,19,0,0,,5,4,3,1,,95,117,0,62,61,22.25,2,2025-08-05T08:28:05.222889
0b747956-6281-4ac8-8496-5ac63c6ef7a7,closed_captioning,538,56,4,181,103,0,69,0,0,,4,5,9,0,,93,99,0,111,80,22.633333333333333,2,2025-08-05T08:10:55.190382
9548e6fc-2e34-4b16-8d3e-716b02462ee1,closed_captioning,573,75,1,130,64,0,39,0,0,,2,3,6,0,,115,169,0,125,80,22.4,3,2025-08-05T08:08:25.612240
a5fad861-7c33-43ad-9fcb-22f67aad4d1d,closed_captioning,499,63,8,130,87,0,10,0,0,,5,9,11,0,,99,159,0,92,64,22.25,2,2025-08-05T08:03:53.604668
14539f14-41e6-49d0-a88f-4ba2eca92e9f,closed_captioning,1377,201,4,385,136,0,152,0,0,,386,95,39,0,,280,439,0,265,203,87.65,3,2025-08-05T08:01:27.837175
bb7f1cb8-e21c-4422-a6e6-cfa5a8130bda,closed_captioning,1235,179,7,255,106,0,62,1,1,,130,50,54,88,,139,280,0,189,104,84.63333333333334,3,2025-08-05T07:46:21.583217
ec102094-b38f-41e6-a5bf-d5484a79e1f1,closed_captioning,476,67,3,137,108,0,53,0,0,,190,5,9,0,,78,106,0,39,5,42.216666666666669,2,2025-08-05T07:43:37.684886
438bcf16-c247-424e-8fcc-d7bd1a014261,closed_captioning,868,118,6,242,125,0,39,1,0,,73,26,18,0,,143,222,0,167,102,42.7,3,2025-08-05T07:21:57.147177
6a18261f-ef6c-4aec-ac57-6e3a921d07ca,closed_captioning,464,59,5,150,102,0,103,0,0,,1,2,3,0,,89,136,0,79,44,23.083333333333332,3,2025-08-05T06:40:30.241051
d6d37441-9f46-4922-88d2-ffbbd76f5127,closed_captioning,402,41,1,88,91,0,24,2,0,,0,1,5,0,,51,65,0,47,0,22.833333333333332,2,2025-08-05T05:15:03.453810
d9965997-e8d9-4649-add5-d6bccde3b333,closed_captioning,442,42,7,117,111,0,25,0,0,,5,3,4,0,,76,95,0,40,34,22.25,2,2025-08-01T08:47:14.732671
9c2cf078-9b7d-48d1-9fac-08815e7a8236,closed_captioning,556,68,2,142,60,0,31,0,0,,7,9,9,25,,86,145,0,161,70,22.116666666666667,2,2025-08-01T08:11:45.734067
90a444a1-ad5b-40e5-9207-eaaa730d2a8f,closed_captioning,551,74,2,122,72,0,9,0,0,,1,10,16,0,,83,139,2,85,75,22.55,3,2025-07-31T23:59:27.923745
b34aa646-9d89-4ef5-b637-9d763891ce46,closed_captioning,566,80,3,117,72,0,7,0,0,,8,16,13,0,,67,145,0,94,60,22.55,3,2025-07-31T23:49:13.984582
ff3b0fe8-af6f-4a25-a0b9-e1bed107d2ba,closed_captioning,384,47,5,125,64,0,13,0,0,,2,10,14,12,,89,112,0,85,52,21.516666666666666,3,2025-07-31T21:28:32.151261
1f9870f3-d40e-474c-a6f3-8a2938fa9ffe,closed_captioning,593,64,1,155,148,0,17,0,0,,4,5,10,1,,43,75,0,39,39,22.25,2,2025-07-31T17:50:15.950608
dacf1d99-42d9-46b3-8766-6defca8acb8c,closed_captioning,715,78,3,125,82,0,31,0,0,,20,6,19,15,,152,125,0,55,15,42.133333333333333,1,2025-07-31T16:17:45.339655
34579336-a1ad-4e91-b3e2-f0cb97cc0e34,closed_captioning,569,81,13,177,128,0,12,1,0,,0,3,8,1,,85,146,0,68,57,22.25,2,2025-07-31T15:36:41.206618
c1dc0320-b0cc-4345-a956-60aa5f24b03b,closed_captioning,489,42,1,191,151,0,26,3,1,,2,2,1,58,,124,181,0,7,7,23.083333333333332,2,2025-07-31T15:23:06.629354
dba3e0f4-3480-4822-85c2-9f0a618b77b7,closed_captioning,544,93,11,143,113,0,11,0,0,,2,5,7,16,,71,124,0,99,45,21.383333333333333,3,2025-07-31T14:09:44.890698
b5e2e102-a700-4967-a0fa-e654f642b6f9,closed_captioning,918,111,7,295,145,0,79,0,0,,130,29,24,0,,265,259,0,109,117,44.366666666666667,3,2025-07-31T08:16:57.766262
c622bec7-822b-49c0-b45c-b1dc22476937,closed_captioning,601,70,5,209,153,0,32,0,0,,6,11,13,16,,80,134,0,197,113,22.383333333333333,2,2025-07-31T02:58:01.285521
2ef1112d-cb75-4ff3-83d2-841fc0c099c9,closed_captioning,677,87,2,173,127,0,37,2,2,,99,17,29,274,,47,105,0,35,18,42.1,3,2025-07-31T00:48:25.934552
2b0b6889-a752-4a5a-b815-1cead7cfcff9,closed_captioning,987,145,12,198,116,0,65,0,0,,5,5,36,11,,134,227,0,303,157,43.833333333333336,2,2025-07-30T18:55:19.658837
ac9760a9-3dd2-420b-b89d-36eab513e4ce,closed_captioning,389,44,0,98,78,0,11,0,0,,2,6,10,0,,58,69,0,18,0,22.583333333333332,3,2025-07-30T18:36:32.010893
f1ea1c36-9349-4c4d-aa83-3de9a5c0a0f0,closed_captioning,514,74,6,134,108,0,11,0,0,,5,5,11,0,,55,100,0,64,39,22.25,2,2025-07-30T18:01:53.135272
41c14459-2425-4f35-a926-d859023f62ac,closed_captioning,457,50,4,112,133,0,5,0,0,,2,5,10,0,,45,84,0,70,33,22.25,2,2025-07-30T17:05:22.206901
f061ea54-3f24-47df-83de-ad14d47077fc,closed_captioning,448,69,6,103,80,0,11,0,0,,3,1,8,0,,52,88,0,67,33,22.25,2,2025-07-30T16:15:15.269468
56adb080-4842-40a7-b149-17d770b464cc,closed_captioning,551,81,9,115,91,0,18,0,0,,18,2,277,0,,66,106,0,97,64,22.25,2,2025-07-30T15:30:28.861799
efd6b2bf-e6ac-4513-b199-da77d6d2c9ac,closed_captioning,1065,108,6,220,130,0,66,0,0,,4,9,45,9,,128,236,0,247,112,43.75,2,2025-07-30T13:21:36.871081
e4ed1900-56c4-45e6-88c1-bf8dd9c92b46,closed_captioning,926,104,6,382,214,0,56,0,0,,79,24,24,0,,303,336,0,143,173,42.283333333333331,3,2025-07-29T21:44:17.069208
03a55198-5f41-4f1c-a3da-b303395ffa76,closed_captioning,1320,158,8,314,133,0,34,0,0,,105,73,56,82,,194,335,0,205,98,84.65,3,2025-07-29T17:34:32.952799
8cdfab8b-b3d0-4686-b332-6497ebf0f123,closed_captioning,918,15,0,74,17,0,11,0,0,,693,771,25,0,,44,69,0,18,25,42.283333333333331,3,2025-07-29T16:52:45.206840
d0229d2a-c6f7-4a86-b0cb-9a62f869ab30,closed_captioning,569,72,1,158,86,0,36,0,0,,4,14,14,24,,102,146,0,82,65,21.383333333333333,2,2025-07-29T07:19:43.922895
e4824984-95af-418e-825d-294335573ea4,closed_captioning,1763,132,13,355,208,0,94,0,0,,119,38,50,0,,178,327,0,229,175,84.983333333333334,2,2025-07-28T18:35:09.701241
3f060499-7cbc-4d62-9297-832a66a1a7b3,closed_captioning,1121,172,10,285,202,0,50,0,0,,9,13,24,0,,132,294,0,136,109,44.366666666666667,2,2025-07-28T14:23:53.389808
dbfc02d0-fc28-4802-9807-5706fa8ea7be,closed_captioning,1073,150,11,325,245,0,91,0,0,,3,12,21,0,,148,290,0,90,64,44.2,2,2025-07-28T14:23:53.021065
e2faccc9-0f9f-4b6d-a474-85204ff8c4f2,closed_captioning,1331,141,5,369,135,0,106,2,0,,180,127,60,81,,156,295,0,206,95,84.63333333333334,3,2025-07-27T18:24:51.720243
6afa1925-2813-47d6-9707-39bc91f03dde,closed_captioning,496,49,2,109,33,0,52,0,0,,3,5,17,0,,69,107,0,143,79,22.633333333333333,2,2025-07-26T21:10:05.145108
46a34137-36f8-4a35-b8f3-c5b709e8e07f,closed_captioning,920,112,12,360,182,0,87,0,0,,60,36,32,0,,299,320,0,130,198,42.283333333333331,3,2025-07-26T19:11:36.686694
b80859c1-59fc-423c-aa91-0cd06df5d164,closed_captioning,538,116,10,139,79,0,43,0,0,,6,4,11,23,,78,111,0,163,64,22.966666666666665,2,2025-07-26T13:48:40.496606
72e1ac89-bb4b-446f-92d0-4d0cdff675bf,closed_captioning,432,51,3,159,103,0,85,0,0,,4,9,2,0,,117,101,0,8,3,21.633333333333333,1,2025-07-26T12:35:53.023967
08deaef1-4a9d-4280-84fc-662b5cede9be,closed_captioning,427,59,13,92,53,0,26,0,0,,0,2,2,0,,124,155,0,68,47,23.083333333333332,2,2025-07-26T11:32:10.133755
2733dced-f6b9-46a4-8908-6f22d7bbd9c4,closed_captioning,585,75,4,160,125,0,37,0,0,,1,1,11,22,,94,137,0,126,47,22.116666666666667,2,2025-07-26T03:22:07.743534
16a54fd3-c630-4113-b094-f4c8ae90dc0f,closed_captioning,605,93,7,208,138,0,23,0,0,,12,11,5,24,,96,165,0,136,66,22.933333333333334,2,2025-07-26T02:54:40.985273
bb9719f6-cce8-4f97-87e4-303bd640d2b1,closed_captioning,831,67,8,157,90,0,13,3,0,,22,13,31,0,,147,207,0,74,92,42.283333333333331,2,2025-07-25T21:10:43.448789
08607e10-a0c2-4516-b68a-c9198a36fa67,closed_captioning,479,80,2,118,85,0,47,0,0,,21,25,22,31,,53,90,0,95,30,22.383333333333333,2,2025-07-25T10:58:01.083734
b9cc9324-62f9-4ad3-ad5f-d042aa3414b7,closed_captioning,1559,180,6,368,166,0,118,0,0,,11,75,61,0,,268,546,0,288,82,84.2,3,2025-07-25T01:08:45.126154
b47208ec-173b-412d-89eb-b5052c610aba,closed_captioning,317,42,4,106,51,0,15,0,0,,3,7,13,119,,56,88,0,51,31,22.716666666666665,3,2025-07-25T00:17:42.329898
258d174e-f944-4f46-828a-a7313cddaada,closed_captioning,821,88,6,207,132,0,90,8,5,,78,62,24,126,,149,226,0,123,99,42.583333333333336,3,2025-07-24T23:21:20.557978
26cff296-8513-43ef-bc5a-db897e5d8a90,closed_captioning,1058,133,7,320,147,0,251,0,0,,90,50,23,0,,256,335,0,150,239,41.5,3,2025-07-24T23:09:59.124341
e99ae262-cd5a-41f0-a9b6-894431c6b2b2,closed_captioning,1605,110,18,358,218,0,153,0,0,,20,57,32,0,,318,498,0,181,57,84.183333333333337,2,2025-07-24T17:16:11.974801
9786d8a0-174f-4a45-8263-92809b30362e,closed_captioning,318,36,2,78,55,0,12,6,3,,11,11,6,104,,47,61,0,19,8,22.716666666666665,2,2025-07-24T14:25:21.857084
3c6b0ae5-58d3-4b23-afdb-83135244bec4,closed_captioning,750,63,5,145,122,0,18,0,0,,3,12,26,0,,169,154,0,86,14,42.2,2,2025-07-24T14:20:49.481928
78198a20-cbc3-4620-99dd-0dd6d894d221,closed_captioning,431,44,4,120,62,0,20,1,1,,6,6,9,11,,102,112,0,117,46,21.516666666666666,3,2025-07-24T13:31:57.203278
6fe284c9-cfc3-4e95-bf46-a51f75f49cf9,closed_captioning,298,34,2,68,52,0,12,10,1,,5,11,8,118,,47,63,0,22,13,22.716666666666665,2,2025-07-24T13:26:48.720550
2cddddaf-0c6d-4160-9b50-69bcb2642bff,closed_captioning,931,92,4,338,188,0,49,0,0,,15,43,25,133,,211,231,0,189,156,43.5,2,2025-07-24T12:33:47.663656
3a757f14-ff61-4bf3-938e-56b9aebfa928,closed_captioning,1011,127,5,320,206,0,34,1,1,,57,28,25,0,,329,360,0,161,181,41.333333333333336,3,2025-07-24T03:29:32.525950
c0c4a728-d466-4fdd-ab98-45b2005709c7,closed_captioning,403,36,3,105,107,0,7,0,0,,0,1,4,0,,54,68,0,40,1,22.75,2,2025-07-23T10:48:34.552708
e7ecc22a-7886-4731-bef2-23f8ac95255c,closed_captioning,313,26,1,79,51,0,9,0,0,,4,13,26,1,,28,56,0,48,17,22.716666666666665,3,2025-07-23T10:19:58.607998
2d162065-adb4-47c0-9c7a-83ef053bea42,closed_captioning,834,71,5,188,112,0,28,0,0,,12,43,24,11,,111,186,0,165,96,43.833333333333336,2,2025-07-23T10:01:38.107521
a15d40d6-778c-47bb-8f30-b6cfb1952618,closed_captioning,1003,156,15,287,223,0,25,0,0,,23,24,22,0,,227,335,0,91,160,43.8,3,2025-07-23T06:44:37.505886
d2830963-9588-4dbe-aff8-9a986b4cfbd8,closed_captioning,704,94,3,183,102,0,6,0,0,,4,23,28,28,,106,108,0,27,27,42.916666666666664,2,2025-07-23T00:29:17.573050
c7777822-bf38-4fef-8d1f-81e8436354e4,closed_captioning,738,120,5,131,79,0,4,0,0,,13,20,19,32,,84,105,0,74,46,42.916666666666664,2,2025-07-22T21:20:40.872610
d358b742-6406-4254-9dbd-9ecc4295c2cf,closed_captioning,777,84,0,172,133,0,3,0,0,,1,12,23,44,,59,91,0,97,29,42.916666666666664,2,2025-07-22T19:44:30.622721
5569bc6b-f4d7-4bbe-8951-6f54a03ac73a,closed_captioning,665,67,9,139,72,0,14,0,0,,6,18,32,33,,90,109,0,69,37,42.916666666666664,2,2025-07-22T19:43:09.748556
dd3db4cd-7b5d-4d2b-8e77-3880b20ae884,closed_captioning,752,98,10,143,86,0,41,0,0,,54,22,25,0,,138,225,0,70,124,42.283333333333331,3,2025-07-22T19:07:36.180733
a81825d6-e3b9-4a79-916e-7a212bc2ca67,closed_captioning,1036,157,9,270,175,0,35,0,0,,11,13,15,12,,176,259,0,271,114,43.75,2,2025-07-22T14:51:02.378708
fdb1d24b-d991-4a17-a4de-5a719fef99e6,closed_captioning,580,85,1,227,118,0,16,0,0,,9,10,13,0,,229,243,0,92,104,21.633333333333333,2,2025-07-22T14:00:29.637226
d9a9471d-4961-4f82-9380-3701d8fdfde2,closed_captioning,1064,147,15,224,121,0,33,0,0,,20,32,17,4,,208,300,0,50,138,42.283333333333331,3,2025-07-22T13:47:54.235837
065ef0cc-4188-4f90-9d46-d6367eccd8be,closed_captioning,1234,136,3,429,128,0,157,0,0,,22,76,42,1,,312,429,0,274,264,42.283333333333331,3,2025-07-22T13:46:18.361412
13c6f0bb-3530-4ba1-999a-c39f0a16fa9d,closed_captioning,715,83,8,129,81,0,64,2,0,,59,7,22,271,,137,122,0,50,17,42.833333333333336,2,2025-07-22T13:20:43.231680
73b9383b-caba-4895-8f02-08e9126ebe38,closed_captioning,773,81,2,217,144,0,112,1,1,,65,12,7,0,,158,148,0,74,24,42.2,2,2025-07-22T10:41:06.596411
37bd1b06-ef9c-4930-8632-7224c53b5067,closed_captioning,379,40,1,108,87,0,37,0,0,,13,8,7,0,,50,62,0,6,8,21.633333333333333,1,2025-07-22T02:48:49.453437
b2d81d3a-0a25-4343-aaeb-40ff86f5817a,closed_captioning,1100,157,8,288,121,0,68,0,0,,53,28,27,0,,185,315,0,265,177,42.95,2,2025-07-21T22:38:33.237370
f9e1c47e-eb35-490a-87fa-eb8e197ed2ea,closed_captioning,523,38,3,154,95,0,54,0,0,,2,12,11,0,,94,82,0,76,70,22.633333333333333,2,2025-07-21T15:20:19.972590
0aa65132-bd0c-496d-8e74-d25bce096e35,closed_captioning,577,68,6,234,72,0,40,5,2,,10,22,12,0,,163,173,0,211,134,22.116666666666667,2,2025-07-21T12:03:59.382071
afb788a7-aea8-476a-938d-1e7c4bc3fde3,closed_captioning,567,31,8,108,83,0,72,2,0,,116,25,24,258,,76,133,0,30,21,42.133333333333333,2,2025-07-21T12:03:00.830744
af09ada3-bf9e-4432-8ae7-19b8f8776bf6,closed_captioning,981,147,4,235,123,0,22,0,0,,7,14,36,11,,111,133,0,226,110,43.75,2,2025-07-20T13:48:03.763543
bd723f9c-d8ee-4747-b764-91eef0e3b6c7,closed_captioning,644,73,2,196,172,0,47,2,0,,92,23,7,329,,50,97,0,28,3,42.833333333333336,2,2025-07-20T12:57:03.076283
a7980732-6dd1-4378-9ea6-863a2b153b6a,closed_captioning,523,58,3,142,114,0,25,0,0,,307,2,5,0,,51,143,0,6,6,42.2,1,2025-07-20T12:53:07.011121
4ca762f2-c990-4f45-a529-b59a3b208d87,closed_captioning,917,113,4,306,196,0,66,0,0,,39,26,26,0,,260,229,0,95,71,43.25,3,2025-07-20T07:19:19.644631
31e6a8ff-e827-4b9a-8e35-0792bd067e56,closed_captioning,763,110,1,206,187,0,154,0,0,,18,10,13,0,,89,105,0,52,2,42.133333333333333,1,2025-07-19T23:30:45.702593
1b1dce77-c5fd-48fa-935c-47f28254dcec,closed_captioning,519,101,1,141,65,0,13,0,0,,4,8,18,25,,50,89,0,94,72,22.883333333333333,2,2025-07-19T21:43:04.949706
b4ff5b92-573b-4817-9211-0bbe3a508b42,closed_captioning,489,102,5,92,59,0,39,0,0,,6,3,8,22,,71,115,0,155,75,22.116666666666667,2,2025-07-19T13:48:54.301405
ee0ba897-fe1a-4e3d-8142-8f544a296d43,closed_captioning,527,70,7,109,76,0,45,0,0,,5,7,13,26,,58,92,0,104,71,22.116666666666667,2,2025-07-19T13:19:22.097932
daedc6b6-157c-47b7-8948-8cab4099f01f,closed_captioning,525,64,3,195,106,0,31,0,0,,10,18,6,14,,92,145,0,141,106,22.383333333333333,2,2025-07-19T06:22:53.248839
cf19c556-90f4-4d6e-9f82-ff3271ccf9b3,closed_captioning,1487,138,3,480,223,0,54,0,0,,209,44,60,85,,221,343,0,255,105,86.666666666666671,3,2025-07-18T18:41:17.547589
73252eca-fca7-44bf-9052-1c71f7af491e,closed_captioning,838,121,15,258,210,0,32,0,0,,50,31,17,0,,178,247,0,56,55,43.25,3,2025-07-18T11:38:57.105855
68af2fde-d450-4ac7-b527-7c6c73c9fb62,closed_captioning,840,109,10,278,216,0,16,0,0,,16,34,15,0,,193,245,0,79,98,43.25,3,2025-07-18T10:28:21.663978
37cddece-cca0-4596-8fc2-a81cbb4f0a02,closed_captioning,889,102,8,317,187,0,28,0,0,,29,33,31,0,,269,342,0,106,149,43.25,3,2025-07-18T05:34:48.473856
1a17b4ae-6597-49c4-9392-0abb2acabfa9,closed_captioning,1698,158,10,329,144,0,52,0,0,,117,74,59,0,,228,361,0,263,195,84.983333333333334,3,2025-07-17T17:43:44.592476
6e022a17-b6ca-4a5d-924b-d1f8bcd3eb89,closed_captioning,617,80,2,131,93,0,25,1,1,,84,18,17,83,,74,120,0,58,29,42.133333333333333,2,2025-07-17T09:59:40.887953
0fe3ccf7-8846-4c9e-a226-12d920a08aad,closed_captioning,1097,167,18,328,159,0,6,0,0,,15,25,11,0,,271,350,0,250,222,44.016666666666666,3,2025-07-17T02:32:51.822523
5ff5a5cc-34dc-4540-8cb1-98be29433a65,closed_captioning,404,48,6,95,39,0,10,1,0,,3,4,8,11,,112,131,0,91,71,21.516666666666666,3,2025-07-16T23:52:36.192417
959cd3ff-fa89-4faf-97c8-10ae3af951b2,closed_captioning,795,98,3,213,148,0,35,0,0,,22,31,12,171,,88,172,0,93,44,42.133333333333333,2,2025-07-16T19:22:35.657868
326e08c7-f351-4595-be28-da0a197e832a,closed_captioning,915,113,8,322,108,0,228,0,0,,132,30,27,2,,201,290,0,99,198,41.483333333333334,3,2025-07-16T07:02:12.108522
b94ce556-bb25-4c01-98a5-f1292ead7bf3,closed_captioning,737,96,5,244,209,0,49,0,0,,5,5,11,0,,68,175,0,61,2,42.133333333333333,1,2025-07-16T04:23:54.685627
0a319bef-693b-43df-aeee-d2cf505eb0fa,closed_captioning,1057,231,30,186,155,0,21,0,0,,9,9,25,12,,104,179,0,333,116,43.75,2,2025-07-16T03:14:57.207910
b40f54ba-2c46-45be-9633-bbe84ddac471,closed_captioning,576,50,4,127,65,0,61,1,1,,153,28,24,202,,110,175,0,83,53,42.25,3,2025-07-15T20:46:47.044491
7656336f-b6e0-4445-a239-7ff490c7edb2,closed_captioning,1035,149,1,290,158,0,16,0,0,,21,15,31,0,,193,272,0,168,144,43.25,3,2025-07-15T20:10:33.502802
48d704f8-c403-44d2-98c7-10770f7ef1c5,closed_captioning,834,116,2,195,116,0,58,110,67,,7,10,15,0,,126,171,0,103,28,42.283333333333331,1,2025-07-15T19:36:20.948350
3a7e2c30-27f0-436f-b5cd-d1bea236777d,closed_captioning,812,107,7,125,75,0,43,0,0,,53,27,31,1,,94,192,0,86,112,44.366666666666667,3,2025-07-15T18:49:53.817149
949578a8-7301-49cd-839b-b8c0f8098b44,closed_captioning,581,95,4,133,100,0,24,0,0,,49,16,20,167,,56,124,0,100,25,43.5,3,2025-07-15T17:34:55.430879
cbe350b0-df65-4d68-a944-cadc1d9012b3,closed_captioning,893,59,4,195,88,0,189,14,0,,15,22,22,0,,160,192,0,127,103,43.5,3,2025-07-15T17:18:21.556586
70f06b84-0fc9-4523-bae1-c1fd368b0814,closed_captioning,880,59,9,201,95,0,108,0,0,,11,50,23,0,,194,220,0,179,138,43.5,3,2025-07-15T17:17:35.441623
0bb4bc4b-37c9-4c4e-9d45-38e5366cab47,closed_captioning,587,99,2,153,106,0,23,0,0,,103,2,34,0,,73,85,0,53,3,42.18333333333333,1,2025-07-15T14:55:17.519056
e4141bb6-5b0b-4632-9b8c-763d925232ae,closed_captioning,636,34,3,176,111,0,68,0,0,,103,6,17,184,,108,156,0,44,34,42.25,2,2025-07-15T14:15:15.972963
3189a4dc-2732-4d7c-bbd4-1b2bcbd490cc,closed_captioning,962,109,20,267,158,0,24,0,0,,24,22,26,161,,205,288,0,159,124,42.666666666666664,3,2025-07-14T23:58:57.845293
6cd472c3-6c0e-4869-991d-5b745d17c837,closed_captioning,806,87,10,220,153,0,84,0,0,,95,32,31,111,,178,252,0,130,97,42.583333333333336,3,2025-07-14T16:55:17.518039
cf14d29f-959d-4a6f-b955-7d94c1048ace,closed_captioning,797,128,9,224,150,0,48,0,0,,8,20,35,14,,109,128,0,50,12,42.133333333333333,1,2025-07-13T18:34:23.657892
afbf8019-5843-4d75-bc91-9649b812beb6,closed_captioning,1013,156,7,321,190,0,63,0,0,,15,20,32,0,,175,268,0,163,126,43.616666666666667,3,2025-07-12T16:31:16.920159
25e1a35a-2475-4f02-8846-2ceed9420aef,closed_captioning,589,94,7,169,126,0,21,0,0,,92,4,17,0,,102,171,0,42,5,42.18333333333333,1,2025-07-12T15:11:29.165528
d0245941-366a-4b3d-ab17-a11dab1b74de,closed_captioning,944,120,8,192,87,0,16,0,0,,13,17,32,0,,147,247,0,198,112,40.916666666666664,2,2025-07-12T13:59:00.016955
cac353bb-34be-442f-a16b-3fa44862d497,closed_captioning,562,113,6,115,69,0,21,1,0,,4,5,4,0,,107,156,0,118,73,22.4,3,2025-07-12T10:14:39.637559
1f7e649c-052f-41c7-a5a5-ba9c8d033cea,closed_captioning,975,102,9,305,141,0,53,0,0,,128,60,16,0,,211,237,0,163,134,50.216666666666669,3,2025-07-12T04:23:43.459783
57604c58-196f-42ed-9f24-6b35abccd0b6,closed_captioning,1373,187,11,324,162,0,95,0,0,,305,61,74,0,,242,377,0,247,149,84.5,3,2025-07-11T21:47:38.502520
14ad10ed-6a39-42d3-b1af-7544d211d0f5,closed_captioning,896,109,3,192,78,0,39,0,0,,13,12,28,0,,112,240,0,226,137,41.333333333333336,3,2025-07-11T16:46:25.347853
f65add29-5255-4fe7-bec0-10eb66a03da3,closed_captioning,430,48,1,136,96,0,66,0,0,,6,10,8,0,,64,68,0,3,2,21.633333333333333,1,2025-07-11T03:11:00.748386
76f34d06-aaaa-43bb-a8bb-2c1b988da2af,closed_captioning,504,72,1,161,66,0,31,0,0,,6,9,22,0,,112,105,0,89,76,22.633333333333333,2,2025-07-10T22:30:30.396107
f6ffd3cb-923e-4fc9-9fc6-a5802a76f18c,closed_captioning,905,115,6,360,119,0,234,0,0,,135,26,31,0,,230,281,0,94,178,41.5,3,2025-07-10T19:30:20.894412
73f59a60-be4b-4081-b739-300fbffb4832,closed_captioning,773,91,3,204,85,0,48,0,0,,101,31,20,0,,98,210,0,102,133,42.283333333333331,3,2025-07-10T18:12:56.492110
3c3906f2-96b1-4edc-831c-17eab56de6ca,closed_captioning,1193,111,6,278,122,0,112,0,0,,27,49,28,0,,190,373,0,311,218,42.95,2,2025-07-10T16:31:22.967225
b2d550a6-ced9-414c-8ffb-32663d97ea1f,closed_captioning,729,107,1,129,114,0,29,0,0,,12,7,12,18,,109,154,1,46,7,42.133333333333333,1,2025-07-10T15:24:27.582177
b9438c83-1e7d-489f-941d-b5c7812fcc41,closed_captioning,709,73,3,239,160,0,64,1,0,,52,26,11,258,,118,135,0,44,25,42.133333333333333,3,2025-07-10T14:18:22.307733
5c48b143-11fb-4b45-95b6-5296e6419b4f,closed_captioning,976,85,5,232,101,0,136,0,0,,27,26,16,0,,206,327,0,93,131,42.283333333333331,3,2025-07-10T06:05:21.937484
c2a028dc-6f67-4667-bf08-2be1210fe75f,closed_captioning,1666,263,9,493,349,0,206,23,0,,16,66,53,0,,274,430,0,211,71,84.183333333333337,2,2025-07-10T03:09:00.844130
640b8bce-2fe3-43ee-893e-541668ab5dce,closed_captioning,975,155,5,288,164,0,18,0,0,,15,25,27,0,,224,310,1,222,139,43.766666666666666,3,2025-07-09T23:14:05.873735
26e56805-cd68-4c76-800e-d6831ca9a45b,closed_captioning,531,64,1,178,88,0,96,0,0,,3,7,11,0,,97,85,0,142,77,22.633333333333333,2,2025-07-09T22:47:02.927001
339be88e-8e1b-4218-9ba7-2876bb5f9a3f,closed_captioning,968,117,8,277,176,0,31,0,0,,28,28,20,148,,235,316,0,200,128,42.666666666666664,3,2025-07-09T22:22:42.808496
623da7f1-ee40-472a-9857-98ad664ee17d,closed_captioning,957,116,10,209,111,0,18,1,0,,19,22,28,12,,150,241,0,232,117,43.75,2,2025-07-09T20:42:57.299353
68e5a91c-675b-49aa-9af5-3f65b6182536,closed_captioning,1751,236,11,626,304,0,102,22,0,,8,36,75,4,,330,498,0,168,65,84.183333333333337,2,2025-07-09T20:05:01.469660
13f11ae6-c92e-43f9-99d9-163f5ac84e54,closed_captioning,718,78,7,157,91,0,23,0,0,,48,31,26,193,,118,198,0,79,74,42.133333333333333,3,2025-07-09T19:26:00.936504
49e58ecc-6d89-4526-a398-c471a913efd5,closed_captioning,1074,214,18,250,201,0,119,0,0,,8,13,20,35,,155,215,0,288,128,44.75,2,2025-07-09T17:24:33.871883
ac090979-4740-409d-ad8d-38ee665f39da,closed_captioning,1654,213,7,638,271,0,207,51,0,,11,59,56,0,,317,505,0,227,110,84.183333333333337,3,2025-07-09T15:50:13.249091
8f1cc942-e9dd-48ed-bdff-870c15a6d88e,closed_captioning,119,9,1,33,8,0,10,0,0,,0,8,4,0,,33,30,0,21,19,5.5,2,2025-07-09T15:27:41.848692
b88699d6-619c-41a4-8577-3ffa0869255e,closed_captioning,591,101,1,181,133,0,29,0,0,,2,4,12,2,,72,107,0,111,33,22.383333333333333,2,2025-07-09T03:29:21.787296
a9e76b68-dea7-4a35-9f31-cb4f20a64001,closed_captioning,1723,227,10,525,368,0,170,0,0,,15,40,57,0,,357,535,0,198,69,84.183333333333337,3,2025-07-09T03:08:34.632460
a9cb8dac-3b3b-467d-aefc-bbd6a9aae523,closed_captioning,831,115,6,187,113,0,50,0,0,,117,16,15,0,,217,213,0,122,94,44.366666666666667,3,2025-07-08T21:21:36.480704
ed61f4dc-8f4e-456a-b18c-67ddf6fae0a1,closed_captioning,936,110,2,243,127,0,37,0,0,,42,25,34,0,,213,279,0,153,114,41.333333333333336,3,2025-07-08T19:36:20.525025
a5495c2b-e268-48bc-9244-c113066f29a9,closed_captioning,759,87,7,139,83,0,44,2,2,,15,12,27,294,,110,116,0,90,36,42.833333333333336,2,2025-07-08T19:32:57.986536
73709b1f-d3a7-4dba-b5c3-2337f501a2b2,closed_captioning,982,150,6,276,174,0,28,0,0,,6,8,32,10,,84,158,0,246,90,43.75,2,2025-07-08T16:48:47.001321
194c555c-a5cf-4bf3-b533-ab9c8ef35119,closed_captioning,1387,174,10,357,182,0,40,0,0,,19,33,37,0,,213,383,0,346,174,63.93333333333333,3,2025-07-08T12:09:25.922090
d4897d45-2d52-4db4-9999-6ab8fb2c4620,closed_captioning,1080,188,6,276,137,0,2,0,0,,7,16,23,0,,194,325,0,194,116,44.016666666666666,3,2025-07-08T05:04:40.011871
d4cb2d59-a572-4d9a-bc1a-b087050c5d7c,closed_captioning,760,88,2,183,84,0,45,0,0,,155,37,22,0,,116,201,0,145,80,42.15,3,2025-07-08T03:43:15.950667
658b0a65-df73-4ca2-b188-054e9b542178,closed_captioning,1364,184,5,430,238,0,26,2,1,,42,46,88,185,,181,284,0,177,80,65.333333333333329,3,2025-07-08T02:18:19.306047
aba03004-06ff-48ef-99d6-8a423bc1a649,closed_captioning,677,85,5,201,104,0,6,0,0,,7,10,58,0,,176,140,0,35,7,42.133333333333333,1,2025-07-08T01:35:21.103321
22c2489b-180b-417c-89fc-f215746a97f5,closed_captioning,1043,172,1,273,101,0,34,0,0,,7,10,50,0,,115,241,0,369,206,40.916666666666664,2,2025-07-08T00:10:55.921454
98172791-3ffe-4abf-8c23-6670737aed46,closed_captioning,1403,134,7,332,154,0,88,0,0,,348,72,61,0,,213,374,0,318,205,85.433333333333337,3,2025-07-07T20:42:07.966836
85a67406-8488-4743-a730-f32e803298b8,closed_captioning,1087,101,8,373,272,0,113,2,2,,20,40,20,21,,230,320,0,109,105,44.35,2,2025-07-07T20:35:11.381945
e034cbd1-edcf-4c18-a2c8-0c7b7be1aca3,closed_captioning,717,99,3,173,142,0,29,0,0,,30,2,16,0,,74,120,0,80,9,43.0,1,2025-07-07T17:27:06.314171
f64218cd-8840-49c2-828f-5393a1fac564,closed_captioning,1055,109,1,300,217,0,47,0,0,,13,18,7,22,,235,322,0,96,65,44.35,2,2025-07-07T17:26:16.160302
c88b9440-9be3-4d51-825d-05547d309d3a,closed_captioning,523,69,4,148,107,0,14,0,0,,9,7,2,0,,105,162,0,93,35,23.083333333333332,2,2025-07-07T01:11:41.523503
8f6b2815-23e9-43cb-b1ec-45f4de819314,closed_captioning,940,147,6,208,139,0,41,0,0,,4,20,21,0,,165,229,0,89,46,42.7,3,2025-07-05T19:32:21.067092
8742d557-2650-4e2f-b3b3-96c11be3a09e,closed_captioning,754,80,6,213,73,0,31,0,0,,84,55,67,31,,146,247,0,136,106,42.31666666666667,3,2025-07-05T08:00:17.331270
4d3da0b5-90d5-490a-9c4c-bf9d6dc4a1c2,closed_captioning,961,161,2,258,87,0,296,0,0,,71,35,17,0,,252,327,0,180,190,41.5,3,2025-07-04T07:43:24.621104
d3e3af1d-9b29-47b6-8028-9dd1b486b75c,closed_captioning,833,101,7,228,116,0,43,0,0,,53,37,47,0,,191,276,0,129,122,42.283333333333331,3,2025-07-03T22:22:23.316452
36e03ec2-818c-40ef-8e56-a5b02b4a83b5,closed_captioning,1546,230,16,406,187,0,217,0,0,,267,62,41,0,,365,492,0,299,213,83.5,3,2025-07-03T22:11:00.395585
824c5dac-7ace-4db9-8d1f-4ade03663ae9,closed_captioning,997,128,4,332,193,0,34,0,0,,35,47,22,0,,231,383,0,156,187,42.283333333333331,3,2025-07-03T18:16:13.414755
e8ed5985-a76f-4821-8aed-911d6c42b229,closed_captioning,1017,107,11,296,164,0,29,0,0,,20,41,15,0,,171,269,0,230,124,42.7,3,2025-07-03T15:54:07.401367
1539555f-f193-4536-a009-af3511109e70,closed_captioning,1161,156,6,267,114,0,3,0,0,,12,24,30,0,,180,349,0,232,119,44.016666666666666,3,2025-07-03T03:55:11.051822
07e17daf-7e05-4188-b8c3-11b2ddf154cc,closed_captioning,1117,189,14,340,221,0,38,0,0,,12,16,37,10,,186,310,0,338,154,43.75,2,2025-07-03T00:11:08.129001
459c65f8-2ae7-421a-ad33-58440a4a7c89,closed_captioning,907,128,2,281,156,0,20,1,1,,23,28,27,100,,175,241,0,285,106,42.216666666666669,2,2025-07-02T20:07:58.655601
fe2f7735-1176-426a-b457-3ea5be829e40,closed_captioning,904,132,2,279,136,0,14,0,0,,28,29,51,0,,213,279,0,110,90,42.283333333333331,3,2025-07-02T19:23:24.745672
311f6827-0d89-4b39-be97-2a72de6961e5,closed_captioning,1026,159,14,281,184,0,46,0,0,,19,25,29,0,,211,283,0,207,143,43.833333333333336,3,2025-07-02T09:01:42.978104
11ce4766-cf0b-4c30-a8c5-ba51e8d9754d,closed_captioning,795,68,1,166,109,0,31,1,0,,15,24,41,265,,102,132,0,71,40,42.833333333333336,2,2025-07-02T06:36:14.951680
646ad690-2afc-427b-8def-9a6fd76b9168,closed_captioning,804,71,10,208,75,0,35,0,0,,54,89,55,0,,122,215,0,180,110,42.31666666666667,3,2025-07-01T23:54:14.592384
b4c52aef-89d7-47bf-8047-acd423f85fd4,closed_captioning,604,76,5,227,177,0,48,0,0,,3,7,4,0,,142,184,0,97,51,22.5,2,2025-07-01T18:56:46.452308
d7ebf402-2d0c-40ba-acfd-811bb0c95b44,closed_captioning,934,137,5,174,69,0,42,0,0,,17,21,32,0,,107,195,0,166,105,40.916666666666664,3,2025-07-01T17:40:34.062182
574df9be-25ed-4c5d-ad24-24a28696782b,closed_captioning,927,99,3,263,176,0,36,2,0,,104,28,28,144,,74,151,0,90,45,62.083333333333336,3,2025-07-01T16:24:10.447240
d7433774-24c0-4b7f-9b24-9b65b40694e7,closed_captioning,991,133,4,241,152,0,39,0,0,,135,43,40,147,,72,170,0,138,61,62.916666666666664,3,2025-07-01T16:24:09.503601
3bff12df-0077-415b-8557-90921c8f0ca1,closed_captioning,459,53,0,123,50,0,5,0,0,,6,18,30,13,,69,124,0,138,66,21.533333333333335,2,2025-07-01T12:46:45.089176
e9f20080-9559-45ed-9f5a-5b958c90ac4a,closed_captioning,1392,141,9,383,189,0,148,0,0,,436,36,47,0,,258,387,0,252,221,87.65,3,2025-07-01T06:02:44.326611
4e485f00-03e7-4e30-bc20-10ef9a2713b2,closed_captioning,1034,160,0,285,179,0,36,0,0,,24,31,27,0,,145,231,0,183,131,43.25,3,2025-07-01T03:47:05.729734
0135a093-96bb-4470-84c2-de012b8b2f1e,closed_captioning,819,99,6,267,191,0,26,0,0,,44,51,32,0,,180,265,0,90,92,43.25,3,2025-07-01T01:40:25.808167
7e3e09a9-a5c1-4177-808f-cfad4a411e14,closed_captioning,942,105,6,250,138,0,29,1,0,,152,34,31,148,,96,195,0,98,56,60.56666666666667,3,2025-06-30T14:17:51.767149
80c9b5a9-7b13-4488-9bd0-405ff8dbe294,closed_captioning,958,116,5,234,149,0,24,0,0,,101,49,61,117,,92,162,0,89,56,60.7,3,2025-06-30T14:17:51.558000
c1e6c184-2938-43b7-af6a-af774288946b,closed_captioning,896,108,3,227,136,0,23,0,0,,15,19,25,162,,102,189,0,92,53,47.866666666666667,3,2025-06-30T14:17:51.301353
dfe45e3c-165d-4141-90bb-cd5beae18f0d,closed_captioning,980,135,1,239,154,0,25,0,0,,21,36,40,164,,94,137,0,86,48,60.383333333333333,3,2025-06-30T14:17:51.056978
b12f0f5e-21b7-49e3-a153-f363e15bd503,closed_captioning,1831,271,4,610,304,0,58,2,2,,34,31,126,221,,198,329,0,192,91,84.666666666666671,3,2025-06-28T03:30:53.777456
0626a357-d28e-4183-b377-dc6322f4c63c,closed_captioning,976,122,5,266,157,0,27,0,0,,4,15,33,0,,184,264,0,97,83,42.7,3,2025-06-28T02:07:30.057926
3ba457c7-3fe3-45cf-ba66-2243d25f237d,closed_captioning,589,80,4,137,56,0,10,1,1,,3,5,6,12,,68,128,0,177,62,22.083333333333332,2,2025-06-27T22:48:46.607894
f57ed15d-35c6-4222-b69d-1d3b2f817d98,closed_captioning,973,136,9,302,189,0,36,0,0,,47,31,12,0,,251,363,0,123,139,42.283333333333331,3,2025-06-27T22:39:49.044972
00fb2aae-9455-4bce-8bbd-e4c2e7aaf3d2,closed_captioning,2301,225,14,568,295,0,143,0,0,,34,66,40,0,,292,705,0,658,373,85.233333333333334,3,2025-06-27T22:13:04.912421
772b6507-72fa-466d-bbce-c5d10f680a27,closed_captioning,845,110,19,203,114,0,40,0,0,,50,25,21,108,,170,250,0,142,93,42.666666666666664,3,2025-06-27T18:09:10.499529
f0e7da1d-f5e9-4a9e-8607-5173d05cf09e,closed_captioning,893,118,3,299,201,0,38,0,0,,62,23,36,0,,190,286,0,180,104,43.25,3,2025-06-27T16:26:19.724965
7e2ef619-da5e-4ee8-9d53-0abf9742742e,closed_captioning,886,142,15,255,193,0,35,0,0,,41,29,28,0,,169,224,0,82,82,43.25,3,2025-06-27T14:00:33.941680
368fcaa0-2aba-4f98-b435-e4183624b3ca,closed_captioning,952,159,2,287,145,0,26,0,0,,18,22,39,11,,180,278,0,220,148,43.75,2,2025-06-27T13:58:29.978902
f1419173-f405-4603-9ff0-9e9c1f6a9c17,closed_captioning,1175,149,8,323,148,0,8,0,0,,22,35,18,0,,227,389,0,395,254,44.016666666666666,3,2025-06-27T11:48:24.545939
881e1ac7-e226-468d-b3c1-776b8a30eee2,closed_captioning,1762,232,4,510,349,0,248,0,0,,12,39,53,0,,381,544,0,168,38,84.666666666666671,2,2025-06-27T10:08:58.457295
d721097c-271a-4102-9893-df13f75f3e28,closed_captioning,524,76,5,166,121,0,40,0,0,,3,4,5,0,,106,131,0,123,52,23.05,2,2025-06-27T09:55:24.597167
293fc818-080a-4cd2-a915-4535609b3f36,closed_captioning,1717,245,3,330,184,0,34,3,3,,19,31,67,152,,148,299,0,286,105,84.566666666666663,3,2025-06-27T05:52:56.759505
e22c5700-c7e9-4f2a-ac34-bd7c6f96f58c,closed_captioning,1151,171,3,276,98,0,110,1,1,,150,61,56,98,,149,309,0,160,96,84.63333333333334,3,2025-06-27T04:56:28.445337
f0185dbd-b7fe-4ff5-b3c2-e94ceb43ca9a,closed_captioning,1175,179,3,343,175,0,15,0,0,,14,27,19,0,,235,365,0,323,210,44.016666666666666,3,2025-06-27T02:34:32.941050
02c62de5-6ebc-419d-90b4-d63d06330018,closed_captioning,1049,138,8,240,127,0,36,1,1,,3,12,16,45,,166,259,0,245,125,44.75,2,2025-06-27T01:07:41.435191
3da3dbc2-ffd6-45cf-b846-0f8f7f7603cd,closed_captioning,1012,125,6,327,107,0,412,0,0,,90,65,25,0,,253,389,0,194,246,42.0,3,2025-06-26T23:10:35.373941
df523002-c7be-43cf-b2da-9ece143cda9e,closed_captioning,929,125,6,232,107,0,32,0,0,,51,26,11,0,,134,258,0,193,120,42.7,3,2025-06-26T22:44:08.547112
20548641-9263-43c6-ba04-57052526a543,closed_captioning,649,77,6,163,76,0,42,0,0,,69,37,20,0,,134,227,0,108,59,42.31666666666667,2,2025-06-26T21:32:17.698319
a592371c-5ec3-471c-8296-6c957aec3953,closed_captioning,1911,276,9,583,294,0,92,0,0,,123,44,74,105,,230,414,0,523,192,88.666666666666671,3,2025-06-26T20:06:30.440045
b61ebb1b-4b4f-4608-8790-3e4b0c6de6f1,closed_captioning,822,118,7,242,164,0,16,1,1,,28,27,30,135,,130,228,0,154,65,42.216666666666669,2,2025-06-26T14:27:13.882486
e38eb15d-0664-46f9-a007-6e4c207f168a,closed_captioning,954,116,12,273,162,0,60,0,0,,10,10,14,0,,150,259,0,94,54,42.7,3,2025-06-26T04:11:17.840968
54ded27a-d555-4f7e-a748-0e87aea85fe7,closed_captioning,786,125,4,180,149,0,29,0,0,,20,4,22,0,,81,139,0,41,4,42.283333333333331,1,2025-06-26T01:46:06.363435
ff6aebba-9871-47f1-b4e8-d5cafda19022,closed_captioning,887,113,5,162,70,0,46,0,0,,12,14,29,0,,106,206,0,294,130,40.916666666666664,2,2025-06-26T01:42:10.112700
c1059046-7461-42d1-a0f2-c19c31ce3886,closed_captioning,634,77,1,204,117,0,23,0,0,,28,14,23,0,,157,185,0,15,18,42.133333333333333,1,2025-06-25T22:19:34.995947
d06394ad-e364-4adb-86fe-d8b46e5ec3cc,closed_captioning,1079,145,13,322,191,0,209,0,0,,18,42,26,15,,265,380,0,110,182,42.366666666666667,3,2025-06-25T22:12:10.497030
fb6722c6-2f56-4984-bde6-875782763087,closed_captioning,730,56,1,288,220,0,11,1,1,,41,33,22,332,,67,102,0,17,1,42.833333333333336,2,2025-06-25T19:54:16.793640
2b79554c-b554-4834-82f0-b55afcb3e3b1,closed_captioning,1053,202,9,246,146,0,9,0,0,,12,22,61,0,,183,219,0,172,141,43.766666666666666,3,2025-06-25T18:32:19.551416
50e7ecf7-5858-4880-a639-d399ad8b4950,closed_captioning,793,86,2,271,126,0,47,0,0,,204,25,21,0,,192,255,0,168,113,44.366666666666667,3,2025-06-25T18:24:00.653481
9932b8dd-5958-4957-b2e5-4f7bd8633b54,closed_captioning,500,95,3,85,57,0,5,0,0,,48,19,12,0,,51,90,3,19,44,23.2,2,2025-06-25T15:45:06.326885
1a248aad-df31-4af1-87c5-11b547b343ae,closed_captioning,1721,173,5,631,417,0,38,0,0,,67,187,76,63,,969,723,0,72,252,66.033333333333331,2,2025-06-25T04:57:39.161754
1d15dce0-3956-4ef7-9849-363aedaaecbf,closed_captioning,742,87,1,250,183,0,21,0,0,,0,14,20,242,,59,99,0,79,1,42.333333333333336,2,2025-06-25T04:47:43.414416
f63dd20a-1219-444a-b8f4-32fd0185ec31,closed_captioning,943,196,15,172,80,0,84,0,0,,9,16,27,0,,159,226,0,325,133,43.783333333333331,2,2025-06-25T03:24:49.488870
81332d3b-c27c-4326-aff0-417d735f1de2,closed_captioning,1021,139,6,276,118,0,42,0,0,,16,27,34,0,,137,239,1,258,151,43.75,3,2025-06-25T00:05:09.906788
c5a0df70-cfc3-49fe-81e1-578815d18022,closed_captioning,563,55,1,189,151,0,19,0,0,,2,2,7,1,,111,174,0,85,60,22.5,2,2025-06-24T23:44:48.343306
a94114a8-c073-4777-a800-4a551eccc08b,closed_captioning,934,141,1,301,140,0,23,0,0,,37,31,30,0,,181,263,0,131,91,43.783333333333331,3,2025-06-24T23:12:22.116834
58ff78b0-9ceb-4a83-b29d-3e9e8804de1c,closed_captioning,102,11,0,21,17,0,1,0,0,,2,1,3,0,,9,17,0,11,3,9.35,1,2025-06-24T22:39:34.879732
f60d6566-368e-4efd-a039-6df0a7e65040,closed_captioning,926,145,2,158,90,0,38,0,0,,10,22,25,0,,83,157,0,163,61,51.866666666666667,3,2025-06-24T20:58:39.329198
9e3d2fec-01f6-424f-a892-983ae670103d,closed_captioning,1106,212,5,383,178,0,137,0,0,,5,14,7,39,,284,360,0,278,167,44.75,2,2025-06-24T16:31:11.228144
17da3495-637a-457d-970f-f70f62b66f18,closed_captioning,1825,228,7,577,318,0,63,0,0,,79,40,111,90,,206,349,0,381,168,86.666666666666671,3,2025-06-24T07:46:13.408358
07794d01-a7e1-44b0-add7-81596f2d7624,closed_captioning,857,121,9,227,145,0,86,0,0,,16,16,20,0,,145,241,0,130,58,42.7,3,2025-06-24T03:02:39.635358
9e7dc625-507e-415a-98a7-9b9fe4468aeb,closed_captioning,1099,152,13,356,234,0,84,0,0,,7,18,8,16,,270,358,0,157,109,44.35,2,2025-06-23T21:32:29.125108
8e2af9c7-e850-4c55-b3c9-505d8d18a1f1,closed_captioning,1009,172,2,216,101,0,68,35,10,,13,21,22,0,,116,244,0,220,121,52.15,3,2025-06-23T21:30:57.554797
3ecf9af8-30fc-451c-b6ab-c72c1c258c53,closed_captioning,1113,181,6,278,138,0,116,0,0,,8,12,27,44,,140,276,0,386,185,44.75,2,2025-06-23T18:32:16.922774
80b450e1-45e4-4143-a3c4-0bf38b84501a,closed_captioning,966,147,12,276,216,0,27,0,0,,35,20,23,0,,132,170,0,132,81,43.0,2,2025-06-23T15:17:37.746397
df906cdf-a053-4efa-a8c8-c43c08c48840,closed_captioning,577,90,8,179,95,0,92,0,0,,3,10,7,0,,152,197,0,224,138,22.116666666666667,2,2025-06-23T11:39:15.867417
139fc26e-d59c-4860-9e35-366fc9412bb0,closed_captioning,529,54,5,181,171,0,21,0,0,,1,2,5,14,,75,89,0,18,16,21.35,1,2025-06-23T01:05:52.052994
44bf4e8d-0fed-4f0b-bf36-8275cb367089,closed_captioning,481,60,4,103,45,0,47,7,3,,11,10,12,0,,75,113,0,118,68,22.633333333333333,2,2025-06-21T22:55:24.958261
bf07205a-18a3-43b6-a35d-0554711313ea,closed_captioning,587,109,7,119,74,0,16,0,0,,9,16,12,0,,119,178,0,159,78,22.4,3,2025-06-21T11:00:49.570951
992d645a-03e8-4186-af04-80805a272825,closed_captioning,1133,148,0,303,161,0,5,0,0,,11,23,24,0,,155,310,0,428,179,44.016666666666666,3,2025-06-21T01:13:07.174715
978b6cd6-364e-4610-858d-3224d5799892,closed_captioning,907,128,13,243,138,0,31,0,0,,81,38,30,106,,151,211,0,140,94,42.5,3,2025-06-20T23:40:51.448279
8f1e6174-0f0e-412d-8c82-cf682491b595,closed_captioning,796,125,6,213,91,0,33,0,0,,26,30,75,0,,85,177,0,116,72,42.31666666666667,2,2025-06-20T19:40:37.268524
e12514b1-fb02-470e-88ac-7989e587e7ad,closed_captioning,1102,159,3,359,193,0,33,0,0,,12,14,25,0,,136,282,1,147,86,44.68333333333333,3,2025-06-20T19:12:29.782051
fcaaa150-520e-40fe-9b21-aa1a87ebbe94,closed_captioning,1127,174,12,290,132,0,86,1,0,,32,43,40,0,,212,357,0,69,163,44.93333333333333,3,2025-06-20T19:05:46.859676
96aea301-da5c-4069-b10e-c650a39db445,closed_captioning,1139,136,9,321,140,0,84,0,0,,81,49,42,10,,150,325,0,104,210,44.866666666666667,3,2025-06-20T19:00:30.188086
d79b9ffe-c742-418e-87b0-56ce43720f33,closed_captioning,528,84,5,123,52,0,24,1,1,,3,11,25,77,,67,116,0,87,61,24.5,2,2025-06-20T16:38:05.540253
4411b386-bb34-475a-bcca-cbbf13dba84e,closed_captioning,667,36,4,152,124,0,32,2,2,,44,29,20,401,,85,117,0,14,12,47.666666666666664,2,2025-06-20T14:44:12.000049
7847ce5e-bbaf-402b-8c74-091d980d22ca,closed_captioning,989,131,2,172,98,0,54,19,10,,8,14,25,0,,90,210,0,180,68,51.033333333333331,3,2025-06-20T14:22:11.583897
9c01db04-23da-43a8-bc7c-8de18be685b2,closed_captioning,803,99,2,208,146,0,51,0,0,,15,8,15,0,,153,177,0,58,16,42.283333333333331,1,2025-06-20T08:40:45.509576
97ae61a8-7bf9-43e9-9c8e-0f1c49ca5afc,closed_captioning,956,115,2,233,147,0,80,0,0,,29,17,15,91,,157,274,0,166,89,44.35,2,2025-06-19T14:03:58.955311
2fe13e1a-498d-4acf-bb0c-6534058bd5fb,closed_captioning,897,120,6,241,160,0,5,0,0,,4,8,21,0,,132,180,0,120,78,44.05,2,2025-06-19T07:25:06.655841
86181f69-4b31-42aa-a120-8fdd766b6c5d,closed_captioning,557,93,13,137,93,0,54,0,0,,2,4,6,0,,111,167,0,65,53,22.433333333333334,3,2025-06-19T02:12:22.698689
7762018c-e42b-478e-b2f5-045b2d927eb9,closed_captioning,962,145,13,234,135,0,29,1,0,,8,26,25,0,,143,255,0,209,118,42.7,3,2025-06-19T01:40:26.049434
40cb7ac8-4d9f-43c8-ac4b-ebd9a97dc3f2,closed_captioning,573,66,2,177,122,0,39,0,0,,5,28,7,15,,65,114,0,93,52,22.383333333333333,2,2025-06-18T19:38:12.950106
79368402-1181-4541-8441-0be9da44434f,closed_captioning,917,115,6,218,123,0,13,0,0,,25,13,29,0,,180,225,0,116,104,43.25,3,2025-06-18T16:33:08.250615
1659a19c-fcdb-457d-8795-a17bb194afda,closed_captioning,876,118,10,257,115,0,33,1,0,,19,53,30,101,,175,277,0,227,116,42.216666666666669,2,2025-06-18T14:59:52.963491
57705344-a92c-4fbd-ada5-0a4db25a5c5b,closed_captioning,799,98,7,212,160,0,31,0,0,,97,14,7,0,,82,179,0,76,66,42.5,2,2025-06-18T13:55:58.808060
4800be02-9b79-4e4f-b519-b1dfaf9b63f4,closed_captioning,1003,136,18,214,103,0,29,0,0,,10,8,28,11,,153,243,0,302,106,43.75,2,2025-06-18T11:02:55.878007
f1819e7f-571c-4419-a75c-d746ff21a653,closed_captioning,1103,198,23,185,128,0,19,0,0,,8,14,29,0,,166,223,0,215,171,44.18333333333333,2,2025-06-18T09:02:51.794413
b533479e-4e9e-440a-8823-a76249577b74,closed_captioning,1207,166,7,379,226,0,11,0,0,,9,27,12,0,,269,384,0,352,238,44.016666666666666,3,2025-06-17T23:35:13.736312
059c61e2-2d2c-47bc-abca-f928df69fc9f,closed_captioning,1093,203,4,319,192,0,85,1,1,,2,6,36,41,,113,184,0,263,103,44.75,2,2025-06-17T23:29:20.722706
a62251ed-b4cd-484e-bd89-cfaaefe67889,closed_captioning,721,72,0,212,153,0,2,0,0,,1,12,21,0,,169,153,0,36,9,42.133333333333333,1,2025-06-17T20:05:07.450355
5b766cf9-f275-42fb-bfcb-aaece9014a7d,closed_captioning,839,79,8,170,64,0,43,0,0,,108,74,52,26,,122,187,0,162,85,42.3,2,2025-06-17T19:21:38.399062
8232f834-32f8-43ac-902e-b2d5cb9140e1,closed_captioning,543,72,7,131,112,0,41,0,0,,92,5,10,0,,47,86,0,40,5,42.216666666666669,2,2025-06-17T17:19:32.576550
7e40d233-687a-41f6-b5b8-b7c80c0db0a9,closed_captioning,493,60,5,133,50,0,16,0,0,,4,6,15,0,,77,91,0,103,73,22.633333333333333,2,2025-06-17T16:13:34.041308
d8fab5c9-9003-4bc0-96ea-6d2be4e744b5,closed_captioning,666,94,4,157,135,0,64,0,0,,57,2,11,0,,72,106,0,83,12,42.166666666666664,1,2025-06-17T14:49:34.808576
23757e28-dc37-4f79-ada8-eced4541b3a9,closed_captioning,692,115,3,132,106,0,30,0,0,,68,14,30,274,,110,107,0,51,13,42.833333333333336,2,2025-06-17T11:22:44.418616
8ed501d9-68a0-4fa6-8ec7-90321ac5c460,closed_captioning,553,59,8,115,100,0,52,0,0,,1,5,4,8,,73,118,0,46,27,22.5,3,2025-06-17T08:55:57.792254
372734f7-d6b3-42ae-a6d6-17b0c0127dbe,closed_captioning,500,70,9,112,60,0,39,1,1,,8,7,11,20,,76,108,0,105,50,22.383333333333333,2,2025-06-17T03:10:28.688339
69a2900f-7b0b-4a1e-a2d4-409746fa5091,closed_captioning,540,69,5,111,68,0,17,0,0,,1,0,6,17,,26,66,0,114,44,22.083333333333332,2,2025-06-17T02:19:47.851672
eee6290c-5684-425d-b10d-d13b95443873,closed_captioning,1148,99,12,470,301,0,53,0,0,,43,100,5,82,,665,517,0,50,46,44.866666666666667,3,2025-06-16T20:38:12.566370
e0d6ded6-2821-495f-8b40-3ed2bd9e9a94,closed_captioning,1034,114,7,348,223,0,43,0,0,,28,117,7,27,,514,409,0,70,35,44.93333333333333,3,2025-06-16T19:46:07.804519
81c01ffe-b7cc-4ea4-863f-1724bddd0483,closed_captioning,981,117,8,308,174,0,51,0,0,,61,48,11,0,,218,340,0,138,138,42.283333333333331,3,2025-06-16T18:36:53.412752
e41ff2f2-43af-4a0c-9cd1-bbeef0fd706d,closed_captioning,997,155,7,260,108,0,15,0,0,,14,24,67,0,,117,203,0,263,132,40.916666666666664,2,2025-06-16T16:11:59.908129
f6231ec4-4a00-4bdc-a7c4-779170cddc6d,closed_captioning,496,34,3,183,135,0,38,0,0,,9,24,3,0,,144,135,0,37,19,22.55,2,2025-06-16T15:35:27.065271
32aacd80-2946-46c4-907f-aa18c32ac62b,closed_captioning,1023,147,1,234,71,0,38,0,0,,12,27,33,0,,148,224,0,306,143,43.783333333333331,3,2025-06-16T14:48:27.678526
5eca83a7-2fa1-454e-8eb9-8e302f9b5c1f,closed_captioning,583,83,7,110,48,0,44,0,0,,3,6,7,0,,69,139,0,129,100,22.4,3,2025-06-14T20:13:13.938483
085f7edd-7a2b-4d7c-af49-d835488ff84a,closed_captioning,688,51,2,239,222,0,63,12,0,,25,4,7,456,,94,139,0,12,0,42.833333333333336,1,2025-06-14T03:57:38.417417
da29a359-380b-4d30-b908-ab9fb956b972,closed_captioning,759,78,1,187,137,0,23,1,0,,13,17,10,75,,86,119,0,35,1,45.366666666666667,3,2025-06-13T18:06:25.442517
65a856d6-f7a7-4768-aeb7-d4abf399ef6d,closed_captioning,1060,107,12,385,239,0,37,0,0,,64,117,12,62,,607,475,0,38,24,44.9,3,2025-06-13T17:32:37.054431
ec4bee5d-4d15-4a02-9426-959838c5030a,closed_captioning,967,151,15,236,118,0,52,0,0,,14,31,27,0,,205,299,0,232,182,42.7,3,2025-06-13T11:25:37.422568
b98321fb-d672-407b-a869-03a85482e759,closed_captioning,1046,148,9,255,128,0,45,0,0,,10,13,24,0,,140,204,0,119,96,42.7,3,2025-06-13T09:36:23.914377
f8bd0bd6-132d-4b7d-a372-4fcb77cf07b2,closed_captioning,905,126,17,221,123,0,62,0,0,,5,9,11,0,,176,229,0,97,64,42.7,3,2025-06-13T08:20:43.401943
eeba61ae-fc4f-4d0e-8685-350b6cc62d58,closed_captioning,1048,233,13,232,136,0,44,0,0,,6,10,13,55,,185,233,0,288,200,44.75,2,2025-06-13T04:01:53.808385
3ed577e3-3cdf-4909-983b-e4e5e53c65e7,closed_captioning,751,85,9,125,88,0,26,0,0,,65,19,22,14,,60,157,0,147,63,43.766666666666666,2,2025-06-13T02:59:08.080671
de34ed26-acfa-402f-8192-fa1e83f345a5,closed_captioning,727,85,4,252,240,0,56,0,0,,2,5,13,240,,77,128,0,82,0,42.333333333333336,2,2025-06-13T02:16:22.639773
3a460e02-660c-4121-b177-36703e6fe1d0,closed_captioning,467,46,2,113,124,0,16,0,0,,0,12,5,4,,47,74,0,35,24,21.35,1,2025-06-13T02:14:36.371042
3ca5310c-bb39-4100-8648-003c7b9994d9,closed_captioning,747,60,3,265,286,0,82,2,0,,13,3,4,312,,80,116,0,16,0,42.833333333333336,2,2025-06-12T21:23:38.747234
297aaed0-037d-498f-9bfb-3b4dbf6e7a28,closed_captioning,249,31,2,48,23,0,12,0,0,,13,23,13,0,,29,52,0,16,21,11.366666666666667,2,2025-06-12T21:10:42.605232
2bfa38a6-7a87-4998-b1d8-ea7389ea66c4,closed_captioning,230,27,0,28,16,0,4,0,0,,15,21,6,0,,25,66,0,21,24,11.35,3,2025-06-12T21:10:42.381808
dd034e14-4aae-40fa-bb66-73e830f298ad,closed_captioning,1011,108,5,366,161,0,46,0,0,,43,39,22,0,,240,312,1,113,94,42.283333333333331,3,2025-06-12T15:54:16.957128
fb77328d-2ba3-4fbf-b9cb-e798cc5aa7b6,closed_captioning,913,104,2,303,221,0,21,1,1,,6,12,36,205,,139,169,0,130,57,42.216666666666669,2,2025-06-12T14:26:40.145723
220e0655-5762-4798-ba1a-88ba3dad9009,closed_captioning,924,124,8,197,110,0,73,0,0,,6,14,15,0,,117,200,0,139,66,52.75,3,2025-06-11T18:44:05.457932
75345850-0aba-4d04-a8b6-1098ac6a7bf0,closed_captioning,601,75,4,191,154,0,70,0,0,,8,12,7,0,,103,164,0,58,27,22.5,2,2025-06-11T18:02:29.742694
958646c7-bd93-456b-b6ef-39d7327d175c,closed_captioning,826,102,2,257,198,0,22,1,1,,2,7,76,87,,117,143,0,62,4,42.416666666666664,1,2025-06-11T16:54:07.171356
5091c689-2a5f-4057-a925-628c1c653422,closed_captioning,496,56,4,108,54,0,30,0,0,,12,6,14,18,,61,104,0,125,92,22.383333333333333,2,2025-06-11T15:58:19.801974
f7fff010-4973-49a5-8942-b15b78742927,closed_captioning,242,16,3,40,25,0,1,0,0,,4,29,10,0,,41,58,0,10,23,11.216666666666667,2,2025-06-11T15:02:45.358556
5870e1e4-5738-426e-9259-6468a5db94af,closed_captioning,234,24,1,35,11,0,1,0,0,,7,22,5,0,,40,60,0,17,23,11.35,2,2025-06-11T15:02:45.123632
a9cb2661-7dde-4ad9-890b-cf420c10591f,closed_captioning,220,10,1,34,17,0,4,0,0,,6,30,4,0,,28,53,0,9,17,11.35,2,2025-06-11T15:02:44.836065
73cdbfc6-3c4e-4f56-8851-823e95fc4d53,closed_captioning,261,25,0,51,21,0,3,0,0,,3,22,5,0,,38,55,0,27,19,11.383333333333333,2,2025-06-10T20:39:42.640871
40f32619-bbac-47d7-901a-82703fe77c6b,closed_captioning,254,24,1,52,27,0,2,0,0,,13,28,7,0,,51,67,0,13,22,11.366666666666667,2,2025-06-10T20:39:42.245810
ca23556b-2fe1-49bc-a330-c1bcbfce1175,closed_captioning,220,25,1,42,12,0,1,0,0,,8,28,8,0,,39,48,0,15,15,11.383333333333333,2,2025-06-10T20:39:42.026398
ec257f7b-2570-42bc-9c7a-cb153f2413ee,closed_captioning,236,27,0,73,13,0,1,0,0,,3,22,3,0,,48,50,0,14,11,11.383333333333333,2,2025-06-10T20:39:41.820872
cfd540c9-7de0-40b7-bff2-79c344937976,closed_captioning,231,27,1,44,16,0,3,0,0,,13,23,12,0,,26,38,0,15,10,11.366666666666667,2,2025-06-10T20:39:41.222553
85273668-bf71-4b51-b062-01c28b66f51c,closed_captioning,226,16,1,47,22,0,2,0,0,,8,28,1,1,,34,49,0,10,5,11.35,2,2025-06-10T20:38:45.170411
525ee91a-6ba9-441a-bead-e11eb4e66843,closed_captioning,262,39,2,55,29,0,1,0,0,,3,11,8,1,,53,68,0,18,31,11.366666666666667,2,2025-06-10T20:38:44.965610
1de20577-3762-450a-aa25-d6fb6659dc9a,closed_captioning,251,26,0,57,14,0,0,0,0,,7,24,10,1,,45,58,0,24,11,11.35,2,2025-06-10T20:38:44.767674
0c219c6f-d0aa-4d7e-afce-6c015d240d41,closed_captioning,258,33,1,64,24,0,3,0,0,,5,19,6,1,,41,56,0,24,25,11.35,2,2025-06-10T20:38:44.534405
ad346e7c-2996-407b-9942-3f4e572a7c0e,closed_captioning,1122,164,6,261,205,0,30,0,0,,9,9,26,32,,139,283,0,315,180,44.75,2,2025-06-10T18:35:01.177808
6916db96-a238-41a5-a736-1c9a08099c07,closed_captioning,760,118,3,120,113,0,9,0,0,,2,19,21,350,,85,121,0,45,38,47.75,3,2025-06-10T17:02:15.661075
19203001-62d6-446e-b522-ad996a9145d4,closed_captioning,765,95,2,183,130,0,64,3,1,,26,2,23,277,,125,128,0,74,16,42.833333333333336,1,2025-06-10T15:46:56.605018
c544b51d-7910-4995-98f0-1aea65616ebe,closed_captioning,418,56,1,151,102,0,8,0,0,,1,2,11,0,,75,94,0,7,2,21.6,1,2025-06-09T16:07:04.703619
1473b261-9361-400a-8f75-6dc4ca134466,closed_captioning,929,160,8,206,116,0,51,0,0,,2,5,21,0,,123,238,0,96,75,42.7,3,2025-06-07T11:46:48.854102
02813f06-232d-41b7-8aeb-4c34e38d8fe5,closed_captioning,1046,159,9,347,171,0,85,0,0,,41,48,36,0,,153,284,0,120,83,42.783333333333331,3,2025-06-07T08:28:20.425038
bca3b54a-e6c4-4b80-bc26-89f51ac447da,closed_captioning,1151,170,7,362,219,0,3,0,0,,15,27,258,0,,344,338,0,293,171,44.016666666666666,3,2025-06-07T07:36:18.159583
b1dcfff6-43b9-4a85-b994-c2eee4f9aeda,closed_captioning,471,43,3,137,82,0,58,0,0,,7,11,6,0,,84,93,0,60,42,22.633333333333333,2,2025-06-07T05:39:12.895518
a2906898-3747-4480-b841-801eda0b89e1,closed_captioning,522,109,9,106,47,0,12,0,0,,4,5,9,10,,68,113,0,154,82,22.383333333333333,2,2025-06-07T04:13:32.709754
5b21c045-a976-44a7-9032-ec7a2e9cdce2,closed_captioning,1647,189,11,517,228,0,90,0,0,,262,60,100,0,,306,393,0,258,192,87.65,3,2025-06-06T13:41:24.451592
2b03bca2-3331-4ad5-be1b-732f3eff4aa0,closed_captioning,540,93,0,171,99,0,17,0,0,,11,11,8,18,,72,111,0,107,39,22.383333333333333,2,2025-06-06T10:55:13.997496
7019b7bc-7fad-480d-8a1d-367f298d4071,closed_captioning,784,109,3,204,151,0,29,0,0,,4,5,38,0,,102,123,0,84,13,42.18333333333333,1,2025-06-06T10:13:13.815537
4cb96893-44f4-4248-ba1a-97b0e85f7104,closed_captioning,635,62,4,147,129,0,29,0,0,,117,8,16,0,,59,89,0,64,1,42.283333333333331,1,2025-06-06T05:47:23.852657
30670608-1147-4966-a8d9-c5f88536fcc0,closed_captioning,1308,169,7,304,201,0,41,0,0,,7,22,54,0,,180,331,0,254,167,63.93333333333333,3,2025-06-06T05:03:31.048375
b5e0b31d-57dd-4824-8532-c8dbea71b169,closed_captioning,818,85,2,319,186,0,64,0,0,,9,8,8,178,,153,198,0,34,0,42.133333333333333,1,2025-06-06T03:56:00.018266
1e657e32-dba8-4a31-84da-93a57641418f,closed_captioning,1181,195,4,438,144,0,0,0,0,,11,16,10,54,,313,262,0,361,218,44.75,2,2025-06-06T03:29:54.228134
e8a828fa-25bc-4976-9ae2-9005562eacf4,closed_captioning,1146,153,11,375,199,0,73,0,0,,20,18,17,0,,184,274,0,274,195,43.75,3,2025-06-06T02:28:43.537559
718c32bd-41f8-4e29-983c-7f5395a52245,closed_captioning,577,90,3,118,48,0,12,0,0,,2,7,5,9,,61,92,0,213,108,22.083333333333332,2,2025-06-05T22:49:17.945132
d7b9a5dc-20ba-438a-9489-8e3a25f17209,closed_captioning,510,48,2,187,156,0,28,0,0,,1,2,2,14,,39,90,0,14,20,21.35,1,2025-06-05T21:06:21.701939
d433e06e-cc76-4d1e-bc07-3c338a4b3b6f,closed_captioning,860,114,4,147,110,0,243,0,0,,214,228,13,1,,140,151,0,86,73,42.6,3,2025-06-05T01:10:34.285041
1bb6f104-2961-4c64-a6bc-39ea596c5322,closed_captioning,1156,184,9,328,179,0,26,0,0,,23,23,28,0,,203,344,0,326,211,44.016666666666666,3,2025-06-04T09:55:53.796188
9001705f-d4fa-4d71-8891-0922cfd50889,closed_captioning,934,162,5,203,128,0,45,0,0,,11,16,17,0,,121,225,0,182,76,52.083333333333336,3,2025-06-04T08:25:09.763952
2f227184-1396-4439-a75c-897c654ad2cb,closed_captioning,747,66,5,102,68,0,142,1,1,,406,360,25,8,,78,85,0,24,36,42.916666666666664,3,2025-06-04T04:01:25.471621
30ca4f94-11d1-48f6-9424-d1aee3756fa8,closed_captioning,802,72,11,153,50,0,44,0,0,,92,64,37,49,,110,217,0,172,54,47.55,3,2025-06-03T19:07:29.838746
5f54a619-b33b-4c1f-bdab-c375b56d7910,closed_captioning,730,123,8,134,101,0,319,0,0,,213,109,201,4,,137,126,0,49,73,42.966666666666669,3,2025-06-03T15:05:02.974873
23d73d8e-0709-4c54-b0b2-75f06b6ef8b4,closed_captioning,535,63,1,177,119,0,20,0,0,,7,8,6,10,,62,93,0,104,67,22.466666666666665,2,2025-06-03T02:52:04.534167
2f990cc0-9618-4032-9bb2-1728eb8009af,closed_captioning,523,64,1,125,55,0,1,0,0,,3,9,8,0,,59,144,0,105,76,22.55,3,2025-06-03T02:20:16.358377
68bb5553-94ff-4dd6-a2c6-45a30a44fec6,closed_captioning,744,87,3,158,119,0,45,1,0,,23,13,18,258,,116,121,0,74,16,43.25,3,2025-06-03T00:29:32.900384
3ae879a6-a553-44a4-b82d-73cbfb025b71,closed_captioning,1059,115,5,320,260,0,15,3,1,,7,20,28,0,,115,190,0,81,104,42.56666666666667,2,2025-06-02T23:50:16.472397
139a53ba-7b20-4fb4-a00e-c36f2c884cd9,closed_captioning,803,71,5,145,111,0,12,0,0,,29,17,34,15,,57,141,0,162,67,43.766666666666666,3,2025-06-02T22:16:09.954809
21056654-ba6c-4ff6-a8ce-892118720f90,closed_captioning,577,69,4,206,139,0,28,0,0,,1,5,4,0,,99,176,0,48,16,22.5,1,2025-06-02T19:59:43.239805
f79206d0-c7c5-4b2c-9c7a-c70559097a56,closed_captioning,1174,137,9,350,244,0,31,0,0,,8,28,23,0,,219,289,0,237,169,47.0,2,2025-06-02T16:20:17.084547
6a5e505d-1d74-49c1-a366-9f14efceed23,closed_captioning,723,87,1,220,154,0,64,0,0,,6,4,10,0,,140,172,0,60,1,42.133333333333333,1,2025-05-31T15:34:09.379544
b387cd4f-ee8f-400c-b6e4-e7a20b71c327,closed_captioning,948,138,7,272,186,0,57,7,0,,18,6,23,0,,117,190,0,189,97,43.633333333333333,1,2025-05-31T11:06:01.266264
d096d893-39c8-4cfc-aa2f-b0037935f493,closed_captioning,929,129,5,251,178,0,54,0,0,,21,14,18,0,,114,178,0,174,88,43.633333333333333,1,2025-05-31T10:04:21.457898
6f7175e6-5a5b-4976-93b4-3c72e8ce2f0f,closed_captioning,1115,137,0,301,153,0,44,0,0,,14,22,15,44,,176,311,0,314,166,44.75,2,2025-05-31T05:35:16.698231
e4e6a508-af67-45a9-839a-f93985666c4c,closed_captioning,700,112,4,209,91,0,11,0,0,,26,41,29,0,,204,183,0,60,11,42.133333333333333,3,2025-05-31T04:11:10.380392
e4b1b4d0-182c-4381-ad28-919caf580c69,closed_captioning,1176,134,2,326,208,0,28,0,0,,14,20,20,0,,238,369,0,325,220,44.016666666666666,3,2025-05-30T13:17:12.365965
1a77282b-a7d6-4f50-8765-8eeb8fe7d63b,closed_captioning,1098,157,8,361,253,0,16,0,0,,23,29,8,11,,253,333,0,247,191,43.75,2,2025-05-30T08:26:42.620196
319304e3-cc11-460c-931c-2ba414920d7e,closed_captioning,1151,169,6,382,233,0,72,0,0,,20,11,11,0,,197,279,0,297,202,43.75,2,2025-05-30T06:59:02.453666
28214e71-7bcf-4282-9cc4-3cee32936c85,closed_captioning,603,81,2,154,97,0,9,0,0,,2,4,9,12,,60,123,0,167,49,22.083333333333332,2,2025-05-30T01:05:02.721100
3eed85b9-261a-4212-9ea0-fd860d262103,closed_captioning,628,90,2,260,117,0,44,1,0,,3,9,8,16,,98,148,0,76,55,22.383333333333333,2,2025-05-30T00:45:16.457590
71ebdfc3-762e-4088-8815-3bdddd8fddfc,closed_captioning,721,87,2,179,121,0,50,0,0,,1,5,11,0,,103,141,0,87,2,42.616666666666667,1,2025-05-30T00:20:56.457135
2f3483c3-201f-42f7-8ded-4624ef7f1f23,closed_captioning,570,61,4,234,120,0,39,1,0,,4,15,2,13,,99,113,0,158,42,22.383333333333333,2,2025-05-30T00:00:40.186199
1dcd3184-3f08-467c-8029-9827373d62b3,closed_captioning,1044,250,16,192,135,0,25,0,0,,2,2,17,50,,149,254,0,309,166,44.75,2,2025-05-29T14:39:39.567521
dcaa8e08-2f0f-49fb-848c-b2863463d86b,closed_captioning,1029,207,20,214,124,0,64,0,0,,12,14,7,37,,219,304,0,249,176,44.75,2,2025-05-29T13:11:30.519633
4fd871a8-898f-4a1f-9d0e-36a63f24ce5d,closed_captioning,507,25,8,108,106,0,11,0,0,,1,0,1,13,,39,60,0,25,25,21.35,3,2025-05-29T04:01:16.815055
b41799eb-5d6d-44ff-bc43-6a2315a8862b,closed_captioning,927,145,7,239,134,0,10,0,0,,12,25,52,0,,146,229,0,154,139,43.166666666666664,2,2025-05-28T23:45:47.028464
574ca4c9-7b24-4a2a-8a92-2cd08e46063d,closed_captioning,405,50,6,98,38,0,22,0,0,,5,13,22,25,,47,73,0,42,17,28.45,1,2025-05-28T16:00:41.091114
216a4ea7-c18f-48c5-adbb-63c5e1bd5c21,closed_captioning,1370,144,9,196,138,0,113,0,0,,3,4,18,0,,157,405,0,330,36,65.816666666666663,2,2025-05-28T15:39:40.570188
e9ffa3b8-aa71-47e1-af98-6ad1053d3593,closed_captioning,425,62,0,118,53,0,24,1,1,,11,19,20,30,,32,91,0,42,19,27.716666666666665,1,2025-05-28T15:35:15.279763
1b48264b-8d0c-4aad-87a7-3502577499c0,closed_captioning,1554,174,11,619,407,0,241,0,0,,2,19,28,0,,279,486,0,396,24,68.4,1,2025-05-28T15:34:15.117821
dcea5930-f57d-49bc-b0bb-d5a3696d0107,closed_captioning,1447,192,8,511,338,0,119,0,0,,2,14,35,0,,189,445,0,375,23,62.65,1,2025-05-28T15:13:03.503354
a0c39df9-7369-4b80-b69d-3c82f6295c3f,closed_captioning,455,44,0,163,22,0,0,0,0,,9,20,21,30,,80,86,0,47,49,27.7,1,2025-05-28T15:12:52.118452
2b373211-d587-49f5-bac6-0aa324cd40ad,closed_captioning,1507,203,14,511,365,0,198,0,0,,8,27,23,0,,243,453,0,339,49,63.416666666666664,2,2025-05-28T15:12:05.726300
f99e92ae-2239-4483-913a-41cfbf8b54e3,closed_captioning,1425,267,12,276,230,0,98,0,0,,2,4,15,0,,195,480,0,391,103,64.083333333333329,2,2025-05-28T15:06:15.418326
03df0448-a496-4f0e-a3d8-b851d1c69df6,closed_captioning,800,60,6,151,93,0,19,0,0,,119,21,27,16,,73,160,0,157,58,43.766666666666666,1,2025-05-27T22:48:19.872028
ade71a36-cd8a-41e7-81a9-5b919a6c4232,closed_captioning,403,46,3,109,69,0,11,1,1,,6,17,15,33,,51,88,0,29,21,27.65,1,2025-05-27T20:18:57.581948
bd645ba1-8ca5-41ae-be49-09a3d497e8fa,closed_captioning,398,63,2,74,51,0,9,1,1,,11,29,21,26,,53,83,0,17,13,27.566666666666666,1,2025-05-27T20:00:50.415493
f7286ca9-a0ef-4b59-af81-eddfa2011bed,closed_captioning,430,42,3,116,60,0,17,1,1,,15,40,40,29,,61,114,0,49,25,28.25,1,2025-05-27T19:39:02.379235
8106c2c7-3805-4613-9b53-0220d9f50e4e,closed_captioning,441,47,4,127,50,0,6,0,0,,6,25,29,36,,57,99,0,56,21,27.766666666666666,1,2025-05-27T19:12:03.859609
f27aeb88-6a8f-4f9e-8d06-3cc9726f4f89,closed_captioning,448,58,1,134,56,0,14,0,0,,7,27,21,46,,68,133,0,43,23,27.733333333333334,1,2025-05-27T18:57:25.655891
eaf1c649-830e-4e50-8084-b2c8c6d213f5,closed_captioning,1011,94,10,180,71,0,37,0,0,,14,24,37,0,,128,205,0,183,159,43.45,2,2025-05-27T18:03:59.675465
594e1269-081b-4b71-a800-f9c2444e29f3,closed_captioning,400,26,2,60,25,0,14,0,0,,1,2,8,0,,32,51,0,3,0,21.6,1,2025-05-27T14:31:50.748528
376d33a6-e4f4-4ff3-97fe-c933ac0a3d73,closed_captioning,405,62,0,106,88,0,6,0,0,,0,2,8,0,,46,77,0,3,0,21.616666666666667,1,2025-05-26T10:39:02.595565
7b04cf13-de7b-45c3-a291-1d978d3cc773,closed_captioning,569,74,1,132,123,0,18,0,0,,244,5,16,0,,42,70,0,7,0,42.2,1,2025-05-24T12:17:48.972874
113765f6-eaef-427f-ab8e-50696877af31,closed_captioning,750,98,1,232,175,0,128,0,0,,18,2,6,0,,89,176,0,95,0,42.133333333333333,1,2025-05-24T06:41:02.519237
9335250a-31a0-4333-9f30-6a675f52a516,closed_captioning,793,81,1,254,185,0,61,0,0,,19,10,18,0,,92,125,0,80,5,42.283333333333331,1,2025-05-24T03:53:31.071275
3260303f-40f1-4cb5-9594-9eb6ba1f9556,closed_captioning,920,136,14,181,98,0,5,0,0,,9,13,42,0,,109,208,0,205,140,43.166666666666664,3,2025-05-23T23:03:04.646144
5f2bdf22-043f-4cc4-9e15-a30788ed1dad,closed_captioning,761,102,4,196,116,0,9,0,0,,15,8,26,0,,209,156,0,57,12,42.133333333333333,1,2025-05-23T20:54:02.739259
13c6f3ca-9468-41fb-a0f8-3a370078a579,closed_captioning,742,81,2,266,211,0,36,1,0,,0,10,27,232,,60,97,0,48,0,42.333333333333336,2,2025-05-23T18:35:40.603051
a554533e-b163-4d33-9971-e71aa581b157,closed_captioning,636,83,5,133,92,0,44,0,0,,7,9,29,5,,81,94,0,60,3,42.2,2,2025-05-23T18:00:06.845819
62170005-fc30-4c99-b485-add638c2741d,closed_captioning,707,93,0,240,148,0,40,0,0,,46,10,12,7,,85,177,0,38,2,42.2,2,2025-05-23T13:29:46.971123
8e8129f6-32cf-4d70-b454-1f5b1e62111b,closed_captioning,1053,166,5,302,150,0,73,0,0,,10,29,27,0,,172,249,0,115,67,42.65,3,2025-05-23T01:38:39.300702
ae04f24c-319e-478c-86a0-f63f6cbd6da0,closed_captioning,1122,161,8,348,218,0,106,0,0,,19,42,10,0,,267,315,0,341,198,43.75,2,2025-05-23T01:04:10.076967
4d9e1b1c-9410-4756-ad47-8de7e3e324a0,closed_captioning,543,64,1,192,126,0,23,0,0,,4,12,21,16,,99,145,0,119,37,22.383333333333333,2,2025-05-22T22:13:19.023459
27ddc6cd-7032-4b9a-9b3a-700f231f5b7c,closed_captioning,553,92,6,203,82,0,18,0,0,,3,7,7,4,,84,112,0,164,35,22.383333333333333,2,2025-05-22T21:14:28.876557
74fc507e-c9e0-4b1c-ad15-a4b6ad735c0c,closed_captioning,550,80,5,182,109,0,37,0,0,,3,7,12,14,,82,90,0,128,58,22.383333333333333,2,2025-05-22T21:03:35.795361
3dc7567e-1a8b-4af5-ba54-f068316e5d88,closed_captioning,696,85,3,165,186,0,22,1,0,,33,0,16,214,,45,96,0,97,0,42.333333333333336,2,2025-05-22T19:25:50.257400
c9da698e-1c26-4f9f-9929-a581efd66fea,closed_captioning,595,67,4,133,74,0,37,0,0,,126,9,13,0,,69,106,0,56,4,42.216666666666669,3,2025-05-22T14:12:58.853769
167f8215-9aee-415c-b753-5a61384ef3bb,closed_captioning,1030,148,6,355,160,0,77,0,0,,24,47,43,0,,182,320,0,126,78,42.65,3,2025-05-22T00:57:08.173955
38c2925d-6521-47e2-a6bf-592bb33426f2,closed_captioning,585,75,3,174,86,0,6,0,0,,4,13,10,0,,96,123,0,103,112,22.55,2,2025-05-21T14:50:22.913369
9dc1c837-39ee-4394-a01a-90d0a717d456,closed_captioning,999,164,4,318,129,0,25,0,0,,22,37,28,0,,192,289,1,280,135,40.916666666666664,3,2025-05-21T14:17:07.685179
f8ec057e-c577-4cc2-abd7-94dcbe0557b7,closed_captioning,1211,157,4,416,202,0,0,0,0,,35,41,325,0,,350,348,0,175,152,42.266666666666666,3,2025-05-21T14:02:01.882855
f8d1a93f-926f-4cb1-9d73-613f016bdf1b,closed_captioning,966,160,6,223,130,0,20,0,0,,16,19,61,0,,138,186,0,165,87,42.266666666666666,3,2025-05-21T12:22:55.734799
30247c97-74dc-4291-87f7-00086f001835,closed_captioning,969,163,5,229,123,0,22,0,0,,7,25,34,0,,133,229,0,213,121,42.65,3,2025-05-21T09:17:26.929821
5625448a-9e56-4818-98eb-27ac39a1bcf9,closed_captioning,999,78,11,215,81,0,40,0,0,,27,42,31,0,,131,236,0,156,193,42.633333333333333,3,2025-05-21T07:25:09.065298
aa21747c-a184-4d8b-a488-1b552dc52f94,closed_captioning,1051,152,9,316,189,0,19,0,0,,22,6,13,0,,149,225,0,258,129,43.75,3,2025-05-21T03:25:14.767990
b91f3222-56ae-4efc-9a79-61e4c7d2f354,closed_captioning,1110,83,12,251,112,0,38,0,0,,23,50,26,0,,157,281,0,218,217,42.633333333333333,3,2025-05-21T02:29:57.403316
402ae36c-d53b-4e53-8800-68554ea6f010,closed_captioning,777,106,5,117,74,0,3,0,0,,8,11,33,75,,75,150,0,126,85,43.68333333333333,2,2025-05-20T23:10:45.078142
a958cb49-e833-439c-91dd-ce488312c67e,closed_captioning,906,118,1,193,123,0,75,0,0,,13,9,22,0,,113,208,0,117,81,42.7,3,2025-05-20T18:54:57.365985
14f7d705-b10c-4b2c-b642-f258426102c8,closed_captioning,1067,81,9,235,102,0,30,0,0,,26,58,42,0,,150,266,0,181,219,42.633333333333333,3,2025-05-20T08:39:15.112252
cec80835-8b94-42f4-ad7f-9ac6f83936e7,closed_captioning,1035,139,10,225,109,0,29,0,0,,6,11,30,0,,136,269,0,176,198,42.633333333333333,3,2025-05-20T07:44:19.339553
53f164e9-e48c-474d-8836-812520613c94,closed_captioning,1068,141,14,221,107,0,27,0,0,,10,29,25,0,,134,267,0,166,229,42.633333333333333,3,2025-05-20T01:25:55.997948
e17813d5-209f-4b6a-bb72-37ae8f77c6b0,closed_captioning,693,102,1,100,99,0,7,1,1,,1,1,16,107,,72,164,0,50,0,42.466666666666669,1,2025-05-19T21:18:03.029316
6f69e0de-974a-4cfd-a575-1cbe6cdab918,closed_captioning,1161,140,3,344,198,0,62,0,0,,17,16,15,1,,149,196,0,170,102,49.0,3,2025-05-18T15:39:21.975268
7ae05399-3059-4e60-81c5-63404ce321dc,closed_captioning,1026,145,16,262,164,0,34,0,0,,54,13,19,0,,200,260,0,169,144,44.18333333333333,2,2025-05-18T00:42:15.878412
de095b66-1d91-4b3a-819d-9a2bf5055a86,closed_captioning,727,93,4,183,107,0,16,0,0,,27,10,29,0,,127,156,0,86,7,42.133333333333333,1,2025-05-17T22:59:22.117927
9d0a42a9-d56e-4b99-be11-f909d72bd197,closed_captioning,1099,173,7,341,185,0,71,1,1,,15,20,10,36,,248,317,0,275,190,44.75,2,2025-05-17T03:15:50.422778
45143926-baea-4467-80a4-7b3ab8c7a098,closed_captioning,923,70,6,175,51,0,13,0,0,,5,31,23,0,,111,202,0,146,97,43.166666666666664,1,2025-05-15T23:47:50.582247
bc093982-5e17-4240-baae-4b92994abeca,closed_captioning,844,112,1,276,193,0,23,0,0,,6,13,18,4,,152,188,0,85,1,42.2,3,2025-05-15T18:46:37.947384
179ccdf9-b538-4035-a508-3b55f78a4956,closed_captioning,1025,132,2,359,172,0,85,0,0,,32,33,23,0,,121,211,0,94,40,53.583333333333336,2,2025-05-15T12:38:45.072964
9bdee81a-fa63-4f8b-a505-45b128791359,closed_captioning,1066,148,3,324,144,0,73,0,0,,21,39,22,0,,143,273,0,160,87,42.616666666666667,2,2025-05-13T21:22:41.973513
9df4ba2b-4d3f-480b-8585-7bc40ce03bec,closed_captioning,628,63,0,188,161,0,39,0,0,,48,6,11,4,,87,129,0,45,2,42.2,3,2025-05-13T03:11:20.813145
814c860d-ccfd-4ec9-8704-ad390efa3d8d,closed_captioning,717,109,4,192,163,0,54,0,0,,48,2,18,0,,94,150,0,174,30,41.4,2,2025-05-12T18:02:53.851171
91a7019a-05dd-4a3c-9d02-3786e3717962,closed_captioning,920,155,10,268,225,0,700,0,0,,20,29,16,5,,292,275,0,80,67,40.9,2,2025-05-11T05:28:21.501691
9e517bda-af58-43ab-b3c6-ba11c3b4ae19,closed_captioning,668,87,3,227,131,0,24,0,0,,132,10,24,0,,161,154,0,58,5,42.95,3,2025-05-10T23:13:24.319581
f19482c6-1fca-4b86-b41d-8a98addaef2c,closed_captioning,572,94,1,122,53,0,39,0,0,,5,11,9,0,,105,173,0,190,110,22.4,2,2025-05-10T12:58:14.912770
983f17cb-b7ca-45e9-93c5-63b37e315135,closed_captioning,898,63,4,201,72,0,5,0,0,,21,29,33,112,,121,203,0,203,94,43.783333333333331,1,2025-05-10T01:33:08.556200
96783bd8-ae92-4c3e-ba59-e44829164775,closed_captioning,838,87,4,208,96,0,18,0,0,,10,18,15,0,,176,236,0,147,157,43.333333333333336,1,2025-05-09T18:00:24.215214
0caf3038-53ae-4297-88ba-5e4466478658,closed_captioning,755,135,3,191,143,0,24,0,0,,54,8,15,0,,116,156,0,38,34,41.85,3,2025-05-09T17:42:38.198351
bd4a1ead-fadb-420c-812a-97ce6bb1c90c,closed_captioning,412,42,2,123,99,0,8,0,0,,0,1,11,0,,68,107,0,5,0,21.633333333333333,3,2025-05-09T17:41:21.074651
c7bc467c-b3d1-4944-b348-58beb50f2c57,closed_captioning,708,132,1,125,90,0,57,0,0,,25,3,16,5,,115,120,0,63,4,42.2,2,2025-05-09T17:17:16.193132
6a7b16e0-f3ab-402f-825d-5f5e75663465,closed_captioning,50,10,0,5,1,0,1,0,0,,3,0,2,0,,4,8,0,10,0,2.4666666666666668,1,2025-05-09T13:31:55.151720
f2784f98-1ab1-4ff5-8894-2db2420d92b2,closed_captioning,737,100,3,175,130,0,64,0,0,,87,5,7,0,,135,212,0,135,27,41.633333333333333,3,2025-05-09T05:07:52.401027
c8bafb9e-8111-4914-b6a4-e7e6cf74755a,closed_captioning,737,103,5,179,183,0,44,0,0,,2,2,16,0,,83,148,0,29,5,42.216666666666669,2,2025-05-08T22:36:53.998189
dac371f2-b2b3-4711-b60c-142a1eb805a0,closed_captioning,1000,152,12,205,165,0,20,0,0,,3,4,12,0,,197,222,0,146,119,43.633333333333333,3,2025-05-08T21:14:49.079205
b7c59acb-8c22-440a-8122-e05dfccb7ecc,closed_captioning,748,120,4,178,121,0,59,0,0,,49,8,18,0,,112,128,0,154,33,41.7,2,2025-05-08T21:01:29.484890
5ebad329-706f-4305-b6ce-c9034fb50011,closed_captioning,1209,163,9,146,79,0,21,0,0,,13,405,22,0,,76,185,0,145,158,49.416666666666664,3,2025-05-08T18:06:08.069744
ae7901e4-349e-48f1-9e38-cbfed967570a,closed_captioning,1095,119,0,371,174,0,38,0,0,,10,35,21,0,,158,263,0,112,31,42.7,2,2025-05-08T16:18:24.469632
3dbea274-0988-4e8e-889c-3310851b4eb4,closed_captioning,1041,122,9,451,262,0,838,0,0,,10,32,13,5,,388,310,0,88,50,42.966666666666669,3,2025-05-08T13:18:01.003859
47160c7a-04bc-44f9-a0a0-0e21b0d60897,closed_captioning,563,89,3,166,101,0,5,0,0,,4,13,5,0,,75,142,0,102,73,22.55,3,2025-05-08T08:17:30.807318
ff9cbd57-d7f7-40c3-b96f-8e59d04f6201,closed_captioning,545,95,3,108,94,0,25,0,0,,129,4,11,6,,66,108,0,40,2,42.2,3,2025-05-08T08:03:28.776026
11d65cfe-ede3-4129-95ba-d0fcc221b4e8,closed_captioning,568,92,3,165,86,0,4,0,0,,4,17,11,0,,95,173,0,106,79,22.55,3,2025-05-08T06:15:37.426153
5dd553b7-7179-495c-8712-73a15360ed1e,closed_captioning,554,92,3,138,75,0,19,0,0,,7,5,14,15,,65,129,0,166,71,22.383333333333333,3,2025-05-08T03:28:30.652520
cb29935e-27d2-4600-bd19-962e1fd17121,closed_captioning,305,29,2,77,14,0,2,0,0,,4,28,14,0,,44,54,0,28,18,11.383333333333333,2,2025-05-07T14:56:44.532436
e60c5b21-a547-40c3-9e98-43ba2047930d,closed_captioning,761,96,2,177,96,0,45,0,0,,32,7,13,0,,147,164,0,40,8,42.95,2,2025-05-07T03:20:07.236141
cea4bcea-31d6-45fa-a836-ff4e694807c8,closed_captioning,1022,154,4,345,202,0,31,0,0,,14,14,21,11,,158,227,0,190,128,43.75,3,2025-05-06T22:51:35.725462
c1495a17-6017-4e38-825c-4fead31e6df9,closed_captioning,823,186,13,164,127,0,588,0,0,,30,15,18,0,,149,178,0,71,63,41.766666666666666,3,2025-05-06T14:59:04.682693
985eab60-88b2-4e9b-b7b4-fc6a380aeff6,closed_captioning,830,65,7,160,93,0,586,0,0,,26,7,12,13,,146,165,0,50,35,42.883333333333333,2,2025-05-06T14:20:05.483815
05c8925a-3179-4225-a87f-5a4a70545128,closed_captioning,1029,99,9,196,103,0,193,0,0,,22,24,21,0,,219,235,1,103,174,42.366666666666667,3,2025-05-06T14:19:56.564429
b7f2f500-ba44-4178-ab9e-ad7317082353,closed_captioning,778,129,11,156,136,0,549,0,0,,116,19,7,0,,171,188,0,72,78,40.016666666666666,1,2025-05-06T13:49:03.154817
29e34119-c84b-4cf0-ac68-03cacf736c57,closed_captioning,955,97,7,196,99,0,201,0,0,,11,12,17,22,,197,182,0,41,89,43.166666666666664,3,2025-05-06T06:17:02.085055
441c37d1-4774-4777-bbd3-c3f1571f4902,closed_captioning,846,81,11,200,145,0,445,0,0,,22,17,25,3,,176,153,0,35,74,41.916666666666664,1,2025-05-06T03:30:53.781728
1084a934-b96c-4a5e-9c25-e94044361736,closed_captioning,869,82,12,179,86,0,5,2,1,,7,16,33,71,,128,162,0,212,137,43.7,3,2025-05-05T18:16:41.271190
d6fa8f24-a5c1-4c9f-84d3-c642fff90039,closed_captioning,1160,175,12,411,235,0,81,0,0,,8,31,24,0,,185,223,0,298,144,43.833333333333336,3,2025-05-05T13:54:50.528165
dfe65c30-d6ee-47f9-b1be-6b6c0b345ff5,closed_captioning,813,97,4,121,52,0,9,0,0,,16,20,42,0,,95,132,0,135,133,43.333333333333336,2,2025-05-05T11:56:42.125621
0a0ffe73-8f49-49a7-909f-e82bc2a57277,closed_captioning,793,80,5,272,246,0,33,0,0,,2,3,8,0,,116,86,0,21,0,42.216666666666669,3,2025-05-04T06:36:48.087424
e290a8e8-8fee-49a9-9bd8-75108a55128b,closed_captioning,1107,196,7,310,210,0,42,0,0,,10,5,28,43,,102,138,0,385,146,44.75,3,2025-05-03T03:41:51.919239
6f44b360-7433-458a-adba-5d0059936766,closed_captioning,560,61,7,110,60,0,19,0,0,,0,13,8,0,,76,119,0,115,84,22.4,2,2025-05-03T01:39:51.622430
d3e19968-3874-479c-91b7-b2b16ede5e74,closed_captioning,536,94,4,115,87,0,26,0,0,,5,6,12,20,,58,107,0,111,61,22.383333333333333,1,2025-05-01T23:37:34.359121
1ec66199-5a21-43b5-8bfa-119fff87dea6,closed_captioning,854,144,10,169,120,0,388,0,0,,47,14,14,9,,182,161,0,36,51,43.533333333333331,3,2025-05-01T13:48:31.642842
44a33971-6394-4e5a-9357-bffaedffa70a,closed_captioning,862,152,5,181,157,0,494,0,0,,37,14,12,10,,216,165,0,37,57,42.85,1,2025-05-01T13:13:56.161552
666a877d-8630-4da6-8309-9ffe8f05ed32,closed_captioning,561,77,1,140,84,0,33,0,0,,4,9,10,0,,84,131,0,73,61,22.433333333333334,3,2025-05-01T08:25:07.392655
6ec74315-810a-47a5-b70b-789037638376,closed_captioning,411,62,4,139,103,0,13,0,0,,3,3,9,0,,82,109,0,3,0,21.633333333333333,2,2025-05-01T07:05:31.048461
b84a3c7d-fb2a-40a1-ae69-b22e88d7f2da,closed_captioning,1094,189,4,333,190,0,41,0,0,,11,20,16,45,,194,245,0,373,140,44.75,2,2025-05-01T03:43:08.653119
49c45694-a385-44d8-838c-70de9c2a99f0,closed_captioning,41,5,0,12,4,0,10,0,0,,1,1,0,0,,1,7,0,10,1,1.75,2,2025-04-30T13:19:51.076632
816a3bf5-e153-4603-8ebd-b03bf4f2b290,closed_captioning,1094,139,12,419,195,0,94,0,0,,18,46,39,0,,213,226,0,156,87,42.65,3,2025-04-30T02:01:50.261254
7c831985-bfed-471c-a713-fd1d4a2c6c1c,closed_captioning,833,100,2,265,210,0,367,0,0,,24,28,12,7,,130,250,0,21,19,42.416666666666664,2,2025-04-30T02:00:29.584688
2afc3b02-318d-47d9-a8c3-b66a5fdf1b7b,closed_captioning,541,81,1,94,79,0,29,0,0,,128,8,11,0,,65,68,0,59,1,42.133333333333333,2,2025-04-29T23:50:41.900160
262dbf40-9a60-4689-9393-c0d2fe60091d,closed_captioning,411,45,0,159,131,0,9,1,0,,0,4,1,0,,113,88,0,2,0,21.6,2,2025-04-29T20:24:14.049972
bdf74997-7b33-4446-a001-1f8b6aae6b43,closed_captioning,446,49,1,160,136,0,41,0,0,,221,6,5,0,,35,50,0,6,0,42.133333333333333,1,2025-04-29T10:19:34.644211
58c38b9a-6e41-4e23-9e42-b783e1d18a9a,closed_captioning,446,49,1,160,136,0,41,0,0,,221,6,5,0,,35,50,0,6,0,42.133333333333333,1,2025-04-29T10:19:33.860921
388e56b1-cdfe-45e4-ad2e-2de56ba47cfd,closed_captioning,1064,142,7,296,134,0,43,0,0,,13,23,16,44,,156,201,0,255,104,44.75,2,2025-04-29T05:21:26.265147
6de4768c-f3e8-4619-a3a2-0644bf066f3c,closed_captioning,790,137,5,248,174,0,471,0,0,,39,8,12,11,,120,205,0,43,34,41.93333333333333,2,2025-04-29T03:27:16.859696
2a842143-4133-4e34-bfaa-ee5884297cd8,closed_captioning,1019,124,10,311,147,0,25,0,0,,12,14,24,11,,150,180,0,386,170,43.75,2,2025-04-28T14:54:04.625942
26cf0f8c-11bc-4c04-acc0-2554e93f0099,closed_captioning,968,163,6,339,218,0,669,0,0,,12,15,21,4,,242,243,0,55,51,40.783333333333331,3,2025-04-26T19:14:37.804690
0b79588f-18ed-40c2-a991-899b250580a7,closed_captioning,809,72,6,252,247,0,48,0,0,,16,7,9,0,,91,89,0,49,5,42.216666666666669,2,2025-04-26T01:58:33.305663
fa37a66c-d3a2-45eb-a5b8-9ce8a737b09e,closed_captioning,321,24,4,71,17,0,20,0,0,,8,8,3,0,,61,64,0,28,43,13.6,2,2025-04-25T19:17:18.917459
16e39446-5b01-40cf-8582-71a2b4d55490,closed_captioning,52,1,0,21,5,0,0,0,0,,0,3,2,0,,14,15,0,8,17,2.1833333333333331,2,2025-04-25T19:17:18.500934
fbef4593-5ce4-4ac5-b98d-a170fd2c2e0c,closed_captioning,269,21,2,67,30,0,248,0,0,,0,0,0,0,,75,72,0,21,10,11.566666666666666,2,2025-04-25T19:17:18.239484
3b09a8b4-61a8-4b1c-bae7-8d6e1d38c75a,closed_captioning,544,36,6,146,81,0,6,0,0,,16,22,14,0,,143,163,0,65,78,22.55,2,2025-04-25T16:29:07.544022
834c3341-22d1-4fcf-9674-728c650d13f1,closed_captioning,254,26,2,68,23,0,1,0,0,,11,29,14,1,,60,48,1,31,33,11.366666666666667,2,2025-04-25T14:20:39.462280
ba1be81d-94bd-43af-906c-0d81b4e7c460,closed_captioning,246,35,2,52,20,0,1,0,0,,12,23,8,0,,43,38,0,15,13,11.366666666666667,2,2025-04-25T14:20:39.260303
83d58a88-ecbe-4f18-a770-f90450e86cb7,closed_captioning,249,14,0,54,25,0,1,0,0,,13,16,10,1,,28,40,1,19,13,11.366666666666667,1,2025-04-25T14:20:39.023876
0266c69d-6a27-485f-883d-48ce08c282bc,closed_captioning,240,32,2,52,17,0,1,0,0,,4,21,8,0,,51,57,0,22,22,11.366666666666667,2,2025-04-25T14:20:38.778233
97384c1b-ee15-446c-8ac2-ff881fdd1044,closed_captioning,1051,162,6,265,161,0,41,0,0,,3,14,26,0,,130,208,0,136,111,42.7,2,2025-04-25T14:11:57.950027
60da7b6a-9941-47c4-b252-ed1d7a3ce842,closed_captioning,1077,136,5,374,177,0,60,0,0,,5,13,17,0,,136,212,0,141,66,42.7,3,2025-04-25T03:27:04.608790
2c391a99-d835-4eb3-b039-cb3435001f74,closed_captioning,426,37,5,151,130,0,14,1,1,,5,11,4,0,,147,140,0,11,2,21.616666666666667,2,2025-04-24T22:39:29.865056
ddff8891-459d-4c18-8b92-84d5ed8bc6a4,closed_captioning,703,75,4,111,77,0,19,0,0,,57,17,25,27,,37,75,0,149,54,43.766666666666666,1,2025-04-23T21:25:11.200418
6fd4497a-4b0a-42d3-b8ce-18e434327d8b,closed_captioning,234,17,0,28,10,0,5,0,0,,12,22,7,0,,25,33,0,10,17,11.35,1,2025-04-23T16:01:59.400705
649dc4f2-61c0-4c54-bfac-a7181404dc2a,closed_captioning,778,101,3,199,166,0,30,0,0,,3,5,27,154,,123,153,0,75,1,42.2,1,2025-04-23T11:33:01.382870
f81f10c2-df86-4115-a10d-c3f1c3f54208,closed_captioning,778,108,8,116,68,0,23,0,0,,83,13,40,27,,62,148,0,152,61,45.333333333333336,1,2025-04-22T21:42:03.077607
d9e86f9b-edb9-4ab9-9457-c467b4f3f631,closed_captioning,464,41,4,88,62,0,15,1,1,,13,26,16,106,,59,99,0,70,57,21.133333333333333,2,2025-04-22T19:05:29.663593
3814b040-21c5-425f-ba15-0fc35386d7db,closed_captioning,489,62,3,123,81,0,9,0,0,,7,20,22,98,,73,93,0,45,36,21.1,3,2025-04-22T19:05:29.452659
3a6cbbfe-4dd3-499f-ab97-8b0e4107b4bc,closed_captioning,431,56,2,106,77,0,15,2,2,,8,8,13,117,,60,91,0,92,54,21.333333333333332,2,2025-04-22T17:30:39.031122
3d91ae5f-01f2-40bb-a9a2-e7cecc8015c4,closed_captioning,464,54,4,122,78,0,5,0,0,,10,19,17,110,,78,98,0,67,43,21.25,2,2025-04-22T17:30:38.822896
10a2ebfa-8215-4748-949b-4a9f5a359235,closed_captioning,397,56,6,98,89,0,8,0,0,,5,5,12,109,,91,81,0,47,23,21.033333333333335,2,2025-04-22T15:52:11.403937
18bc10b6-c3b1-4f56-9609-13b885da0d14,closed_captioning,398,45,2,75,63,0,13,1,0,,5,8,7,119,,59,85,0,50,18,22.016666666666666,2,2025-04-22T15:52:11.186198
07e9b806-9611-4f9c-a03d-96827e3e3b8b,closed_captioning,412,56,6,96,71,0,34,0,0,,25,17,13,132,,49,86,0,68,43,21.283333333333335,2,2025-04-22T15:52:10.964857
c92a7ad4-fa56-4801-89c1-16ac67792c14,closed_captioning,456,63,2,98,94,0,21,2,0,,9,6,7,136,,50,89,0,49,28,21.133333333333333,2,2025-04-22T15:52:10.714781
bfef9018-a5f2-4390-b26a-bfa629229ad0,closed_captioning,212,31,0,67,44,0,17,0,0,,143,1,5,0,,30,26,0,3,0,21.066666666666666,2,2025-04-22T15:44:21.127212
d57e09be-279d-4921-ad53-880030d24a51,closed_captioning,212,31,0,67,44,0,17,0,0,,143,1,5,0,,30,26,0,3,0,21.066666666666666,2,2025-04-22T15:44:20.018979
b504d208-c17f-4133-a982-1ca71cb569a4,closed_captioning,1246,149,11,485,254,0,29,19,15,,17,47,30,0,,289,334,0,290,227,43.75,2,2025-04-22T12:29:22.925738
c20dd3ea-17fb-407e-8bca-5e36cb44268e,closed_captioning,415,57,5,101,74,0,23,3,3,,9,8,9,112,,50,78,0,78,42,20.75,2,2025-04-22T11:59:58.481458
3a2f849e-60b1-461a-8575-7b1c1691d5f6,closed_captioning,411,81,4,91,81,0,19,1,1,,3,8,13,97,,47,94,0,83,34,21.066666666666666,2,2025-04-22T11:59:58.206122
b5b39f2e-46a4-4352-91b1-f6ad594cc623,closed_captioning,1573,227,7,338,272,0,96,0,0,,89,12,59,0,,296,248,0,99,14,83.933333333333337,2,2025-04-20T02:43:28.789692
540730e6-bc00-4dc2-9fb6-6f477cb28021,closed_captioning,580,62,3,97,56,0,5,0,0,,9,13,13,0,,160,79,0,13,1,42.133333333333333,1,2025-04-19T21:01:25.258746
1c63903a-5008-4277-a86a-0a672fd47476,closed_captioning,580,62,3,97,56,0,5,0,0,,9,13,13,0,,160,79,0,13,1,42.133333333333333,1,2025-04-19T21:01:24.486258
0ef4704b-8345-462d-a220-dea1387ce8b4,closed_captioning,999,138,3,284,178,0,34,0,0,,14,18,25,0,,153,209,0,141,93,42.633333333333333,2,2025-04-19T20:26:38.400858
a14b25a5-985b-4670-b9d3-ce1d5f4a0594,closed_captioning,1003,167,10,333,211,0,772,0,0,,18,24,30,5,,313,203,0,103,83,40.783333333333331,2,2025-04-19T17:27:39.016280
e3d6d38e-4681-4384-aa46-1765e80d0056,closed_captioning,758,84,2,274,215,0,49,0,0,,122,8,22,0,,166,180,0,33,1,42.95,3,2025-04-19T17:25:06.299243
ff00abc6-0726-4d8f-9a61-a1164ec31861,closed_captioning,642,57,4,131,55,0,6,0,0,,11,21,17,0,,133,109,0,40,33,42.133333333333333,2,2025-04-19T16:28:59.221938
d34823da-d85b-42f8-a3b9-5cd8822f7a92,closed_captioning,1053,154,7,353,215,0,83,0,0,,33,28,23,0,,236,302,0,172,124,42.616666666666667,1,2025-04-19T15:22:34.409943
19214e6e-e2d2-4258-a9fb-9a26ff307471,closed_captioning,589,75,0,160,80,0,35,0,0,,6,13,10,0,,80,112,0,141,88,22.4,?,2025-04-19T02:12:04.629665
76d9567a-c54a-42bc-9822-57a6a0232945,closed_captioning,550,72,6,175,108,0,6,0,0,,11,13,12,0,,133,212,0,94,98,22.55,2,2025-04-18T19:03:02.751809
94d149a5-d527-4385-b0f0-ca76c150be2c,closed_captioning,786,74,9,145,75,0,13,0,0,,15,16,26,0,,107,193,0,130,128,43.333333333333336,1,2025-04-18T16:26:31.075319
fc2c3350-8f73-45ec-b758-04ad572693f3,closed_captioning,260,24,3,35,8,0,0,0,0,,7,33,14,0,,15,20,0,20,15,11.366666666666667,2,2025-04-18T12:32:47.597609
afe74eb2-77bb-4c00-852e-513432dd173f,closed_captioning,256,19,0,55,12,0,1,0,0,,15,20,15,0,,34,28,0,14,17,11.366666666666667,2,2025-04-18T12:32:47.394252
ff0497c8-3b26-40cf-8400-897d6e985519,closed_captioning,262,24,3,45,12,0,2,0,0,,6,22,11,0,,29,38,0,19,21,11.366666666666667,2,2025-04-18T12:32:46.945186
c056038b-828d-4436-898b-0d46a10dac1e,closed_captioning,609,125,8,198,159,0,30,0,0,,4,5,6,15,,67,122,0,260,75,22.383333333333333,2,2025-04-17T23:56:26.673932
afc9515a-acb6-4124-8895-a31bbd5e2ae4,closed_captioning,1125,200,10,305,261,0,45,0,0,,5,11,20,0,,100,156,0,303,110,44.2,1,2025-04-17T23:26:24.450571
294989e3-656c-4e3c-ace4-d80e74eb6ad7,closed_captioning,545,86,3,167,127,0,72,0,0,,9,14,8,20,,134,163,0,174,108,22.383333333333333,3,2025-04-17T19:02:56.778799
47e1eab2-838e-4094-8f73-93d810a3aa58,closed_captioning,888,100,13,184,123,0,738,0,0,,7,13,30,0,,149,159,0,72,55,42.333333333333336,2,2025-04-17T17:27:55.476186
fa1eaa84-3892-4289-b2d3-cd2aa40008a6,closed_captioning,874,171,17,173,139,0,308,0,0,,8,9,19,1,,175,128,0,60,108,42.633333333333333,2,2025-04-17T16:42:51.017092
b77a09f7-5881-43bb-a3b5-cff3ad216ffb,closed_captioning,95,9,0,17,13,0,0,0,0,,0,1,2,14,,6,18,0,15,4,5.5,1,2025-04-17T16:21:53.931324
b561a458-9bfc-4e7a-a5b5-80bfe7745342,closed_captioning,1042,154,6,315,176,0,125,0,0,,8,33,35,6,,149,223,0,163,79,42.7,2,2025-04-17T10:00:19.241542
d9e10357-ac44-4b47-b6c0-c4ef553a85de,closed_captioning,237,11,0,25,11,0,4,0,0,,22,24,10,1,,17,27,0,15,26,11.366666666666667,2,2025-04-16T13:38:19.147479
8dd9addd-5e19-4bd7-a744-1a3d533b7df0,closed_captioning,223,26,0,23,13,0,0,0,0,,12,13,20,0,,13,20,0,12,21,11.366666666666667,3,2025-04-16T13:38:18.678853
69f7c990-4204-42df-924a-5e5f89737adb,closed_captioning,1086,191,10,276,174,0,30,0,0,,8,13,19,0,,169,252,0,276,188,54.033333333333331,3,2025-04-16T13:08:00.098276
2713b014-725f-4a7f-8ac6-e27e41ebe886,closed_captioning,1012,157,9,260,163,0,18,0,0,,8,23,29,0,,200,230,0,210,140,51.866666666666667,3,2025-04-16T13:07:59.686438
451a6abe-040c-47a0-b823-495b7bd8a162,closed_captioning,1140,159,11,365,189,0,37,0,0,,14,24,29,0,,217,233,0,322,186,54.483333333333334,2,2025-04-16T13:07:59.430113
adf12c12-b310-4d31-a83c-1835aee8992a,closed_captioning,709,92,2,259,182,0,53,0,0,,19,4,20,189,,112,192,0,79,0,42.133333333333333,1,2025-04-16T09:05:26.556838
f15fc111-0a33-4b96-97c2-7236a59d4668,closed_captioning,548,93,3,152,79,0,11,0,0,,0,2,5,14,,92,104,0,156,31,22.083333333333332,2,2025-04-15T18:31:52.997268
958f507d-65d3-4fed-aba3-7f8374b53803,closed_captioning,259,16,1,37,19,0,2,0,0,,4,18,13,1,,28,43,0,19,28,11.366666666666667,2,2025-04-15T13:24:21.840716
209c2a35-c0c8-4aa3-ab31-5b322616b62d,closed_captioning,881,189,13,133,122,0,364,0,0,,14,10,20,4,,138,125,0,54,116,41.75,2,2025-04-15T13:08:00.609307
a6fcd1e7-8ad7-4c91-894b-7accbcccf757,closed_captioning,701,114,6,176,149,0,24,0,0,,72,4,18,0,,106,132,0,81,0,42.266666666666666,2,2025-04-15T01:03:56.435332
332a7a35-5407-47ac-943c-9e84bf1e49e2,closed_captioning,968,121,2,390,250,0,74,0,0,,28,11,32,0,,143,144,0,100,0,42.216666666666669,1,2025-04-14T22:43:16.396053
4d012cb6-e32f-4e19-b5fe-5591c7fbbf8f,closed_captioning,753,66,2,163,74,0,59,0,0,,130,42,25,0,,87,145,0,109,41,42.133333333333333,1,2025-04-14T19:32:46.313786
f173f10a-c5f8-4646-af66-994ca8256f41,closed_captioning,759,74,1,290,254,0,36,1,1,,0,3,14,255,,76,107,0,66,0,42.333333333333336,1,2025-04-14T15:31:49.043429
b4bdcb6e-72b3-44fa-bd57-d60b269b6621,closed_captioning,771,95,17,187,153,0,270,0,0,,12,7,16,4,,201,127,0,31,23,41.93333333333333,2,2025-04-12T22:02:49.635407
533cda0d-3fe0-4008-85c4-cef77d7c9af4,closed_captioning,979,101,3,457,189,0,277,0,0,,52,49,16,12,,350,238,0,40,20,42.016666666666666,3,2025-04-12T15:41:54.953340
4242657d-9466-4d31-87b3-912ed3a10de7,closed_captioning,689,98,6,135,86,0,30,0,0,,125,29,25,0,,92,123,0,125,38,42.133333333333333,3,2025-04-12T11:51:30.243244
6f8baa8d-dc34-4700-a285-f5ff6e1b2d62,closed_captioning,411,52,2,131,130,0,6,2,0,,0,2,6,0,,66,81,0,6,0,21.616666666666667,3,2025-04-12T01:51:08.456050
2f95b7c4-03f1-4244-a266-0c1532b48ca2,closed_captioning,253,23,3,29,11,0,1,0,0,,16,15,6,1,,15,53,0,18,23,11.366666666666667,2,2025-04-11T18:20:17.766347
ed1eda71-2042-4fac-a0e8-c94e244798f5,closed_captioning,1200,161,11,383,197,0,22,0,0,,8,16,22,0,,172,245,0,198,169,43.716666666666669,3,2025-04-11T17:59:05.265036
b036d50e-e4b2-4462-ba04-b98e72f61cd7,closed_captioning,947,150,5,226,97,0,37,0,0,,8,14,17,0,,86,191,0,105,74,42.7,2,2025-04-11T17:52:04.465519
e831f0f7-cd60-43ec-b5d1-e67768621fc5,closed_captioning,990,140,8,309,256,0,124,0,0,,6,28,13,0,,178,239,0,122,78,42.7,3,2025-04-11T17:48:00.981748
eff49e5c-f491-42a0-aca0-3e4c0abffddc,closed_captioning,243,22,0,27,20,0,3,0,0,,6,16,7,1,,27,46,0,23,25,11.366666666666667,1,2025-04-11T14:01:43.854675
a082e020-207e-4272-890f-c78b0f41f8bd,closed_captioning,237,21,2,33,17,0,1,0,0,,11,14,5,1,,27,44,0,16,30,11.366666666666667,2,2025-04-11T14:01:43.621318
d7e4b376-c191-4c69-a3e7-d3795437d2e2,closed_captioning,898,95,7,164,77,0,3,2,1,,9,18,30,84,,100,177,0,209,162,43.666666666666664,1,2025-04-10T17:07:59.960000
a73d852b-5402-4021-b9ba-3d71fa22b4c7,closed_captioning,929,163,11,177,184,0,0,0,0,,11,10,12,4,,211,181,0,60,71,41.883333333333333,2,2025-04-10T16:46:25.012902
f7ce59d6-9917-4f20-95b5-20d0d854ab4c,closed_captioning,999,140,9,312,215,0,631,0,0,,7,11,18,0,,248,181,0,27,105,42.916666666666664,2,2025-04-10T16:05:28.505202
a1cfb555-6f48-42ca-b161-402f76fd1300,closed_captioning,467,58,6,108,106,0,7,0,0,,2,4,10,0,,90,71,0,39,22,22.55,1,2025-04-10T15:24:04.473846
f2aa12b1-0e43-44c9-bfe2-421856f80166,closed_captioning,988,174,7,277,209,0,41,0,0,,12,13,354,0,,166,249,0,92,59,42.7,1,2025-04-10T14:23:55.809011
71001efe-c9b7-4f6b-bc5b-ed4afc765170,closed_captioning,485,57,8,123,108,0,29,0,0,,1,3,4,0,,94,90,0,61,32,22.55,1,2025-04-09T23:07:18.582858
fc3d28d1-b035-41ad-99e5-04bccafdf7f3,closed_captioning,659,89,2,199,164,0,49,0,0,,87,14,33,32,,101,116,0,46,7,42.25,2,2025-04-09T22:54:27.308551
72afda0f-5107-4053-9b01-fe78d7a3ad77,closed_captioning,483,63,7,107,85,0,31,0,0,,0,7,9,0,,44,64,0,53,36,22.55,2,2025-04-09T22:22:15.329779
e93eb60d-d412-485c-aa71-70875f57b86b,closed_captioning,717,65,2,228,215,0,38,0,0,,32,2,10,275,,55,86,0,52,0,42.333333333333336,3,2025-04-09T16:01:50.866683
b1a27206-b0f0-4be2-b019-a412ce4a44b8,closed_captioning,494,67,0,160,104,0,40,0,0,,234,5,16,30,,58,68,0,28,2,42.25,1,2025-04-09T14:39:13.282293
aa0be1ab-2879-4651-af62-b5bf5408ae28,closed_captioning,609,115,2,176,105,0,56,0,0,,64,6,35,36,,109,92,0,38,1,42.25,3,2025-04-09T13:37:29.529281
57a9f96d-289a-4a0e-a2ba-9df2c6deb068,closed_captioning,794,88,4,125,72,0,10,0,0,,11,17,27,0,,83,164,0,155,138,43.333333333333336,3,2025-04-08T20:35:55.156183
ce8f7d48-4305-4716-b2c2-97bc80fef36e,closed_captioning,472,58,2,152,81,0,28,0,0,,8,17,14,121,,75,94,0,36,39,21.1,3,2025-04-08T20:10:14.306860
6655ec3c-ba4c-4365-8a7f-c73deae6e3b1,closed_captioning,466,54,1,191,136,0,46,0,0,,0,4,13,0,,65,62,0,6,3,21.616666666666667,1,2025-04-07T20:11:10.627776
6cb37986-2167-4dfa-aa5d-37f557597e44,closed_captioning,458,62,2,102,103,0,16,2,2,,4,9,12,101,,104,108,0,77,54,21.116666666666667,3,2025-04-07T18:32:47.646622
58cae264-4036-466d-b55e-8256f063ccad,closed_captioning,426,41,2,142,144,0,19,6,6,,1,5,9,351,,74,75,0,5,2,22.766666666666666,1,2025-04-07T18:22:59.931062
033a2803-3a6a-45e0-bfe5-047a7b9cc212,closed_captioning,818,140,7,187,168,0,307,0,0,,3,5,16,4,,121,136,0,52,50,42.766666666666666,3,2025-04-05T20:55:13.824146
65af1d57-6f00-4333-b1f0-79a27e58f912,closed_captioning,751,116,1,199,139,0,5,0,0,,5,11,27,0,,188,84,0,31,2,42.133333333333333,1,2025-04-05T03:19:00.246087
be1ba2d1-9f73-41da-9258-13d04f6204e6,closed_captioning,749,91,10,169,112,0,44,0,0,,46,41,25,0,,80,129,1,117,46,42.133333333333333,2,2025-04-05T01:20:55.009271
2fe708af-5ad6-4d0d-9f4b-af54591d14aa,closed_captioning,160,20,1,32,42,0,23,2,0,,169,5,2,0,,39,28,0,7,0,21.066666666666666,2,2025-04-05T00:04:45.663420
79044ef5-9655-4e1e-975a-395cbd6687b8,closed_captioning,671,100,6,108,91,0,38,0,0,,140,19,27,0,,85,114,0,68,22,42.133333333333333,2,2025-04-04T21:11:18.272338
52567361-8359-4f9d-8714-ab5c690cd54f,closed_captioning,671,100,6,108,91,0,38,0,0,,140,19,27,0,,85,114,0,68,22,42.133333333333333,2,2025-04-04T21:11:17.027457
a27b8018-88ca-4eeb-9273-7d4973701032,closed_captioning,585,111,4,123,64,0,26,0,0,,9,8,332,28,,66,82,0,184,88,22.083333333333332,1,2025-04-04T18:45:50.191790
b0bfe24c-bada-4596-9282-2912bfda46b3,closed_captioning,1072,159,3,263,172,0,34,0,0,,4,15,37,0,,146,239,0,219,116,42.7,2,2025-04-04T13:21:52.824154
e866fd42-08c0-4926-8b6e-eee05119d953,closed_captioning,929,84,16,127,69,0,22,0,0,,22,11,33,0,,107,146,0,75,112,42.366666666666667,1,2025-04-04T12:57:21.318091
975f586f-9803-4bf2-9bbf-b819d4ed2506,closed_captioning,775,94,5,200,183,0,216,3,0,,3,5,22,6,,228,149,0,36,11,42.266666666666666,3,2025-04-04T03:36:29.691607
464839a8-1a1d-4fcc-a742-51a0abe9194a,closed_captioning,768,91,6,197,176,0,189,0,0,,7,8,25,4,,253,194,0,27,24,42.366666666666667,1,2025-04-03T03:21:58.143731
61322bde-e8ca-4d91-8ad3-73fb12b73bb8,closed_captioning,152,18,0,43,50,0,14,1,0,,181,4,0,0,,36,29,0,2,0,21.066666666666666,1,2025-04-02T22:32:08.932324
aa47c167-cccb-4800-8e99-f51bd33a8c84,closed_captioning,940,200,14,171,162,0,287,0,0,,22,4,15,11,,153,150,0,40,59,43.1,2,2025-04-02T22:24:18.258737
1a194177-b255-4f40-8eba-c5af0a46bc86,closed_captioning,810,125,7,171,135,0,210,6,1,,9,14,25,3,,130,112,0,44,33,41.766666666666666,2,2025-04-02T22:22:09.875369
aa31a69e-f1a0-4f24-b0d2-7f8f192740ef,closed_captioning,760,79,4,172,123,0,259,0,0,,11,15,15,5,,117,107,0,38,39,39.2,2,2025-04-02T20:59:14.431130
ce310517-890a-4b95-b23c-8277a704cb57,closed_captioning,342,4,1,22,7,0,2,0,0,,24,62,9,27,,11,17,0,11,7,20.1,3,2025-04-02T18:48:52.985795
e87d4e6a-227b-46d2-9b67-a950cad515ac,closed_captioning,959,153,3,239,125,0,3,2,2,,168,60,25,238,,155,190,0,95,44,60.616666666666667,3,2025-04-02T11:49:28.677924
a5d7a977-e170-4ce3-be51-af5c97ce1c8c,closed_captioning,1679,185,9,402,271,0,84,0,0,,71,37,48,0,,375,299,0,162,23,83.933333333333337,1,2025-04-01T20:56:09.219720
36021e62-e2d7-4eb0-9633-d37f4666d74c,closed_captioning,547,56,6,199,166,0,41,1,0,,3,7,9,79,,131,193,0,58,71,21.616666666666667,1,2025-04-01T02:01:52.343363
f045ee98-926c-40f6-b67d-e5c331c2ecb3,closed_captioning,596,74,1,159,123,0,87,0,0,,214,5,13,38,,63,94,0,2,0,42.18333333333333,1,2025-04-01T00:55:33.500380
a0316458-f3a8-4f5f-9789-057fd745dfbc,closed_captioning,734,95,2,290,260,0,37,0,0,,13,2,21,242,,28,58,0,125,0,42.333333333333336,1,2025-03-31T20:26:59.867404
cf22f85b-22cd-49a5-a3d3-30217a3e71f2,closed_captioning,517,7,0,23,5,0,2,0,0,,23,94,7,0,,17,21,0,17,13,20.1,2,2025-03-30T23:33:33.177480
1aee1bb4-4946-4eb0-87f4-d035b7ca2974,closed_captioning,423,6,3,24,5,0,2,0,0,,47,90,3,28,,25,29,2,27,17,20.1,3,2025-03-30T16:27:28.203427
780e0319-66f9-4c71-86cd-4c1a6d3d0002,closed_captioning,483,5,3,24,8,0,3,0,0,,64,89,11,0,,15,22,1,27,11,20.1,3,2025-03-30T16:19:37.226998
59f3e5c0-4e03-46ae-9368-7ea52e9cdb42,closed_captioning,556,79,3,185,123,0,29,0,0,,223,18,152,0,,67,111,0,52,10,42.133333333333333,1,2025-03-29T07:38:52.056742
148faa3f-01d9-4355-a274-b40a6b33fb1a,closed_captioning,556,79,3,185,123,0,29,0,0,,223,18,152,0,,67,111,0,52,10,42.133333333333333,1,2025-03-29T07:38:50.739139
5952ed78-b5be-41e5-9c08-a60c713569c1,closed_captioning,419,60,5,141,116,0,14,0,0,,0,1,5,0,,87,86,0,2,0,21.616666666666667,2,2025-03-29T05:42:33.781189
82a9adf3-e0dd-4c47-8cb0-af8e4109afe9,closed_captioning,861,119,5,189,76,0,18,0,0,,20,22,26,0,,98,148,1,107,125,43.333333333333336,2,2025-03-28T17:52:04.438883
21ca6b7c-72f1-488a-b07d-85c62959787e,closed_captioning,478,53,3,143,118,0,21,0,0,,277,6,37,0,,141,108,0,13,9,42.133333333333333,2,2025-03-28T02:08:05.529309
584e4ec7-52a5-4ca1-9e40-94ff1e4c90cf,closed_captioning,1064,165,7,321,193,0,40,0,0,,9,14,31,12,,229,294,0,330,136,43.75,1,2025-03-28T01:35:27.178554
13709599-34e6-469e-b5ce-afbd19791c1e,closed_captioning,396,29,5,67,48,0,16,1,1,,15,5,10,112,,46,81,0,59,38,21.033333333333335,2,2025-03-27T22:26:21.802738
c1c75be9-ee5d-409d-90c6-7cd96f371d67,closed_captioning,645,97,4,216,68,0,13,0,0,,4,6,5,10,,98,103,0,256,71,22.083333333333332,2,2025-03-27T21:28:59.755390
ff68058b-5495-48f5-9ceb-d65fca11e227,closed_captioning,169,19,2,47,55,0,13,0,0,,197,7,2,0,,24,29,0,3,0,21.066666666666666,1,2025-03-27T19:23:29.701211
a65cf3a0-f959-4572-a63d-647528b107a5,closed_captioning,169,19,2,47,55,0,13,0,0,,197,7,2,0,,24,29,0,3,0,21.066666666666666,1,2025-03-27T19:23:28.462404
b48b4fb8-2a0e-4235-8505-02b52d69f549,closed_captioning,862,116,1,272,205,0,526,0,0,,3,7,21,0,,164,149,0,31,45,40.633333333333333,2,2025-03-27T13:57:53.402063
941c24cc-f4b6-4e89-9529-bb67d6a49a3b,closed_captioning,361,47,1,98,73,0,5,0,0,,7,10,6,113,,80,106,0,40,20,21.016666666666666,2,2025-03-27T13:02:39.997724
f7b9960b-0979-4086-a021-b1311b06f66a,closed_captioning,398,75,0,85,54,0,13,0,0,,0,2,9,85,,50,57,0,30,20,21.033333333333335,2,2025-03-27T13:02:39.745254
3ce1a7df-960a-4985-889f-5cd745bbb827,closed_captioning,853,69,4,368,257,0,53,0,0,,0,2,10,245,,77,126,0,93,0,42.333333333333336,3,2025-03-27T12:41:50.522381
f7297150-b46c-4254-9af8-bb5a6bfcbbf5,closed_captioning,557,9,0,33,7,0,1,0,0,,34,93,9,22,,11,25,6,16,5,20.133333333333333,3,2025-03-27T05:51:11.407078
146cda2f-1042-48a8-8d9d-00bd955cbf61,closed_captioning,977,149,5,338,201,0,26,0,0,,1,21,23,0,,157,235,0,190,36,44.95,1,2025-03-26T19:37:03.639627
61c9d2a0-8509-4fc4-bb35-b3f6535e717e,closed_captioning,854,95,6,258,185,0,1,1,1,,5,13,21,333,,97,154,0,100,70,44.15,2,2025-03-26T17:41:57.579596
7be9cbf2-5587-4143-8250-aef33f3055aa,closed_captioning,780,100,2,335,132,0,32,0,0,,45,8,26,0,,246,161,0,91,12,42.133333333333333,1,2025-03-26T09:54:17.339418
9aef31b7-81af-4f60-adf3-944219448843,closed_captioning,780,100,2,335,132,0,32,0,0,,45,8,26,0,,246,161,0,91,12,42.133333333333333,1,2025-03-26T09:54:16.075940
3cb0af8c-2432-4ecb-a685-6ba688e74d67,closed_captioning,1031,179,4,249,179,0,154,0,0,,5,8,35,0,,118,152,0,154,81,42.7,2,2025-03-26T05:03:14.334799
a53c0a24-e260-4827-8ef5-d1063ec7ac77,closed_captioning,764,67,1,330,172,0,57,0,0,,19,6,18,146,,183,142,0,81,0,42.133333333333333,1,2025-03-26T04:54:02.976105
82206f25-0d6f-476c-ad08-76d850e03536,closed_captioning,791,119,3,251,180,0,26,3,0,,0,4,25,168,,172,132,0,81,5,42.133333333333333,2,2025-03-26T04:53:01.122477
53f91f5f-1930-4dfa-802d-90721c7b1578,closed_captioning,147,12,0,51,43,0,16,0,0,,202,2,2,0,,28,35,0,2,0,21.066666666666666,1,2025-03-26T03:23:27.754512
f56e9eec-fb7b-435d-be19-04a8394c2fba,closed_captioning,147,12,0,51,43,0,16,0,0,,202,2,2,0,,28,35,0,2,0,21.066666666666666,1,2025-03-26T03:23:26.427829
524d3dd1-dee7-4244-af46-4483f34d53f2,closed_captioning,1207,158,14,352,257,0,26,1,0,,17,17,16,0,,254,293,0,265,341,43.716666666666669,2,2025-03-25T19:11:43.028687
318629f9-64a6-4f5a-b924-ceb3cf523ec7,closed_captioning,423,64,3,121,113,0,16,0,0,,11,14,3,90,,82,168,0,118,28,20.733333333333334,2,2025-03-24T19:49:35.424203
8799a228-35cb-43ba-8226-a75227057a7c,closed_captioning,524,53,1,206,130,0,37,0,0,,13,16,8,148,,109,211,0,36,42,21.019887783333335,1,2025-03-24T19:49:35.170412
1c544c20-d95f-4669-9fae-ca285221f323,closed_captioning,566,60,3,67,54,0,28,1,1,,299,2,25,42,,28,55,0,58,0,42.18333333333333,2,2025-03-24T16:24:00.545601
9fcb39d8-6bf3-4d9a-acfa-20f157356a0d,closed_captioning,159,15,0,45,48,0,9,0,0,,153,8,3,0,,39,39,0,11,0,21.066666666666666,1,2025-03-24T15:46:22.348133
5c9f9c1a-4740-4183-9d1d-a72bedbee5b1,closed_captioning,698,80,0,243,214,0,36,0,0,,32,0,35,0,,65,46,0,135,6,42.333333333333336,2,2025-03-24T14:38:08.920394
c57e3d10-4747-483f-bc63-56f41c3841da,closed_captioning,698,80,0,243,214,0,36,0,0,,32,0,35,0,,65,46,0,135,6,42.333333333333336,2,2025-03-24T14:38:07.557040
9a17b6ad-8a8d-4070-91c2-50a145d981b3,closed_captioning,658,106,8,222,131,0,6,0,0,,14,33,187,0,,174,147,0,60,1,42.133333333333333,1,2025-03-24T14:38:07.202679
6b0304cf-c0c1-4dbe-be0e-f54f05057652,closed_captioning,1069,111,3,381,163,0,89,0,0,,57,12,18,0,,150,163,0,147,103,42.783333333333331,1,2025-03-24T14:09:14.733548
b73c9c1a-fe20-4e9b-b53c-a4c04914d32c,closed_captioning,412,20,1,128,104,0,10,0,0,,0,0,9,0,,52,69,0,4,2,21.633333333333333,1,2025-03-24T13:12:07.404551
77e59517-53df-4c55-8325-a9a781d6c8d4,closed_captioning,890,83,7,218,141,0,13,2,0,,1,20,23,313,,108,156,0,64,48,49.166666666666664,2,2025-03-24T12:28:05.588609
9201fa50-441b-4b04-9d2e-641560fb8360,closed_captioning,936,144,8,218,158,0,11,3,3,,1,15,17,398,,126,166,0,59,34,45.866666666666667,2,2025-03-24T12:28:05.311492
a2f706a8-54a7-4dfe-aea9-e638437948cf,closed_captioning,858,107,5,189,142,0,5,6,1,,3,15,21,356,,102,143,0,63,72,47.416666666666664,2,2025-03-24T12:28:05.020742
ad469bc9-0385-458c-91e0-baf4cdac7e18,closed_captioning,928,137,5,301,227,0,18,1,1,,5,11,27,402,,145,191,0,75,45,49.3,2,2025-03-24T12:28:04.774028
b729505a-f7a6-410d-8cee-c8893e5d7701,closed_captioning,916,109,4,193,134,0,17,2,0,,18,12,19,298,,86,134,0,113,59,49.18333333333333,2,2025-03-24T12:28:04.282112
e95dda65-190d-4bbc-97d8-141d64b66c1e,closed_captioning,581,108,8,123,120,0,50,0,0,,86,2,11,0,,48,51,0,80,1,42.18333333333333,3,2025-03-22T19:47:25.007067
2cf208cc-b78d-4ee2-ba07-9b30669ccfee,closed_captioning,441,46,5,108,87,0,33,2,2,,2,5,9,98,,75,217,0,17,19,21.116666666666667,2,2025-03-21T17:56:11.956329
00f195e6-2664-4ce2-9416-baf3f912e3c2,closed_captioning,470,60,4,114,98,0,7,2,2,,14,14,16,108,,76,85,0,44,49,21.133333333333333,3,2025-03-21T17:56:11.685914
db429341-04ce-467b-a9bd-dd197495cf16,closed_captioning,796,116,3,179,119,0,259,0,0,,110,26,17,0,,98,129,0,94,78,40.8,2,2025-03-21T17:21:40.919027
e6bcda40-5c27-4bea-874f-c4867a175227,closed_captioning,842,120,12,242,189,0,211,0,0,,7,13,61,4,,186,119,0,71,42,41.4,3,2025-03-21T01:12:27.751902
d43fb343-c8b6-48bc-ae01-475fc77a3395,closed_captioning,967,108,6,175,117,0,42,1,1,,7,11,18,360,,106,200,0,63,89,45.766666666666666,1,2025-03-20T04:40:16.448043
6d39ba7c-8031-4c0b-bd75-4bba8b0f8d47,closed_captioning,952,76,3,274,180,0,14,0,0,,6,19,21,0,,141,182,0,186,49,45.766666666666666,2,2025-03-20T04:39:48.036579
37ea10f8-52ce-43b4-9503-dd79acc5c765,closed_captioning,967,108,6,175,117,0,42,1,1,,7,11,18,360,,106,200,0,63,89,45.766666666666666,1,2025-03-19T17:12:45.499672
a01fb015-7568-4584-946c-127821432d4a,closed_captioning,952,76,3,274,180,0,14,0,0,,6,19,21,0,,141,182,0,186,49,45.766666666666666,2,2025-03-19T17:12:45.024760
c498d64f-6227-4542-a609-4d1138f4368a,closed_captioning,581,61,2,216,162,0,96,0,0,,136,3,15,32,,59,92,0,77,0,42.18333333333333,3,2025-03-17T14:09:15.604897
0a7ddd5b-4b2c-451b-8dec-1836f014c902,closed_captioning,420,51,0,176,121,0,2,0,0,,6,0,0,0,,77,83,0,9,0,21.616666666666667,2,2025-03-17T02:59:02.851905
4701b171-c785-4640-a3f6-3b96fcc6ded0,closed_captioning,420,51,0,176,121,0,2,0,0,,6,0,0,0,,77,83,0,9,0,21.616666666666667,2,2025-03-17T02:59:01.602252
8c6c78e7-12cf-4a44-9aa8-f1b0c3f267d8,closed_captioning,781,105,7,173,95,0,2,0,0,,6,29,19,0,,128,177,1,185,76,43.633333333333333,2,2025-03-15T05:00:06.785500
d6aae162-0d3a-4a5f-ab2a-0a0ae24680b9,closed_captioning,558,69,5,121,75,0,17,0,0,,7,8,7,0,,74,87,0,160,75,22.383333333333333,2,2025-03-14T18:07:46.181784
5b95d7bd-937e-46f4-a5cd-699f08383b68,closed_captioning,1038,139,13,201,118,0,24,0,0,,12,9,11,0,,160,210,0,322,268,43.783333333333331,2,2025-03-14T13:42:39.674511
fb0d66a9-b1b8-43e5-9beb-4794f2d9b522,closed_captioning,1019,99,11,173,81,0,58,0,0,,20,11,22,0,,162,193,12,222,196,44.18333333333333,2,2025-03-14T12:52:37.226990
7df05918-bbc3-4d53-8238-fa802e9d0881,closed_captioning,520,66,5,124,65,0,14,0,0,,7,36,17,0,,91,130,0,74,48,21.266666666666666,1,2025-03-14T12:22:24.640164
c2728114-9ce5-42f1-9f5c-558fbcb5083f,closed_captioning,429,43,0,116,107,0,21,0,0,,14,14,0,0,,76,77,0,33,0,21.1,1,2025-03-13T18:58:19.151557
afd09752-7fc7-4618-9676-4386c007fdd5,closed_captioning,468,30,5,99,75,0,13,1,1,,3,20,7,84,,95,112,0,35,34,21.283333333333335,1,2025-03-13T18:58:18.857534
140b46ae-884c-406a-9179-ec78e88318b2,closed_captioning,460,41,3,154,124,0,16,0,0,,5,41,3,0,,163,171,0,73,48,21.283333333333335,1,2025-03-13T18:58:18.563116
b73f9559-ba72-477c-8076-a5fdfacf10d8,closed_captioning,438,37,0,122,99,0,8,0,0,,7,39,9,0,,99,100,0,87,30,21.1,2,2025-03-13T17:31:24.401615
6a074a99-f44b-4147-bea2-6fa60445e6e2,closed_captioning,515,59,8,168,110,0,18,0,0,,8,31,6,0,,140,174,0,92,92,21.1,3,2025-03-13T17:31:24.155332
6c953fd3-99f6-45bc-99c4-ec347fc31b9c,closed_captioning,904,75,4,328,320,0,69,3,0,,45,9,9,383,,79,109,0,18,0,53.0,2,2025-03-11T07:37:38.635453
f88a326c-b420-462d-98f2-19d0b1428eaa,closed_captioning,797,106,5,220,177,0,29,0,0,,4,23,4,0,,111,125,0,118,24,42.133333333333333,2,2025-03-11T04:44:55.337031
7db98f5c-292a-4df6-b7a7-452811ccac55,closed_captioning,506,51,0,198,119,0,45,0,0,,190,7,5,51,,65,56,0,50,0,42.18333333333333,3,2025-03-10T16:57:57.112151
270ead63-fb41-486e-bbe4-382cb7c8ceae,closed_captioning,1000,135,24,149,65,0,43,0,0,,33,17,15,0,,151,179,2,221,224,44.18333333333333,3,2025-03-10T15:27:39.350782
b51f0f52-10a6-4074-af40-618040dbdab0,closed_captioning,393,60,3,121,122,0,12,0,0,,0,0,2,0,,54,51,0,4,0,21.6,2,2025-03-10T05:33:43.838678
3c01eb6b-8b90-4bad-8f36-73eab93222f2,closed_captioning,393,60,3,121,122,0,12,0,0,,0,0,2,0,,54,51,0,4,0,21.6,2,2025-03-10T05:32:51.040492
436896d3-860e-4275-ace5-a7cffa58bbf5,closed_captioning,529,77,9,120,58,0,17,0,0,,4,7,8,13,,135,135,0,167,125,23.033333333333335,2,2025-03-07T13:22:14.911279
e926ff7b-d294-4cde-839a-b9ca40eb57a0,closed_captioning,905,97,10,230,195,0,6,0,0,,3,12,2,0,,175,187,0,103,61,44.05,3,2025-03-07T08:01:40.476052
1eaf1eee-925b-42b5-bba6-0481831b5605,closed_captioning,516,65,5,122,67,0,26,0,0,,5,2,12,0,,78,107,1,157,77,23.016666666666666,2,2025-03-07T06:35:17.808127
f4d22c9f-4795-44ac-90fd-dcf7e5b59bec,closed_captioning,1083,110,0,386,344,0,27,0,0,,2,10,17,0,,233,531,0,8,3,63.1,2,2025-03-07T06:15:14.908860
895b3db7-a513-4475-8ae7-427ec7a90930,closed_captioning,1083,110,0,386,344,0,27,0,0,,2,10,17,0,,233,531,0,8,3,63.1,2,2025-03-07T06:12:38.585807
c9d4df71-9198-40aa-b63e-4beb125523c9,closed_captioning,831,133,9,263,216,0,104,0,0,,13,19,6,0,,194,162,1,155,42,42.783333333333331,2,2025-03-06T20:16:40.077056
676f6ce2-e713-4681-b539-5b197c22317b,closed_captioning,548,80,5,172,134,0,23,0,0,,4,6,4,0,,79,98,1,75,82,24.5,2,2025-03-06T15:38:38.894920
2645ed3d-c163-46db-ada7-9a90153d514f,closed_captioning,831,133,9,263,216,0,104,0,0,,13,19,6,0,,194,162,1,155,42,42.783333333333331,2,2025-03-06T05:02:31.435026
720707bf-1691-4b33-aa52-441bd470ca07,closed_captioning,846,97,3,126,72,0,9,0,0,,14,15,9,0,,160,142,0,111,69,42.916666666666664,2,2025-03-06T05:02:14.460445
23fe2cde-ca7c-4af2-96e8-837860a4a3e8,closed_captioning,784,92,4,265,171,0,70,0,0,,25,16,14,0,,195,167,0,103,18,42.133333333333333,2,2025-03-05T16:28:19.879603
78a12528-9c73-48f4-b224-e20947af8feb,closed_captioning,796,107,5,191,137,0,7,0,0,,8,32,7,0,,167,170,0,128,77,42.916666666666664,2,2025-03-05T02:07:28.881543
44d4a5a9-19e0-4bb2-a27a-be66cc6c2d25,closed_captioning,399,46,2,126,117,0,5,0,0,,2,1,2,0,,34,46,0,1,0,21.633333333333333,2,2025-03-04T06:22:15.059771
09cf2d31-a393-445f-85d4-3d33c943982a,closed_captioning,966,122,20,208,116,0,72,0,0,,17,16,22,0,,196,236,3,230,239,44.18333333333333,3,2025-03-04T06:22:14.706254
f4212d7d-c81a-4c78-8d00-22e1bca13f8c,closed_captioning,392,60,3,112,106,0,12,0,0,,0,19,3,0,,38,50,0,50,6,24.766666666666666,1,2025-03-03T18:01:29.871053
8ae6eeab-b3ce-4d92-b4be-dca536fb8a9a,closed_captioning,491,35,2,153,122,0,64,0,0,,103,8,4,0,,62,100,0,45,0,42.18333333333333,2,2025-02-28T23:02:34.960833
123e4567-e89b-12d3-a456-426614174000,closed_captioning,121,8,0,28,52,0,8,0,0,,75,1,22,0,,43,17,0,2,0,21.066666666666666,1,2025-02-27T18:58:05.527026
df3b3e6b-2c40-4603-8467-8cd580fb18db,closed_captioning,525,73,9,135,94,0,30,0,0,,4,18,1,0,,116,117,1,157,95,21.71335,2,2025-02-25T09:16:12.227983
1ea4788f-8247-4df7-ab76-4076dc9fec77,closed_captioning,486,99,5,138,94,0,28,0,0,,2,1,4,0,,65,57,3,174,71,21.66385,3,2025-02-20T19:42:57.708938
4e3a805f-3d55-4578-a73a-0d0dd2f9318f,closed_captioning,515,80,4,132,90,0,9,0,0,,1,1,2,0,,80,104,0,171,73,21.744500000000002,2,2025-02-20T19:40:25.114812
bd31b6e3-0ea0-40a0-bade-b4cf038a973d,closed_captioning,745,67,3,278,250,0,45,0,0,,0,1,3,0,,41,59,0,170,0,42.333333333333336,1,2025-02-20T19:39:59.111201
b7b0cad2-63fa-4a0a-9c5c-67872220c75e,closed_captioning,527,87,6,127,80,0,21,0,0,,9,11,12,0,,110,110,1,160,93,21.691116666666669,2,2025-02-20T19:28:23.605285
9b8aa392-e815-409b-8e46-4f66561ae2e7,closed_captioning,989,81,13,211,111,0,52,0,0,,6,6,18,0,,153,182,3,214,161,44.18333333333333,3,2025-02-16T19:37:13.501935
d6349784-5e55-42fd-97a6-1c678e850abc,closed_captioning,529,61,1,117,92,0,85,0,0,,114,5,18,0,,38,62,0,64,0,41.59043333333333,1,2025-02-15T05:00:09.733714
9838e727-8d44-46b4-81f2-55565c2da35d,closed_captioning,141,18,3,43,44,0,5,0,0,,237,2,1,0,,12,17,0,8,0,21.066666666666666,1,2025-02-14T22:00:26.599509
1df0f695-11b3-4844-b3e6-2c749866d044,closed_captioning,651,118,9,209,105,0,11,0,0,,12,44,13,0,,137,138,0,56,8,42.133333333333333,2,2025-02-14T16:40:41.607750
ea3f012e-4b8c-47e9-8e70-370b493f9d40,closed_captioning,505,89,7,139,91,0,15,0,0,,6,2,7,0,,54,98,0,134,40,22.383333333333333,2,2025-02-14T16:35:15.388214
dd094448-00e9-4419-b63f-c315da3a5fb8,closed_captioning,820,121,10,265,195,0,58,0,0,,27,2,5,0,,141,132,0,133,18,42.133333333333333,2,2025-02-13T10:37:25.697317
3a2d1b9f-b712-4928-bcf8-64486407b790,closed_captioning,641,17,0,29,21,0,6,0,0,,184,389,4,0,,11,17,0,18,0,41.634366666666665,2,2025-02-12T08:35:19.443934
47dee0a3-3d23-460a-b851-d85586f08e52,closed_captioning,1027,166,6,307,249,0,37,1,0,,11,9,12,54,,216,177,1,302,62,44.033333333333331,3,2025-02-11T11:49:33.958536
ffbc7410-5614-42ac-87a0-93dce82c7305,closed_captioning,1023,128,13,214,167,0,22,0,0,,24,20,14,0,,152,206,1,300,133,44.033333333333331,2,2025-02-11T11:28:30.588646
6f05626b-9725-4d03-bed8-98b7ef7d0942,closed_captioning,502,97,3,102,72,0,17,0,0,,4,5,2,0,,60,96,1,127,51,22.383333333333333,2,2025-02-11T11:16:29.787802
a35e15de-2504-46fd-a114-9ea27d05b7d4,closed_captioning,398,33,2,135,107,0,3,0,0,,0,0,0,0,,105,115,0,1,0,21.204516666666667,1,2025-02-11T10:35:20.529429
5a3b1194-6f95-4465-be4c-24df87725e70,closed_captioning,758,96,4,241,180,0,69,0,0,,33,9,10,0,,120,102,0,108,3,41.55875,1,2025-02-10T20:02:23.068490
bea50c66-4310-441c-a70e-0c24b827ca6c,closed_captioning,512,115,6,133,94,0,21,0,0,,2,1,1,0,,66,94,1,160,85,21.690549999999998,2,2025-02-10T19:44:23.864991
06263692-6d6c-4ccc-84cd-db9fd2c45915,closed_captioning,340,50,1,86,82,0,8,0,0,,8,3,4,0,,29,47,0,29,12,21.383333333333333,2,2025-02-10T19:40:10.100013
b5db6ea4-2fe6-4685-9ab9-0f75a46f6c6d,closed_captioning,640,65,1,128,93,0,68,0,0,,91,17,11,0,,66,81,0,84,1,41.65995,2,2025-02-10T19:34:49.545279
48279c95-bc29-491b-9ff7-a77263dccc3c,closed_captioning,792,122,3,229,181,0,38,0,0,,13,1,5,0,,84,117,0,77,0,41.5287,2,2025-02-10T19:25:31.373400
25ceb260-4fd3-437f-8923-6224a441fc4b,closed_captioning,514,81,7,124,82,0,16,0,0,,3,3,0,0,,75,99,0,128,60,21.707800000000002,2,2025-02-10T19:23:19.125967
5c21d225-fbb6-4c0c-ae7e-1ecd94d09403,closed_captioning,701,101,10,231,156,0,36,0,0,,3,3,15,0,,86,110,0,84,0,41.752266666666664,2,2025-02-10T19:18:48.552725
6a084cfa-d7b9-4bd1-ad3a-cb219db2959b,closed_captioning,522,113,5,123,93,0,21,0,0,,3,2,2,0,,64,87,1,191,98,21.688333333333333,2,2025-02-10T19:12:51.672614
11135fb6-0db5-4946-9fe4-bd130dc2de2d,closed_captioning,519,95,8,138,82,0,18,0,0,,12,13,5,0,,87,109,0,157,96,21.697783333333334,2,2025-02-10T19:06:49.709211
49d7b4c1-f566-4602-b7c9-cd755e3af0aa,closed_captioning,980,225,31,201,164,0,30,0,0,,33,10,7,0,,140,168,1,283,202,43.331616666666669,2,2025-02-10T14:29:56.492903
9da1f626-783a-4b37-bc82-25b3931f01e5,closed_captioning,480,111,4,95,79,0,16,0,0,,5,2,6,0,,66,78,0,179,121,21.653866666666666,1,2025-02-03T19:11:37.528236
abc5c17a-fee2-4abd-96cb-e20cfef4ffc4,closed_captioning,497,74,7,128,56,0,12,0,0,,11,11,8,15,,91,105,0,151,117,21.674983333333333,2,2025-02-03T19:05:18.906201
7c746ad0-7cdc-482d-9513-7633f78d3151,closed_captioning,395,43,3,126,111,0,9,0,0,,2,24,1,0,,35,55,0,36,2,21.383333333333333,1,2025-02-03T18:51:04.377112
b82f7110-8ed3-4c9d-a95d-b932b2d53555,closed_captioning,443,74,5,184,96,0,8,0,0,,0,1,5,0,,57,94,0,6,1,21.246216666666665,1,2025-02-02T17:08:05.124563
cf1751ea-e47d-4b03-b027-e9dce5e90235,closed_captioning,472,29,0,58,35,0,52,0,0,,125,6,10,0,,31,51,0,70,2,41.558183333333332,2,2025-01-31T22:03:54.683726
1283ec55-b171-4b68-b57b-74f57f720d86,closed_captioning,526,42,2,136,61,0,15,0,0,,13,14,4,0,,85,104,0,176,98,21.701133333333335,3,2025-01-30T09:36:43.755787
7e7a7384-0891-4655-809d-12222ce4b42b,closed_captioning,524,51,1,153,57,0,19,0,0,,10,5,5,0,,68,92,0,164,94,21.677216666666666,3,2025-01-30T09:34:36.550877
46c33fac-122f-4d06-85e9-f71a16caf50d,closed_captioning,516,111,8,120,112,0,33,0,0,,8,1,7,0,,77,93,1,171,90,21.709466666666668,1,2025-01-30T08:26:27.174533
f1b7b1d0-bd61-468c-9023-a6fa25fa629a,closed_captioning,529,102,8,149,81,0,6,0,0,,3,5,8,0,,92,139,0,129,71,21.686116666666667,2,2025-01-29T14:23:34.718510
a0af9c4c-63e1-418a-a08b-085e24e954ca,closed_captioning,527,113,14,129,85,0,12,0,0,,1,2,11,0,,75,89,1,169,84,21.679433333333336,3,2025-01-29T11:11:38.236643
5a44b8bd-b1a4-4de4-9532-b527c50e5de0,closed_captioning,987,98,5,195,107,0,61,0,0,,38,17,34,0,,119,187,3,235,151,44.6,3,2025-01-29T06:50:04.783361
960aa4d9-ae72-4b9f-b0f0-98200bfcf3ad,closed_captioning,555,56,13,113,59,0,13,0,0,,5,21,26,0,,113,92,0,32,2,42.133333333333333,1,2025-01-29T04:40:22.533284
43bfd685-14ff-400e-8feb-df9d81e7ae38,closed_captioning,482,127,3,91,74,0,12,0,0,,1,1,1,0,,49,60,0,161,63,21.710016666666668,2,2025-01-29T04:36:49.347322
3548737f-e408-44d5-8fe9-049bee86c390,closed_captioning,828,51,7,209,208,0,19,0,0,,70,23,12,0,,82,92,5,77,1,55.0,2,2025-01-29T01:28:48.453412
30f4a22c-0e81-4f7a-9185-fade5f7fd470,closed_captioning,525,113,3,140,64,0,15,0,0,,7,9,3,0,,99,115,0,164,73,21.700566666666667,3,2025-01-27T18:20:14.617036
02e3ce3a-2b0b-41a7-954e-6eb9a6c9a7b4,closed_captioning,151,11,1,48,36,0,8,0,0,,185,2,3,0,,24,24,0,1,0,21.066666666666666,1,2025-01-27T16:08:57.616067
246e91e0-1ecf-45ad-a0d3-18a58e42c395,closed_captioning,511,89,10,132,102,0,33,0,0,,9,6,9,0,,69,90,1,133,57,21.673333333333336,2,2025-01-27T15:06:36.608955
1f689f74-e70b-4b87-b064-125045482135,closed_captioning,464,119,25,86,61,0,14,0,0,,5,6,7,0,,82,83,1,145,91,21.691116666666669,2,2025-01-25T16:27:34.461100
70fcce9b-aaf9-4be3-91c1-ca7de611547f,closed_captioning,591,86,13,116,76,0,22,0,0,,9,6,5,0,,127,116,1,111,99,21.6761,3,2025-01-25T16:26:44.947586
b405b930-8d34-447c-8395-a6cca9716ec9,closed_captioning,490,109,3,112,90,0,15,0,0,,3,3,6,0,,73,72,1,138,52,22.383333333333333,2,2025-01-25T16:26:31.439650
79d9c270-b01a-4fd3-bb54-b4ab589e8d10,closed_captioning,537,73,8,160,100,0,17,0,0,,6,11,10,0,,102,125,0,145,122,22.383333333333333,2,2025-01-25T14:17:01.525322
660632ca-b484-4b77-b3c7-9efe1aab501a,closed_captioning,505,118,16,107,69,0,20,0,0,,8,7,2,0,,114,126,1,157,105,21.681666666666668,2,2025-01-25T14:09:59.227426
36d8cd88-50ff-430f-9c7b-54f0946b9dbe,closed_captioning,979,250,55,166,143,0,39,0,0,,9,3,7,0,,146,167,1,234,181,44.033333333333331,2,2025-01-25T09:45:34.875254
b8b2e069-25f3-47ca-9348-4df909381aaa,closed_captioning,1100,181,18,268,170,0,40,0,0,,5,6,10,0,,167,243,0,315,161,44.033333333333331,2,2025-01-25T09:32:28.384264
78ce5fb6-7979-47a5-b285-3bb35d08682d,closed_captioning,520,62,7,121,66,0,12,0,0,,1,1,6,0,,78,105,0,140,83,21.687766666666668,2,2025-01-23T13:38:04.114805
1721bf90-f9da-4ca9-901b-fcea720e53fa,closed_captioning,524,120,15,142,62,0,16,0,0,,4,8,12,0,,108,141,1,147,85,21.70835,2,2025-01-23T13:36:42.502207
6df24423-3993-4914-bf9b-38bee5c6391e,closed_captioning,499,134,35,94,82,0,22,0,0,,1,2,2,0,,73,83,1,116,75,21.688883333333333,2,2025-01-23T13:34:55.538180
1fd86368-f828-4e98-abad-884dcbaaad3d,closed_captioning,557,68,0,134,68,0,17,0,0,,3,8,4,0,,68,88,0,184,69,21.685,2,2025-01-23T13:34:26.764535
eb35a799-dece-43a3-ac12-1a598ffc0972,closed_captioning,484,50,15,89,40,0,9,0,0,,9,9,5,0,,79,111,1,157,107,21.677216666666666,2,2025-01-23T13:34:15.959178
91def8e0-343d-4e9f-a55f-cdb6342c3662,closed_captioning,445,111,18,80,50,0,16,0,0,,11,3,3,0,,81,101,0,175,135,21.674983333333333,2,2025-01-23T13:33:30.978612
4fcd5fb7-2ee4-43c7-87fd-3c887c4e3a86,closed_captioning,472,114,17,116,63,0,21,0,0,,3,3,3,0,,86,124,0,170,116,21.70725,2,2025-01-23T13:33:12.271345
1d7e66be-2730-4003-9be8-aa57dc35a94f,closed_captioning,554,144,9,161,77,0,23,0,0,,7,8,4,0,,116,135,1,133,74,21.716150000000003,2,2025-01-23T13:33:12.268601
9b81324e-8858-466a-b826-6b52d23389c2,closed_captioning,543,61,0,154,69,0,21,0,0,,3,4,9,0,,64,89,0,149,77,21.696683333333333,2,2025-01-23T13:31:48.717643
c54b87d5-e4e1-42a3-8f06-4d00f7f70856,closed_captioning,544,105,7,126,72,0,12,0,0,,4,6,9,0,,85,120,3,175,109,21.704466666666669,2,2025-01-23T13:31:31.544567
5d164500-e1ed-4127-b05a-cfa91aaa5c1f,closed_captioning,576,61,5,124,68,0,26,0,0,,2,3,6,0,,100,103,0,126,66,21.696133333333332,2,2025-01-23T13:29:22.048403
ebfef021-2275-4649-abc8-b9a8e04db6f0,closed_captioning,552,73,13,175,115,0,25,0,0,,3,7,4,0,,126,143,2,197,121,21.677216666666666,2,2025-01-23T13:28:37.156918
092bb2ca-245e-4d84-b634-b8ebc4f3e26d,closed_captioning,576,54,1,134,66,0,13,0,0,,6,12,10,0,,58,93,2,179,86,21.69946666666667,2,2025-01-23T13:04:57.934411
4aec2505-1961-4d29-aabc-d2eb1d85a266,closed_captioning,460,77,7,125,73,0,23,0,0,,0,4,4,0,,61,101,0,110,57,21.673316666666665,2,2025-01-23T13:00:51.383913
2af6dcc2-b357-4b32-a902-3e0f4c7b432c,closed_captioning,538,65,6,93,64,0,21,0,0,,3,4,9,0,,86,73,1,157,64,22.383333333333333,2,2025-01-22T23:07:40.455212
dca40015-aeb9-4be1-adc9-704c5abaf31c,closed_captioning,339,47,5,70,59,0,3,0,0,,7,17,5,0,,39,51,0,31,6,21.383333333333333,1,2025-01-22T11:08:53.756158
a5e2c1fd-e1fb-4b0c-a94f-010a3b93dfa2,closed_captioning,486,142,34,88,72,0,22,0,0,,5,4,13,0,,74,88,0,147,98,21.67665,2,2025-01-21T23:15:36.274909
a11aa302-8268-476f-ad8b-347da248bf38,closed_captioning,502,95,15,155,91,0,14,0,0,,0,2,4,0,,105,129,1,219,106,21.688883333333333,2,2025-01-21T23:14:16.678646
4ff6203e-8d78-4afd-8cf1-e481c1e2d05a,closed_captioning,480,130,17,97,86,0,13,0,0,,4,6,2,0,,91,107,1,117,90,21.706683333333334,2,2025-01-20T13:38:12.136264
7cc5461c-450c-4547-9d63-c17cf50deffd,closed_captioning,475,112,23,97,87,0,23,0,0,,1,7,5,0,,108,114,0,151,145,21.679433333333336,2,2025-01-15T08:28:36.700494
1bb12a09-ed94-4962-85c5-da5384454ca0,closed_captioning,521,41,2,122,58,0,16,0,0,,1,3,5,0,,48,70,0,159,65,22.383333333333333,2,2025-01-15T04:50:39.519154
f7a496e1-d0bb-44b4-9bc7-d7f5ba2f4d3b,closed_captioning,485,92,8,140,71,0,14,0,0,,2,6,4,0,,84,105,0,158,74,21.718366666666668,2,2025-01-14T23:38:14.506953
39c1bcbe-79c4-4950-ab66-dab0a6de7f0c,closed_captioning,478,138,17,104,67,0,21,0,0,,0,2,4,0,,101,115,1,136,68,21.695566666666664,2,2025-01-14T23:19:54.242279
65711770-f746-483d-9d86-bf64cf2ea680,closed_captioning,591,157,16,163,98,0,17,0,0,,5,5,6,0,,85,104,0,163,68,21.701683333333335,2,2025-01-14T23:14:22.133440
70d134e2-500c-4e75-bb65-ce744efa29c2,closed_captioning,525,59,1,136,70,0,15,0,0,,2,11,6,0,,74,96,1,113,56,21.715583333333331,2,2025-01-14T22:52:14.034967
ad008f5e-9b4e-4e00-b15a-4f51482076f2,closed_captioning,494,92,7,154,78,0,19,0,0,,1,6,2,0,,104,124,1,144,62,21.681666666666668,2,2025-01-14T22:38:12.244928
d1fb9e7a-73be-4f6a-a809-49b899e90ffb,closed_captioning,476,153,36,97,74,0,31,0,0,,0,1,1,0,,103,105,0,120,89,21.683883333333331,2,2025-01-14T22:35:00.600436
d258fa1b-e549-451b-83c7-611612d77dc5,closed_captioning,522,47,1,151,80,0,18,0,0,,2,7,3,0,,91,114,0,146,72,21.720033333333333,2,2025-01-14T22:33:09.065572
2cd7f83e-7068-451f-938b-dae12652e219,closed_captioning,534,91,8,177,73,0,23,0,0,,6,9,5,0,,124,125,1,200,90,21.718366666666668,2,2025-01-14T22:29:16.517328
7aaaacb2-ef27-49f1-a8c6-9af4198350d7,closed_captioning,565,53,0,158,63,0,16,0,0,,6,11,10,0,,101,114,0,178,129,21.695016666666668,2,2025-01-14T22:28:45.903726
f59a1138-0b37-4410-bd32-dc291abac4ff,closed_captioning,522,134,8,155,78,0,16,0,0,,3,7,2,0,,81,100,2,147,68,21.708366666666667,2,2025-01-14T22:25:58.099460
1ad79198-7795-4cb5-9c89-dcbc7970a883,closed_captioning,570,54,3,118,59,0,17,0,0,,2,4,3,0,,69,91,1,161,78,21.72725,2,2025-01-14T22:24:56.108868
591e155f-195a-40df-9130-e772b6c9247e,closed_captioning,507,123,7,133,83,0,25,0,0,,4,6,2,0,,67,87,1,137,93,21.668316666666666,2,2025-01-14T22:22:43.353328
0fc872b1-a531-4520-a0fc-6d847b61b1c4,closed_captioning,544,77,5,119,77,0,10,0,0,,9,13,8,0,,59,91,2,156,80,21.681666666666668,2,2025-01-14T22:20:14.308194
e41dd83c-7391-420e-b179-aa71e80f8c81,closed_captioning,470,142,20,90,72,0,14,0,0,,6,2,5,0,,98,90,2,149,72,21.682766666666666,2,2025-01-14T22:17:48.942214
0bc56425-27dd-4a74-9098-d70f44351bdc,closed_captioning,537,62,5,111,49,0,17,0,0,,4,5,4,0,,58,87,1,100,34,21.713916666666666,2,2025-01-14T22:15:42.256678
df72686e-277f-448f-a5ed-60aee93b995e,closed_captioning,551,110,12,166,98,0,16,0,0,,2,5,0,0,,96,130,2,182,106,21.702783333333333,2,2025-01-14T22:08:22.800031
4f5246d1-0d4f-4573-bee9-24af111a2be5,closed_captioning,547,63,6,179,111,0,23,0,0,,3,7,4,0,,94,109,2,139,62,21.713916666666666,2,2025-01-14T22:04:27.766731
3ab38fac-df0a-4ef8-97f7-32422dd1d820,closed_captioning,541,107,9,160,81,0,13,0,0,,2,3,4,0,,93,94,3,201,94,21.682766666666666,2,2025-01-14T22:03:46.816455
7bdf027b-7cac-40d7-9728-bf19a579cb8c,closed_captioning,531,100,19,154,80,0,10,0,0,,16,16,6,0,,101,132,0,177,112,21.702783333333333,2,2025-01-14T22:02:57.796362
d7ef5167-0ba3-47b9-8fc0-16acc2559984,closed_captioning,476,121,8,121,72,0,22,0,0,,2,3,11,0,,101,103,1,147,59,21.722266666666666,2,2025-01-14T22:02:36.551602
38d6c1da-b0df-440a-ad5f-088ad5f17316,closed_captioning,571,69,12,135,57,0,4,0,0,,2,6,25,0,,75,110,1,206,138,21.710583333333332,2,2025-01-14T22:02:18.593369
0c4e0a7b-588d-4306-af49-734bdaa471a8,closed_captioning,451,98,12,112,55,0,18,0,0,,2,3,3,0,,98,113,0,143,99,21.6861,2,2025-01-14T22:02:12.628947
7f01efc3-5de7-4081-afe8-14222b134695,closed_captioning,537,127,7,149,94,0,17,0,0,,6,12,10,0,,69,81,1,147,81,21.668866666666666,2,2025-01-14T22:01:46.424935
34fa0129-154a-4ba9-ac8b-66f4b959fa4e,closed_captioning,622,92,10,197,114,0,11,0,0,,6,8,5,0,,115,134,2,202,95,21.712249999999997,2,2025-01-14T22:00:56.271949
10839387-2cc1-4733-80a0-7df6d2662f9e,closed_captioning,478,150,32,84,69,0,24,0,0,,5,7,8,0,,96,113,2,171,125,21.7167,2,2025-01-14T21:59:14.042925
29232045-a9f1-4a96-a776-5822b611bf2b,closed_captioning,457,106,18,100,85,0,15,0,0,,1,5,1,0,,119,117,1,168,132,21.710566666666669,2,2025-01-14T21:58:57.849049
4cb36f04-e660-4755-bb37-2312f1f92386,closed_captioning,534,107,2,120,82,0,14,0,0,,2,1,2,0,,93,74,1,165,73,22.383333333333333,2,2025-01-14T09:14:49.856837
6b0dc569-f44d-4f5a-a9ed-b5686c76658c,closed_captioning,542,83,9,77,15,0,2,0,0,,7,4,6,0,,51,68,1,134,114,22.383333333333333,2,2025-01-14T09:12:59.912342
afd3ec2b-1b7f-486c-b1b7-e235ffe44dfe,closed_captioning,502,64,4,128,87,0,14,0,0,,2,7,8,0,,120,120,0,145,77,22.383333333333333,2,2025-01-14T09:12:57.774087
fffbe126-f729-4dbf-9d90-f8093d7608a2,closed_captioning,518,78,8,83,44,0,9,0,0,,10,13,8,0,,85,100,0,137,77,22.383333333333333,2,2025-01-14T09:10:22.457769
a1d530c1-7f40-474a-bb53-e71d1b7affde,closed_captioning,465,100,23,74,54,0,8,0,0,,25,16,9,0,,75,82,1,77,106,22.55,2,2025-01-14T09:10:19.516544
33a58a10-d93c-4df1-a03f-9c43b7113663,closed_captioning,499,50,3,101,68,0,6,0,0,,12,18,6,0,,62,109,0,84,58,22.55,2,2025-01-14T09:07:57.875610
6c1b7bf8-a9b8-4003-a194-fa2712b33f0d,closed_captioning,522,104,9,106,87,0,10,0,0,,8,13,9,0,,88,98,1,109,88,22.55,2,2025-01-14T09:07:19.637558
3b5aec52-c6c9-4a20-b73f-3f0973886ac1,closed_captioning,1052,149,14,260,188,0,64,0,0,,14,21,18,0,,205,259,1,234,211,44.18333333333333,1,2025-01-10T18:40:34.972085
37ced736-0ae3-43ab-ae43-01d919231d06,closed_captioning,719,79,2,210,131,0,7,0,0,,25,13,8,0,,137,159,0,45,2,43.383333333333333,1,2025-01-08T20:17:53.357259
62ab3839-938b-4f1d-8aec-df07c66723d2,closed_captioning,737,80,1,268,195,0,6,0,20,,5,16,5,0,,169,100,0,23,4,42.15,1,2025-01-07T11:50:58.876901
6ee1a701-4041-4fa7-953a-d430db5cd526,closed_captioning,831,67,2,287,181,0,29,0,0,,4,3,7,0,,162,149,0,61,0,42.216666666666669,1,2025-01-04T17:03:52.909500
193f780d-8186-4ed7-b0d4-c40a06df1744,closed_captioning,616,116,1,146,91,0,17,0,0,,126,1,6,0,,139,126,0,113,3,41.6366,1,2025-01-04T13:39:54.093666
97f44163-41f8-4af4-8af7-77e100b83e84,closed_captioning,645,135,2,114,90,0,19,0,0,,85,2,8,0,,72,75,0,97,0,41.5276,1,2025-01-04T11:41:34.724056
fe7a10b0-9446-48cd-b04d-a3cefe5f589b,closed_captioning,705,165,2,162,120,0,19,0,0,,37,12,8,0,,125,133,1,87,3,42.216666666666669,1,2024-12-24T15:29:39.972202
caaafb1f-bbfb-40b3-b895-6d9c058e3d0c,closed_captioning,711,96,9,168,139,0,18,0,67,,12,4,2,0,,154,101,0,68,2,43.383333333333333,1,2024-12-24T15:27:34.720460
6319d036-2c7b-47ff-8d1b-b1d2d6b04a19,closed_captioning,555,74,5,182,95,0,26,0,0,,3,4,4,0,,82,100,0,153,78,22.383333333333333,2,2024-12-24T15:18:17.589214
ca3c7794-32f0-4311-ad5d-95f1dd5e9e0b,closed_captioning,520,101,1,156,104,0,15,0,0,,20,12,7,0,,83,93,1,98,23,22.383333333333333,2,2024-12-24T15:16:24.659404
3102ba47-6d4e-4695-9df0-c7cec27351b0,closed_captioning,518,68,2,124,62,0,20,0,0,,2,6,5,0,,44,64,1,133,60,22.383333333333333,2,2024-12-24T15:16:12.336096
15f856d1-d21f-429a-8768-0387c9e1e6d9,closed_captioning,581,105,13,114,86,0,19,0,0,,22,19,5,0,,79,100,1,100,77,22.55,2,2024-12-24T15:14:51.109832
c1f997b8-98a5-4505-a716-3fb684746b11,closed_captioning,946,101,3,111,45,0,116,0,0,,5,9,9,0,,104,205,0,225,107,42.062566666666662,2,2024-12-23T06:41:12.239587
9435a226-7ea3-4012-958a-e971b7bb82e6,closed_captioning,668,45,1,78,37,0,96,0,81,,0,2,5,0,,48,64,0,94,19,42.15,1,2024-12-16T16:25:22.281601
f7c0cc19-77e3-448d-b138-b69ee599fd10,closed_captioning,669,85,4,166,140,0,44,0,78,,114,10,6,0,,124,152,0,104,0,41.529833333333336,1,2024-12-16T16:12:52.592053
767c7a93-a9bc-430e-b831-450fa3585371,closed_captioning,967,92,8,273,154,0,21,0,0,,26,91,12,0,,134,203,0,163,112,43.783333333333331,2,2024-12-16T08:34:29.024994
3184f7a2-8dd5-4513-9f4d-aa5f28024565,closed_captioning,683,77,2,189,95,0,5,0,14,,10,16,5,0,,214,117,0,31,3,42.15,1,2024-12-16T08:32:20.711417
b1e22330-c094-47ed-8254-b802f2221d68,closed_captioning,454,30,2,110,72,0,11,0,6,,23,26,4,0,,95,79,1,49,32,21.583333333333332,2,2024-12-16T08:18:16.009176
2c537357-7511-469b-ae8b-1090c6b2a293,closed_captioning,189,18,0,58,46,0,11,0,43,,141,19,1,1,,32,29,0,4,0,21.083333333333332,1,2024-12-16T08:14:43.099600
98c63d9e-3d41-42cd-a2f1-ae0e53642000,closed_captioning,156,28,0,30,32,0,7,0,55,,70,3,0,0,,26,11,0,0,0,21.066666666666666,1,2024-12-16T08:14:08.600435
b7d8277c-0a96-44d0-837d-37a7cf755946,closed_captioning,377,17,1,50,25,0,2,0,14,,0,0,3,0,,82,72,0,4,0,21.219,1,2024-12-16T08:13:33.131753
178cb8b3-1ece-4651-9ec7-f1d3c48d33c0,closed_captioning,736,29,0,106,89,0,108,0,0,,8,5,12,0,,153,99,0,42,5,42.216666666666669,1,2024-12-14T01:06:11.731283
80ad8e15-ffee-4962-bd0f-15df1a0c7baf,closed_captioning,449,12,1,58,48,0,10,0,32,,0,0,1,0,,33,38,0,18,30,21.35,1,2024-12-09T06:01:39.180306
0f951f83-a734-43f9-8157-e09aebed701c,closed_captioning,702,64,6,102,49,0,16,0,70,,57,9,3,1,,134,111,3,52,15,43.233333333333334,1,2024-12-07T08:57:35.255583
0d0361a6-faf2-499d-9380-93c460273749,closed_captioning,735,49,3,74,41,0,71,0,106,,14,2,7,0,,73,98,0,57,1,42.133333333333333,1,2024-12-07T08:50:22.190937
6ab8c34e-9e64-4530-93fe-d35c6b9ec31d,closed_captioning,576,70,11,93,77,0,28,0,0,,3,0,2,0,,58,63,0,121,35,22.383333333333333,2,2024-12-07T08:36:50.138436
8e374bda-c13c-4d95-9dd8-87b8800b085d,closed_captioning,481,97,9,96,79,0,20,0,0,,3,3,7,0,,57,59,1,134,85,22.383333333333333,2,2024-12-07T08:33:50.785515
28796901-d35b-443c-9f4c-f99f3e573428,closed_captioning,512,104,9,124,107,0,10,0,0,,6,4,10,0,,78,78,2,129,53,22.383333333333333,2,2024-12-07T08:33:16.908076
87959ac2-9cbe-438c-909a-4f4c01f7eb4a,closed_captioning,423,29,1,40,11,0,9,0,6,,12,30,7,0,,45,61,0,33,34,21.583333333333332,2,2024-12-07T08:32:37.223749
74458209-8c55-48f1-a717-d7840a9d6a8f,closed_captioning,512,50,3,90,49,0,1,0,0,,5,8,2,0,,53,85,0,71,54,22.55,2,2024-12-07T08:27:51.371462
13986ea6-262d-47a6-9fae-c32e0274ca77,closed_captioning,446,33,5,67,19,0,13,0,1,,1,6,14,0,,48,73,0,48,56,21.583333333333332,2,2024-12-07T08:25:20.479063
3b4c9f45-2d0c-48c6-a7a4-166973e5094c,closed_captioning,700,74,4,90,68,0,38,0,1,,0,0,5,0,,69,61,0,27,1,42.216666666666669,1,2024-12-06T08:25:38.134123
169f1c42-b41c-4803-84c1-8974811e3711,closed_captioning,431,42,7,63,38,0,22,0,31,,2,13,1,0,,104,73,0,25,11,21.39195,2,2024-12-05T12:36:33.690573
e6de9ba8-d2a1-49c0-99c1-b77b565bcedd,closed_captioning,687,71,3,79,43,0,24,0,0,,97,1,15,0,,89,66,0,129,6,41.461416666666665,1,2024-12-02T17:42:15.735707
3df927e7-3b94-424a-933a-d17ef3cb9e14,closed_captioning,684,50,1,199,164,0,63,0,72,,7,11,7,0,,86,181,0,61,2,42.216666666666669,1,2024-12-02T17:11:49.753348
b2de9e39-7784-4a47-a515-904bcdee35d9,closed_captioning,390,21,3,61,35,0,0,0,6,,0,0,1,0,,80,77,1,4,8,21.26905,1,2024-12-02T16:44:46.695261
2a378f67-a194-4f68-8801-65b66e11b625,closed_captioning,686,68,7,49,35,0,20,0,76,,2,0,12,0,,28,57,0,166,0,42.333333333333336,1,2024-12-02T14:36:24.162660
128d5217-346d-4f31-8d60-cd0196c8633b,closed_captioning,761,89,4,118,83,0,57,0,120,,62,4,4,0,,81,168,0,55,10,42.116666666666667,1,2024-11-27T10:18:53.969835
1897726f-0fe1-44b2-bc73-c822692d2d9f,closed_captioning,683,77,13,183,198,0,27,0,90,,0,1,8,1,,117,62,0,121,0,42.333333333333336,1,2024-11-25T18:47:56.733913
439276ba-7d2d-4dda-b388-3edb2da00014,closed_captioning,763,130,3,224,208,0,44,0,99,,1,0,9,0,,59,45,0,153,7,42.333333333333336,1,2024-11-25T18:47:02.657072
b95355e3-1704-43db-9c1f-f97ce440e94f,closed_captioning,534,57,5,132,57,0,1,0,0,,14,21,8,0,,75,109,0,73,56,22.55,2,2024-11-25T18:46:10.559906
b9d07bc6-29f7-403e-8d30-77b829801039,closed_captioning,556,73,9,83,35,0,9,0,0,,2,2,9,0,,65,88,0,109,109,22.383333333333333,2,2024-11-25T18:33:00.213932
0df28159-ba25-47ba-b862-790701656a83,closed_captioning,398,43,1,60,42,0,1,0,8,,0,0,1,0,,103,56,0,2,0,21.21288333333333,1,2024-11-25T18:30:41.775577
b54eded1-da51-415c-aabd-166ce1aca359,closed_captioning,512,71,4,72,28,0,5,0,174,,3,3,8,0,,35,73,1,122,90,22.383333333333333,2,2024-11-25T18:28:43.223660
dce5e87d-4778-4486-9dd8-0d4752de22db,closed_captioning,517,50,0,80,26,0,1,0,28,,3,8,3,1,,41,68,1,72,66,22.55,2,2024-11-25T18:24:35.139519
8054d5b8-b3aa-43d3-8143-c725a98450d9,closed_captioning,623,56,3,62,20,0,19,0,106,,157,6,5,2,,91,118,1,48,18,43.516666666666666,1,2024-11-25T11:01:10.234620
d2e336bc-1ab3-474e-a3ed-a49a3f4ec978,closed_captioning,677,63,2,70,31,0,53,0,67,,1,13,14,1,,123,98,0,55,3,42.35,1,2024-11-20T09:12:37.505757
d48f8c86-a923-4f14-882a-ccd85592749e,closed_captioning,930,90,9,117,42,0,4,0,49,,11,57,13,1,,80,139,0,112,152,43.783333333333331,2,2024-11-19T18:49:49.159272
16dca6d2-0bde-41d3-b290-d5bc83c0d8cf,closed_captioning,384,27,0,77,62,0,1,0,7,,1,0,1,3,,167,69,0,8,6,21.219,1,2024-11-19T18:16:48.936500
6a73f6f7-8ad3-4180-a221-c76cf2ca5851,closed_captioning,663,74,1,242,165,0,61,0,0,,76,2,13,0,,124,90,0,87,0,41.3107,1,2024-11-19T18:14:34.515209
5e73b6e3-4be4-41e4-a8f2-a2b2aee6c6ba,closed_captioning,483,19,4,61,38,0,1,0,14,,0,1,2,0,,89,42,0,58,3,24.483333333333334,1,2024-11-19T17:21:15.599632
dd81fa6d-d58d-407c-bcae-bd12eb039568,closed_captioning,463,78,9,102,95,0,5,0,14,,0,1,1,2,,60,37,0,24,2,24.483333333333334,1,2024-11-19T17:19:30.455103
6d2ba933-1055-45e8-b353-7f66d7ed7e48,closed_captioning,434,32,2,45,24,0,7,0,12,,0,0,4,0,,37,14,0,30,4,24.483333333333334,1,2024-11-19T16:49:02.087340
15b134e9-653e-4078-b690-f1d3974b1a54,closed_captioning,535,49,1,94,21,0,1,0,26,,10,19,11,0,,45,100,1,54,76,22.55,2,2024-11-19T16:42:16.170309
fee8a475-767c-4933-ba1b-753d77b6ab68,closed_captioning,1093,110,16,118,32,0,15,0,39,,22,38,11,0,,66,138,1,112,146,43.616666666666667,2,2024-11-19T16:19:41.059127
7f33a9ce-3498-43b3-a67d-564bf076e3f7,closed_captioning,525,50,4,104,32,0,8,0,0,,5,7,5,0,,50,70,3,76,58,22.55,2,2024-11-19T16:16:01.658382
57ec2349-b6ac-4102-aec3-b8f9c3d0b769,closed_captioning,744,72,18,159,136,0,14,0,41,,13,14,13,0,,179,101,0,43,19,42.133333333333333,1,2024-11-19T15:46:25.034209
7660ae18-98b9-44c9-84f7-2ba4cd802fab,closed_captioning,707,89,2,243,128,0,8,0,0,,11,28,197,0,,200,147,0,36,9,42.133333333333333,1,2024-11-19T15:38:59.090777
746cc24a-5029-44b5-9585-2b8be231a0ed,closed_captioning,651,154,2,105,74,0,5,0,28,,4,38,6,2,,81,90,0,15,4,42.133333333333333,1,2024-11-19T15:34:14.244854
d2ac3d9f-ecd5-48b0-9fa2-ce9a76473aec,closed_captioning,576,122,8,107,78,0,1,0,18,,1,11,5,0,,125,141,0,21,4,42.133333333333333,1,2024-11-19T15:16:59.024190
3ba471f2-0b59-4602-a8a2-f150f773b6fa,closed_captioning,659,88,13,165,93,0,10,0,25,,2,15,9,0,,142,128,0,35,2,42.133333333333333,1,2024-11-19T14:32:45.369568
21a938ca-7b32-4463-a86b-41193a6e875e,closed_captioning,621,107,4,132,125,0,2,0,10,,6,47,6,0,,119,65,0,20,13,42.133333333333333,1,2024-11-19T14:15:34.863690
bf6d78f8-9356-4239-8b7d-8595d6e69279,closed_captioning,527,75,12,102,44,0,6,0,16,,3,22,30,0,,134,60,1,31,2,42.133333333333333,1,2024-11-19T14:13:14.629952
e383a022-fb32-4a3f-a5a6-8ecc24228c40,closed_captioning,647,92,1,151,100,0,33,0,0,,87,16,18,0,,66,117,0,118,12,42.133333333333333,1,2024-11-19T14:11:38.467832
a45d0745-ba9e-4641-9529-b2b994fab542,closed_captioning,591,77,11,100,35,0,6,0,150,,4,5,12,0,,38,76,3,138,74,22.383333333333333,2,2024-11-19T13:51:20.241132
c5594566-5009-40f4-9faf-490f75d15d71,closed_captioning,515,115,3,110,66,0,16,0,0,,13,6,8,0,,69,92,0,182,50,22.383333333333333,2,2024-11-19T12:44:56.351693
a780ecd8-ff5f-4027-b7f9-98386e444df3,closed_captioning,567,84,8,171,116,0,29,0,0,,4,6,2,0,,38,63,1,153,39,22.383333333333333,2,2024-11-19T12:00:21.029844
a3865bce-e535-4ee7-bf8c-6d5ead924448,closed_captioning,580,90,12,161,126,0,28,0,174,,6,5,7,0,,89,100,1,132,96,22.383333333333333,2,2024-11-19T11:35:14.244526
72f9b810-45ce-4710-855d-5cb085c0fbc1,closed_captioning,493,70,8,110,95,0,15,0,0,,4,8,15,0,,56,65,0,103,30,22.383333333333333,2,2024-11-19T11:28:40.836518
f7b200b3-f0dc-4cd3-823b-5bc64654e250,closed_captioning,515,77,4,150,92,0,37,0,0,,5,4,4,0,,81,107,2,153,56,22.383333333333333,2,2024-11-19T11:26:05.174540
0f1b2ddf-c7da-412f-8388-64fb0810abc7,closed_captioning,551,81,8,154,77,0,19,0,0,,5,9,3,0,,93,92,0,197,63,22.383333333333333,2,2024-11-19T10:42:37.807563
3f52490f-9b7a-452d-8758-ac39981a8132,closed_captioning,537,51,3,65,25,0,12,0,156,,2,3,13,0,,29,73,2,81,42,22.383333333333333,2,2024-11-19T10:25:26.434775
3df9e94b-6e1d-422a-b881-c1b982359724,closed_captioning,547,72,0,129,62,0,9,0,0,,2,9,7,0,,66,85,0,177,74,22.383333333333333,2,2024-11-19T10:23:43.231377
4c941ce8-dbf6-42a4-bc26-0c57ab6b2402,closed_captioning,547,95,9,141,73,0,19,0,143,,4,5,6,0,,63,89,3,151,52,22.383333333333333,2,2024-11-19T10:21:28.854278
04ec4ade-fcaf-4b11-be7a-de30aee6d6f9,closed_captioning,511,108,2,112,88,0,9,0,98,,6,12,3,0,,50,71,2,143,82,22.35,2,2024-11-19T10:19:43.749919
ca79ae46-35a9-40f4-9af6-606cdc186566,closed_captioning,553,70,12,174,121,0,23,0,166,,4,6,14,0,,117,92,1,119,88,22.383333333333333,2,2024-11-19T09:13:52.806347
8c8e5591-da07-4ccd-9966-034e7e645170,closed_captioning,505,70,11,87,22,0,8,0,156,,8,9,12,0,,64,78,0,119,116,22.383333333333333,2,2024-11-19T09:13:51.767570
83caa73d-ea3e-446a-9998-88ddf425b7bd,closed_captioning,554,77,13,78,22,0,15,0,159,,9,12,18,0,,48,76,2,156,85,22.383333333333333,2,2024-11-19T09:13:15.564577
0773f999-1d20-451a-ac47-b47e73168f3f,closed_captioning,505,62,3,56,18,0,9,0,147,,4,3,6,0,,36,45,1,123,63,22.383333333333333,2,2024-11-19T09:11:56.632410
e3832709-7177-4644-8bc4-17141a246ace,closed_captioning,453,52,3,83,14,0,17,0,136,,7,3,4,0,,52,85,0,130,89,22.383333333333333,2,2024-11-19T09:10:15.629683
539d28da-2111-44b6-bbd4-505dca81354b,closed_captioning,776,77,3,73,41,0,86,0,132,,19,0,4,0,,89,97,0,80,11,42.15,1,2024-11-19T07:00:49.209862
22a52644-a8b1-4510-a803-60b92abb5cf5,closed_captioning,886,78,6,113,27,0,9,0,39,,12,46,18,0,,76,131,1,121,109,43.783333333333331,2,2024-11-13T11:42:12.808695
50fe2501-10a6-446e-a6d9-f3b5da848440,closed_captioning,634,78,5,50,14,0,97,0,84,,73,7,6,0,,62,91,0,46,4,42.2,1,2024-11-13T11:30:30.766016
4eaac4ab-4ab8-4c4e-bd59-ecacda8c8018,closed_captioning,642,54,4,66,35,0,82,0,67,,62,12,4,1,,98,112,0,94,4,42.18333333333333,1,2024-11-13T11:29:22.609652
b8e5d9c3-3482-45dc-aea5-cc08d6dd03b8,closed_captioning,595,83,2,55,31,0,30,0,62,,68,1,4,1,,41,112,0,109,1,41.5104,1,2024-11-13T10:48:54.270223
57daa17a-830a-46a1-bb26-b4bb85235965,closed_captioning,503,90,15,53,25,0,14,0,166,,7,6,19,0,,44,46,1,147,74,22.383333333333333,2,2024-11-13T10:13:06.275057
89134d34-df84-4285-b897-9fcc751ad47d,closed_captioning,1024,95,10,131,44,0,35,0,51,,24,26,19,2,,85,178,2,120,149,43.616666666666667,2,2024-11-13T10:00:47.057647
5739a530-12d0-4353-8a20-adc1ba1bd8e8,closed_captioning,616,64,4,64,20,0,10,0,83,,97,12,2,0,,102,134,0,51,26,42.06666666666667,1,2024-11-13T09:41:40.385261
e78e0c55-37c8-4643-b6ab-a6b8ed159193,closed_captioning,530,56,7,77,36,0,20,0,150,,4,4,4,0,,70,81,0,117,71,22.383333333333333,2,2024-11-13T09:23:10.324973
8b3939e4-f9eb-455e-a436-da211b5288c0,closed_captioning,485,69,10,68,23,0,13,0,157,,6,4,5,1,,56,69,1,120,83,22.383333333333333,2,2024-11-13T09:16:59.420047
f4edade0-c173-4508-b99e-446c78239d02,closed_captioning,406,27,0,51,23,0,10,0,22,,0,0,0,0,,67,48,0,2,0,21.175616666666667,1,2024-11-13T09:07:46.341754
4bc0cbaf-9a3e-44e2-b869-9740f233b8c8,closed_captioning,533,56,6,86,32,0,7,0,131,,3,3,19,1,,57,89,0,97,61,22.383333333333333,2,2024-11-12T13:21:32.364263
a2b2799c-48df-4123-9686-89e4b8fdc128,closed_captioning,346,38,1,51,33,0,13,0,34,,10,12,4,1,,64,54,0,27,13,22.533333333333335,1,2024-11-12T12:13:31.924850
8343a1c6-6248-4d2a-a014-e82fea4bd2c5,closed_captioning,747,71,8,103,46,0,71,0,146,,45,3,7,1,,98,132,0,58,6,42.15,1,2024-11-05T13:02:50.119764
40d672e9-5259-41f8-bfdc-2683c85620f7,closed_captioning,681,58,4,80,31,0,16,0,86,,70,4,7,0,,100,119,0,43,16,43.366666666666667,2,2024-11-05T13:00:55.964659
6721b0d8-35cb-45cc-8ac5-eba6bc9ecc58,closed_captioning,520,70,7,68,28,0,2,0,132,,4,3,8,0,,59,83,1,144,59,22.383333333333333,2,2024-11-05T10:07:42.098665
63d3aa40-2358-4925-964a-d36c22722ac7,closed_captioning,894,84,7,123,34,0,4,0,49,,8,47,9,0,,122,166,0,89,133,43.783333333333331,2,2024-11-05T09:06:56.195461
ecf35b2e-0dad-4d7b-a568-2f160235084e,closed_captioning,705,72,5,56,40,0,6,0,73,,0,1,8,0,,44,60,0,142,0,42.333333333333336,1,2024-11-05T08:53:30.999644
0e0c1469-a33b-49a9-9845-761c4cafb332,closed_captioning,537,68,8,39,18,0,21,0,176,,4,2,8,0,,34,47,1,110,41,22.383333333333333,2,2024-11-05T08:38:09.561721
fded9a86-2c96-44e9-8e3c-e14ef09897c7,closed_captioning,519,70,10,86,44,0,3,0,0,,7,11,2,0,,61,106,0,116,79,22.383333333333333,2,2024-11-05T08:36:15.654254
bc6925de-f3e9-4f72-abd9-ec6b07487e68,closed_captioning,1002,79,13,121,41,0,9,0,54,,12,32,24,1,,82,169,0,100,146,43.616666666666667,2,2024-11-05T08:04:16.427876
0aeeb74d-1010-41c3-bb26-9c4636031e53,closed_captioning,469,43,5,51,17,0,3,0,28,,13,22,13,1,,53,64,1,64,75,22.55,2,2024-11-05T07:35:06.182238
8f90bed9-885e-450c-b263-45e12f019ad7,closed_captioning,509,56,6,65,20,0,7,0,24,,13,14,14,0,,44,69,0,63,77,22.55,2,2024-11-05T07:29:59.607254
fa3e442d-4d0b-4e58-907a-9f3d6e3e1cd4,closed_captioning,669,89,7,65,43,0,54,0,74,,75,4,5,0,,63,137,0,58,3,42.216666666666669,1,2024-10-28T22:20:23.132169
e7b1866f-d88e-4cdb-9490-c38ce20d2c24,closed_captioning,642,97,1,77,37,0,35,0,113,,100,2,7,0,,110,145,0,72,5,42.15,1,2024-10-28T22:14:44.575594
d17e79ce-47eb-4917-87cc-3a0db880f934,closed_captioning,644,82,0,63,36,0,25,0,38,,2,2,5,0,,88,64,0,61,0,41.627733333333339,1,2024-10-28T21:42:24.465726
00ca03a4-3d9d-499d-9433-3ffa9f70ca5f,closed_captioning,667,67,3,72,33,0,29,0,74,,48,2,9,0,,100,128,0,96,2,41.45145,1,2024-10-28T21:39:39.480450
ebc12ec6-8ecc-42f1-a9c3-319a8b5131d1,closed_captioning,482,49,2,86,28,0,18,0,151,,10,40,4,0,,60,92,0,75,59,22.383333333333333,2,2024-10-28T21:13:10.244389
4fdb2a7b-4dab-47dd-b4fb-906713349e10,closed_captioning,1021,83,7,116,32,0,31,0,52,,17,38,23,2,,82,147,2,129,191,43.616666666666667,2,2024-10-28T20:45:05.077240
a1dcfc64-f9ca-47ca-952c-305288a478a2,closed_captioning,1032,0,0,38,18,0,3,0,1,,921,944,1,0,,40,55,0,7,14,43.616666666666667,2,2024-10-28T20:43:07.566586
ca1d6c19-faaa-499b-8362-6a2288354938,closed_captioning,572,62,8,60,32,0,21,0,136,,8,2,10,1,,48,61,1,55,76,22.383333333333333,2,2024-10-28T20:12:46.519399
67818354-47d9-411b-90e7-150e668d4086,closed_captioning,409,48,5,64,26,0,18,0,32,,0,1,2,0,,89,60,0,43,13,21.312433333333335,2,2024-10-28T20:11:08.617890
afee144a-27b6-497a-ba5d-4d067db976a2,closed_captioning,513,62,11,53,29,0,12,0,152,,0,3,5,0,,52,73,0,98,63,22.383333333333333,2,2024-10-28T20:06:26.098447
b0f97979-5144-49ab-aa00-c51bc0fff957,closed_captioning,731,7,0,26,6,0,4,0,2,,659,678,18,0,,10,17,0,15,0,42.333333333333336,1,2024-10-24T06:44:09.840669
bbb09d05-2e5b-4c3b-913c-f2f953d39c9a,closed_captioning,696,62,0,110,108,0,121,0,120,,21,1,14,0,,162,114,0,92,2,42.133333333333333,1,2024-10-24T05:49:35.007864
f6e3cef2-f38c-4171-b782-7111f3fe62f3,closed_captioning,485,62,5,94,50,0,5,0,133,,10,9,5,0,,99,83,0,160,142,22.383333333333333,2,2024-10-24T05:18:17.569695
76d44350-5033-4dc7-bd55-1370ee02ab6e,closed_captioning,485,61,9,87,45,0,14,0,132,,3,2,6,0,,58,64,2,51,102,22.383333333333333,2,2024-10-24T05:17:24.405819
d0ed728d-a6c6-41b8-a7e5-4501dc8e4f5d,closed_captioning,509,4,0,15,8,0,12,0,9,,469,476,8,0,,14,21,0,7,8,22.383333333333333,2,2024-10-24T05:17:12.378822
e2ed5f94-5afd-4f31-9d81-e2098efa1d95,closed_captioning,497,1,0,37,12,0,15,0,20,,419,435,11,0,,36,47,0,17,9,22.383333333333333,2,2024-10-24T05:16:37.116190
7f37929f-168b-44c8-97d4-d7dfe1eb5f88,closed_captioning,437,35,2,69,23,0,10,0,4,,9,16,5,1,,55,82,0,32,37,21.583333333333332,2,2024-10-22T00:04:02.078807
b416c3ef-8da0-4315-a639-7ace09dfd1ac,closed_captioning,669,62,0,72,31,0,53,0,94,,109,2,6,1,,60,115,0,64,5,42.15,1,2024-10-16T17:17:32.541238
371f02f9-c34e-4b48-81e0-d9d56726be6f,closed_captioning,406,19,1,53,31,0,37,0,41,,0,0,0,0,,59,45,0,4,1,21.231233333333332,1,2024-10-16T08:04:18.233261
84da041a-5fc7-4cc1-9737-3d195b134ed6,closed_captioning,627,53,0,70,52,0,77,0,55,,24,18,14,0,,95,53,0,56,2,43.65,2,2024-10-16T07:10:32.319379
b7016581-b2c9-4542-8e6d-6325cd993025,closed_captioning,706,49,0,84,46,0,102,0,108,,0,1,6,0,,97,62,0,57,3,42.15,1,2024-10-16T07:09:58.727264
3a9fa71c-7c73-4e13-8b80-853bec618b9a,closed_captioning,853,132,11,167,66,0,20,0,39,,9,52,21,0,,97,122,0,57,123,43.783333333333331,2,2024-10-16T07:05:57.499247
aecf4d67-1b3d-45d4-b3d3-e44b9261c4be,closed_captioning,463,93,4,80,42,0,13,0,121,,2,3,24,0,,60,78,1,119,50,22.383333333333333,2,2024-10-16T06:36:53.783141
52c5daa9-fd88-4531-b715-866c6c707d0f,closed_captioning,663,53,0,86,43,0,29,0,79,,44,8,6,0,,89,143,0,31,0,43.65,1,2024-10-08T08:59:38.652614
75753f48-7c37-40c4-a12d-85d8a7d84ec5,closed_captioning,800,90,4,98,53,0,91,0,65,,28,15,11,1,,131,87,0,57,21,42.133333333333333,2,2024-10-08T08:49:55.547473
3b1e3050-40f4-46f6-ab59-0ff8853de445,closed_captioning,411,51,3,77,41,0,6,0,7,,2,10,8,1,,61,65,0,35,45,21.583333333333332,2,2024-10-08T08:46:56.330872
194b119a-d9fc-4733-a083-0a17f5f4a3d0,closed_captioning,555,0,0,36,15,0,24,0,22,,482,498,0,0,,41,47,0,19,9,22.383333333333333,2,2024-10-08T08:28:57.686373
8bbd25ea-41ec-4c39-ab7d-d3ea5d44fbfd,closed_captioning,500,82,3,93,37,0,11,0,133,,2,1,11,0,,67,86,0,95,85,22.383333333333333,2,2024-10-08T08:26:38.067567
189356c6-0a8f-4ef0-bf75-ea72d6e6d08b,closed_captioning,536,53,2,77,31,0,22,0,162,,6,8,7,0,,41,68,3,135,85,22.383333333333333,2,2024-10-08T08:26:20.761922
04473a05-8190-4e0f-af03-b87e209264ca,closed_captioning,411,38,0,62,27,0,20,0,6,,5,11,5,0,,57,64,0,42,28,21.583333333333332,2,2024-10-03T14:41:46.016490
27c1a223-8377-48d8-81f6-813ad7b19128,closed_captioning,389,14,0,87,50,0,57,0,64,,0,1,1,0,,135,69,0,2,0,21.14615,1,2024-10-02T22:53:50.741632
ac88619c-016e-4b73-a7cb-0a1719215b0f,closed_captioning,342,42,0,68,37,0,23,0,113,,86,8,11,2,,33,53,0,94,2,20.5778,2,2024-10-02T22:38:56.523944
5609ea6e-25b8-410f-8b96-a38eb7f5cd04,closed_captioning,680,127,1,108,71,0,34,0,85,,0,3,20,1,,73,57,0,141,0,42.333333333333336,1,2024-10-02T22:19:47.123755
af57cb28-11e2-452a-86e7-442bd6a68cd7,closed_captioning,733,57,1,96,63,0,57,0,89,,0,0,16,0,,52,54,0,119,1,42.333333333333336,1,2024-10-02T22:10:55.546857
b875ff15-443c-478b-a3a6-0e35a937a69d,closed_captioning,537,59,5,91,37,0,15,0,159,,7,1,11,0,,71,77,0,149,102,22.4,2,2024-10-02T22:07:10.310659
847ae68b-ad3e-43c1-aa63-ac506dbafcff,closed_captioning,513,61,1,90,23,0,10,0,139,,6,5,11,1,,50,91,0,149,112,22.383333333333333,2,2024-10-02T21:46:26.498452
a8a3fe27-4189-419b-9f3e-306d9184d515,closed_captioning,878,78,0,150,55,0,31,0,47,,50,27,7,1,,135,160,0,181,158,42.916666666666664,2,2024-09-25T23:27:18.175065
03511b3f-3777-4bb7-b841-d93856377451,closed_captioning,355,38,0,64,39,0,6,0,66,,2,1,3,0,,124,64,0,0,0,21.6,1,2024-09-25T09:51:15.408412
b5b9f7ba-153a-40ae-9b5f-5cc4e875f1e4,closed_captioning,398,59,1,67,55,0,1,0,60,,0,1,1,0,,110,58,0,2,0,21.6,1,2024-09-25T09:43:09.978973
21e9039b-27de-437e-b552-d06b7f3b7124,closed_captioning,363,34,2,26,26,0,3,0,47,,1,0,3,0,,38,42,0,0,0,21.6,1,2024-09-25T09:10:36.926034
2416527b-e5e6-400e-9309-69069f3765df,closed_captioning,407,26,0,77,55,0,41,0,66,,0,1,0,0,,65,55,0,4,4,21.203966666666666,1,2024-09-25T09:03:09.212081
bbb19b67-36a5-40e7-bcdd-40c18e9fe07d,closed_captioning,483,53,6,97,56,0,26,0,125,,9,6,4,0,,53,68,2,67,47,22.383333333333333,2,2024-09-25T08:54:21.600642
b2bf05b2-4bc7-4e2f-b36a-acbc82d084a6,closed_captioning,476,48,2,75,24,0,15,0,113,,3,6,8,0,,66,71,1,137,75,22.383333333333333,2,2024-09-25T08:31:07.119926
ab609f86-20de-4d01-a330-5435d19ae146,closed_captioning,910,54,3,174,69,0,18,0,44,,28,23,19,2,,157,159,0,202,170,42.916666666666664,2,2024-09-25T08:26:33.374992
bed6b79e-efbc-4998-a01f-d004bef6a2fb,closed_captioning,847,80,2,142,44,0,13,0,36,,33,30,22,5,,131,168,0,161,130,42.916666666666664,2,2024-09-25T08:20:24.326057
5c82e2d3-a0a4-4904-84ec-1ed9af58474b,closed_captioning,1078,114,10,193,65,0,141,0,267,,15,35,19,3,,115,213,0,236,208,52.883333333333333,3,2024-09-25T08:14:44.343260
01c3c5d4-be1e-47f4-b0b3-5383df94de8a,closed_captioning,601,44,1,84,63,0,9,0,19,,34,18,5,2,,106,59,0,17,2,42.133333333333333,1,2024-09-25T07:54:46.720299
3345595f-fbcd-4889-9365-50785b157b85,closed_captioning,694,58,0,95,78,0,25,0,81,,41,4,6,0,,109,66,0,52,0,42.18333333333333,1,2024-09-25T07:19:21.304570
74ceb091-7b4a-4f53-a5b9-d35f208c20aa,closed_captioning,844,82,3,127,38,0,30,0,57,,28,31,14,0,,124,155,0,144,130,43.216666666666669,2,2024-09-20T02:12:21.599390
e560f1bd-cb98-4ba2-928c-d4556eeab184,closed_captioning,421,30,0,62,28,0,25,0,4,,2,6,9,1,,43,57,1,51,30,21.583333333333332,2,2024-09-17T16:13:44.836628
35b1b70e-cfa2-48fc-a4a3-2c4e4c3ae7d1,closed_captioning,395,52,1,92,54,0,31,0,35,,1,0,0,0,,135,74,0,5,2,21.199533333333331,1,2024-09-17T16:11:20.460937
74a80360-39fa-49c9-afc1-f79152ae16bb,closed_captioning,853,46,3,142,55,0,18,0,65,,59,25,10,0,,110,119,0,185,141,42.916666666666664,2,2024-09-17T14:32:09.670763
2a33f4bc-ae58-4b7c-ac4d-c22ac352c52e,closed_captioning,579,56,1,105,59,0,26,0,14,,88,0,6,0,,101,112,0,39,0,42.8,2,2024-09-17T14:18:37.947175
a899c412-f23f-4cf2-80bc-6b4ea0b390d8,closed_captioning,724,60,4,113,71,0,12,0,57,,0,3,4,0,,116,117,0,51,0,42.166666666666664,1,2024-09-17T14:16:36.140157
8cc6b528-0f75-467e-abb6-7583c569981e,closed_captioning,852,99,6,139,55,0,47,0,97,,129,15,15,1,,72,119,0,131,48,41.517083333333332,2,2024-09-17T00:08:44.043906
162dc9b5-dd6b-4c33-9ebe-b118b339a288,closed_captioning,673,7,0,40,5,0,27,0,40,,531,560,40,0,,30,38,0,11,1,42.233333333333334,2,2024-09-17T00:06:02.493573
4566ab0a-3b1d-4363-8cd3-75599ab65e9d,closed_captioning,854,59,3,111,56,0,45,0,85,,90,22,28,0,,54,104,1,163,36,41.507066666666667,2,2024-09-16T23:55:21.820740
20360b1a-50ba-4266-93b2-a0d412aa83cf,closed_captioning,670,55,0,115,67,0,8,0,13,,7,4,2,0,,203,90,0,57,1,42.8,2,2024-09-16T23:11:53.797557
b64256d6-d5e0-45a3-bb66-7c1217d69617,closed_captioning,454,33,0,70,40,0,87,0,95,,0,0,2,0,,28,33,0,5,0,21.166150000000002,1,2024-09-16T23:10:56.844628
34d1d476-ab85-4165-bbb5-448257fd2183,closed_captioning,533,48,3,69,24,0,27,0,160,,2,3,14,0,,38,64,0,176,62,22.383333333333333,2,2024-09-16T22:45:46.428381
f94391de-2c8a-4b47-886f-48f9d4d85980,closed_captioning,455,17,0,71,38,0,118,0,129,,1,3,4,0,,24,31,0,5,5,21.210649999999998,1,2024-09-16T22:29:39.338780
d31a755f-f47b-458a-8554-2336ef52b449,closed_captioning,941,60,0,106,28,0,52,0,53,,14,71,39,0,,71,103,0,222,71,41.594366666666666,2,2024-09-12T01:31:49.151238
9fa34290-6115-48a2-a5ae-68052e9e29db,closed_captioning,464,35,1,67,36,0,2,0,9,,0,2,3,0,,23,41,0,1,0,21.18785,1,2024-09-12T00:57:43.617037
92e86357-f70c-4fb0-8915-efeefc0af309,closed_captioning,448,25,0,51,30,0,10,0,17,,0,5,5,0,,52,32,0,3,0,21.18285,1,2024-09-11T23:19:31.578884
43504af8-a566-4750-8114-9d5a4b6562bf,closed_captioning,449,30,0,54,36,0,3,0,13,,9,4,1,0,,62,40,0,1,0,21.1834,1,2024-09-11T23:18:08.787449
b386049e-9960-423a-8258-9c3e6ef3b269,closed_captioning,386,21,0,83,54,0,16,0,16,,1,0,0,0,,103,60,0,4,0,21.174516666666666,1,2024-09-11T23:02:56.504127
37da2bbd-e63c-4feb-a1f5-bda17e665cba,closed_captioning,992,110,8,125,53,0,156,0,180,,42,48,30,0,,111,166,1,150,157,52.56666666666667,3,2024-09-11T22:57:59.012828
d7ce1a80-0817-4061-b609-33113e807362,closed_captioning,676,52,0,81,52,0,26,0,52,,72,3,3,0,,54,86,0,49,0,42.15,1,2024-09-11T22:36:56.757883
8aa587f7-b8d6-4051-aeae-c1ad18b4b6d6,closed_captioning,533,54,4,76,38,0,17,0,154,,1,2,11,0,,25,61,0,136,61,22.383333333333333,2,2024-09-11T22:25:42.917396
bdd8a922-b5fa-4a37-b6a7-9f0ce38f913d,closed_captioning,615,37,0,62,44,0,28,0,39,,50,3,9,0,,79,81,0,40,0,42.15,1,2024-09-11T22:12:31.806861
a3115aeb-a98a-40e5-b7a1-5a0c4d277f9f,closed_captioning,811,53,3,107,66,0,56,0,77,,106,16,22,1,,47,71,0,118,28,41.61161666666667,2,2024-08-28T17:36:53.651329
81e8e14a-3a58-470c-a7f0-8fcc4e0fb8c6,closed_captioning,732,59,2,97,71,0,66,0,30,,3,0,5,1,,129,167,0,106,8,40.783566666666665,2,2024-08-28T16:05:50.813576
5d4b778c-9605-4578-9bae-c3f46bdbc0ef,closed_captioning,711,35,1,78,43,0,70,0,20,,45,2,2,3,,58,97,0,134,7,40.984866666666669,2,2024-08-28T15:47:28.503859
2f8c8645-2bf4-41ad-a4fb-6268c783b650,closed_captioning,736,52,4,75,38,0,52,0,29,,25,5,5,0,,46,93,0,126,10,41.145033333333338,2,2024-08-28T15:39:06.737743
ffdde681-d593-4d69-8059-e1264383346d,closed_captioning,709,55,3,95,74,0,71,0,78,,4,1,2,1,,104,88,1,109,12,39.4261,2,2024-08-28T15:12:47.755724
915db9a1-489e-4044-abea-edd65f25eee2,closed_captioning,535,84,0,94,59,0,6,0,13,,1,13,4,0,,73,52,0,6,0,42.133333333333333,1,2024-08-28T14:39:27.775535
860e7f72-2952-42db-9151-ce6681f76e12,closed_captioning,486,30,1,74,48,0,2,0,15,,2,2,5,0,,55,40,0,14,13,21.228450000000002,1,2024-08-28T14:38:45.847686
e383ad03-ea65-4c9e-a3e1-fcf8df52e353,closed_captioning,675,51,0,69,50,0,32,0,48,,1,3,6,0,,52,77,0,73,0,42.2,1,2024-08-28T14:30:49.647615
4d1a8135-0095-430e-8c50-fc812b3e2f41,closed_captioning,885,60,3,120,46,0,66,0,205,,23,44,15,0,,84,125,4,99,83,52.516666666666666,3,2024-08-28T14:19:06.195507
77f49eb8-ddde-43b8-b353-6069268b7a5f,closed_captioning,401,40,0,75,40,0,14,0,4,,0,1,1,0,,60,57,0,9,12,21.121116666666669,1,2024-08-28T13:52:42.700131
ab614dc2-8aa7-4ae0-a139-d17427347c6e,closed_captioning,502,62,1,83,43,0,24,0,125,,3,4,9,0,,40,61,3,126,70,22.383333333333333,2,2024-08-28T13:37:41.012319
64d2d985-d4c0-4c10-b2a2-bb42273003e4,closed_captioning,999,103,6,175,64,0,153,0,195,,32,27,14,3,,141,213,1,247,164,52.25,3,2024-08-28T13:02:32.897986
ece7a43a-00b2-4eb9-b767-15da30466f7a,closed_captioning,660,50,1,78,43,0,13,0,51,,0,1,5,0,,81,108,0,33,0,42.15,1,2024-08-21T09:21:16.295182
cc0b749c-4973-45c7-bff9-2f7efae16bbf,closed_captioning,501,28,1,88,65,0,13,0,12,,1,0,4,0,,54,37,1,38,11,24.483333333333334,1,2024-08-21T09:00:51.465694
9959e7b3-fed8-4082-888e-e91f09398cc0,closed_captioning,393,25,0,76,44,0,4,0,8,,1,0,2,0,,92,38,0,6,0,21.19565,1,2024-08-21T08:41:28.982600
a37740ce-d6b3-4168-8cea-40db2db48762,closed_captioning,532,39,1,139,44,0,18,0,139,,9,9,8,1,,98,132,0,95,127,21.696133333333332,3,2024-08-21T08:24:58.170079
667eddad-56c1-4bda-9daf-1c65329caf60,closed_captioning,630,52,2,82,51,0,24,0,51,,1,8,12,0,,63,134,0,31,0,42.133333333333333,1,2024-08-21T08:24:40.258549
370bb827-2d77-44a0-af56-a8227d65dc6a,closed_captioning,556,42,2,63,43,0,22,0,114,,2,10,12,0,,33,39,1,112,43,22.083333333333332,?,2024-08-21T08:10:57.960204
8d3593ec-2b63-4265-9357-57670d357ce1,closed_captioning,467,44,3,68,32,0,17,0,135,,1,2,4,0,,40,73,1,54,70,22.383333333333333,2,2024-08-21T08:10:52.243276
666e1bac-b27a-4a26-985b-668631e6fe3d,closed_captioning,554,48,11,103,65,0,18,0,123,,7,15,8,1,,111,121,0,88,166,21.707266666666666,3,2024-08-21T07:55:49.509568
497e1d37-daa2-4621-9257-97bea69d4844,closed_captioning,560,47,12,134,60,0,28,0,140,,7,6,12,1,,120,128,0,108,149,21.72283333333333,3,2024-08-21T07:51:56.436139
8022619e-697c-4107-944c-b1424fc40100,closed_captioning,664,37,0,39,25,0,32,0,48,,0,5,5,0,,43,43,0,30,1,42.133333333333333,1,2024-08-14T12:39:29.544575
57b50bf8-9cab-43e4-97a3-1c1e097b4616,closed_captioning,637,99,1,98,52,0,59,0,72,,0,14,8,2,,158,105,0,74,2,42.133333333333333,1,2024-08-14T12:10:47.648287
cf763274-ac8f-4a95-86a4-3ce6e75355e4,closed_captioning,459,33,1,51,36,0,27,0,9,,1,0,5,0,,51,27,0,42,2,24.483333333333334,1,2024-08-14T11:53:37.279978
370d35d3-49b3-4217-807d-7e1dfdf81aca,closed_captioning,388,22,0,55,44,0,20,0,36,,0,1,1,0,,89,42,0,2,0,21.166716666666666,1,2024-08-14T11:35:44.212483
d7c9552a-8f88-4faa-8d5e-0ccbc32e5e66,closed_captioning,583,45,0,59,33,0,70,0,63,,56,1,2,0,,46,80,0,63,1,42.133333333333333,1,2024-08-14T11:29:29.385781
2e2e07aa-86a5-45e7-b475-e9d1a9c3729a,closed_captioning,608,37,0,60,31,0,64,0,52,,1,15,4,0,,69,73,0,62,0,42.133333333333333,1,2024-08-14T11:28:18.904313
fe294ec3-13cd-480c-9e6d-5bc6dbcecf6b,closed_captioning,452,31,0,62,36,0,9,0,14,,0,3,0,0,,39,34,1,6,6,21.203966666666666,1,2024-08-14T11:19:56.182985
db0ca8b9-7013-4ea7-a27c-5c5f54c3e232,closed_captioning,731,107,7,79,56,0,58,0,54,,0,2,11,0,,109,99,0,57,4,42.133333333333333,1,2024-08-14T11:13:49.762850
037689f5-fdc3-450c-8250-99ca94ca66c0,closed_captioning,481,27,0,77,57,0,18,0,11,,0,5,1,0,,53,34,0,2,0,21.232333333333333,1,2024-08-08T15:21:40.458785
61f98cd2-4b59-44f0-9d01-3b60fab89f43,closed_captioning,628,50,1,87,50,0,17,0,18,,1,21,1,0,,160,99,1,22,3,42.133333333333333,1,2024-08-08T15:08:34.945383
08456f25-52a7-4b68-bde0-e24269feef46,closed_captioning,475,26,0,82,53,0,2,0,0,,0,4,4,0,,73,34,1,62,6,24.483333333333334,1,2024-08-08T14:45:33.889642
150089a3-6dea-48b2-bae3-7f66bb591e2d,closed_captioning,415,33,0,79,53,0,9,0,10,,0,0,0,0,,124,49,0,6,0,21.209,1,2024-08-08T14:25:26.209861
c5a72767-913a-4971-9b86-55a8ee1fb175,closed_captioning,579,33,1,39,19,0,36,0,37,,25,3,9,0,,54,66,0,33,0,42.133333333333333,1,2024-08-08T14:18:22.204142
322729f5-d04c-457c-a880-1bdd3a25d5c9,closed_captioning,519,50,1,75,43,0,36,0,114,,2,1,3,1,,33,54,1,117,42,22.083333333333332,2,2024-08-08T14:09:29.121550
81eeab8d-eb8c-4160-8475-fc5275904f35,closed_captioning,562,51,3,89,21,0,42,0,99,,6,8,14,0,,75,104,0,111,92,22.083333333333332,2,2024-07-30T17:04:07.254158
f411c36d-651d-4a9e-af34-588b38254d26,closed_captioning,383,40,0,80,73,0,7,0,8,,0,1,5,1,,112,44,0,4,0,21.202866666666669,1,2024-07-30T16:52:07.595336
c1879d79-6167-47e4-8fdc-bc86890202ce,closed_captioning,378,39,1,65,41,0,24,0,19,,0,2,2,0,,104,47,0,4,0,21.216783333333336,1,2024-07-30T16:01:36.686834
ec710f47-6e2b-40f7-8265-56e4c4a6fe31,closed_captioning,482,58,0,90,45,0,28,0,43,,4,12,3,0,,53,55,0,5,15,21.966666666666665,1,2024-07-30T15:58:20.955056
afe483bb-d230-463e-8435-28c830a3a93e,closed_captioning,372,21,0,65,60,0,62,0,77,,0,0,2,0,,101,41,0,2,2,21.135583333333333,1,2024-07-30T15:48:52.284586
a4d6859d-1019-47fb-b73a-3db113787b4f,closed_captioning,531,63,7,77,28,0,78,0,134,,1,2,9,0,,60,67,0,106,79,22.383333333333333,2,2024-07-30T15:41:15.548048
d19333f0-74a8-4ea5-82a0-94f464f1614d,closed_captioning,443,17,0,52,38,0,18,0,13,,1,0,4,0,,73,27,0,30,7,24.483333333333334,1,2024-07-30T15:38:32.459669
85d19013-468e-43f1-ab32-35762dbbf792,closed_captioning,580,36,2,65,50,0,53,0,50,,33,2,3,0,,73,78,0,59,0,42.133333333333333,2,2024-07-25T12:09:42.462407
5f740359-0cd8-4a39-a8b6-94a2793f1201,closed_captioning,504,70,13,105,49,0,75,0,122,,3,13,1,0,,73,111,1,67,93,22.383333333333333,2,2024-07-25T11:49:53.990825
a739b15a-e2b5-473e-8be3-840f68be90dc,closed_captioning,489,90,5,77,57,0,77,2,146,,4,4,3,0,,49,70,0,89,38,22.383333333333333,2,2024-07-25T11:44:13.558097
eb0fe8f9-bd91-4be8-b41b-105889ba6533,closed_captioning,543,80,0,120,64,0,69,0,53,,85,6,3,1,,71,113,0,85,1,41.51985,1,2024-07-24T11:18:24.854529
6ddf5b55-0515-4370-af25-cb5047db664d,closed_captioning,465,48,3,72,66,0,13,0,16,,1,7,4,0,,54,35,1,9,18,21.224,1,2024-07-17T10:56:44.340500
69bcb117-a90b-4ce7-a1fb-6efd362cef94,closed_captioning,604,106,1,135,89,0,52,0,58,,110,2,13,1,,126,176,0,71,1,41.616216666666666,1,2024-07-09T20:51:20.714185
5adb82f5-4377-4c96-bc68-16265eef6732,closed_captioning,445,46,2,126,131,0,132,0,0,,3,11,7,102,,140,140,0,37,28,21.362466666666666,2,2024-07-05T08:38:31.078235
826c37a7-5d84-468f-884d-0b659f533c24,closed_captioning,596,129,2,104,54,0,31,0,15,,2,8,4,0,,137,82,1,22,8,42.133333333333333,1,2024-06-11T22:08:50.151517
f873bd43-c775-49ff-8904-8f0bdffac2e0,closed_captioning,1003,119,22,226,80,0,50,0,34,,16,16,52,0,,180,203,3,147,210,43.633333333333333,2,2024-06-11T11:15:49.803675
72e362f6-466b-4d7c-b4c4-814eceb96718,closed_captioning,615,44,1,85,51,0,58,0,47,,48,26,15,0,,59,103,0,91,4,42.133333333333333,2,2024-06-11T11:11:49.490425
c05781d2-dc8b-4f1b-a96a-25d2963abbe4,closed_captioning,545,87,4,136,51,0,112,0,136,,19,23,7,0,,100,171,1,134,118,22.383333333333333,1,2024-06-11T11:04:00.388746
fcc23465-1ebb-47c5-8161-17bfbe87f369,closed_captioning,131,15,0,11,10,0,24,0,37,,169,7,2,0,,22,14,0,4,0,21.066666666666666,1,2024-06-11T10:47:43.957684
21e671a0-9304-4ce0-b5f2-8636b3f431a2,closed_captioning,137,14,0,21,16,0,22,0,0,,102,7,0,0,,17,39,0,6,0,21.066666666666666,1,2024-06-06T16:47:26.991589
dd6dff14-7c4e-4359-80e6-079ab5790265,closed_captioning,126,29,0,18,12,0,27,0,27,,161,3,0,0,,21,13,0,5,0,21.066666666666666,1,2024-06-03T21:22:03.831837
64983d0f-03fb-40c6-99d5-415be007d166,closed_captioning,660,150,2,88,56,0,21,0,21,,42,15,6,0,,102,88,0,53,11,42.133333333333333,1,2024-06-03T13:09:51.595312
36761331-6260-4e7c-8377-98ac6f8cd295,closed_captioning,392,22,3,77,38,0,61,0,0,,38,9,6,0,,38,47,0,76,6,20.591683333333332,2,2024-05-29T10:59:03.559475
461c3fd1-8880-4ee6-853a-97697eb24901,closed_captioning,353,53,1,121,59,0,69,0,69,,79,4,3,0,,57,81,0,80,0,20.524716666666666,1,2024-05-29T10:49:49.890488
3996ce6c-7184-4db3-8b7d-dd2394ecd6b5,closed_captioning,585,54,0,120,55,0,46,0,46,,54,20,5,1,,101,120,0,66,4,42.133333333333333,1,2024-05-29T10:48:29.639326
e45d7e2a-bf26-4f5c-b56b-62884ae07d57,closed_captioning,119,9,0,21,13,0,36,0,0,,154,1,0,0,,29,31,0,5,0,21.066666666666666,1,2024-05-29T10:47:42.647669
4d08961d-2e0d-4fe6-b862-b9c73cee6135,closed_captioning,194,13,0,50,45,0,36,0,0,,110,3,2,0,,19,38,0,12,0,21.066666666666666,1,2024-05-29T10:30:40.829375
b31bf6e0-157d-4daa-8f70-913dfb411e42,closed_captioning,609,57,6,78,40,0,18,0,0,,0,11,20,0,,210,168,0,14,0,42.133333333333333,1,2024-05-28T14:48:55.308731
a6974b15-5cce-460d-bbba-a1536642d389,closed_captioning,399,9,1,51,30,0,81,0,0,,52,10,6,0,,35,41,0,59,0,20.5383,1,2024-05-28T14:04:41.777624
0c5b6d25-d44c-4a95-9948-c46d66bc0fbe,closed_captioning,782,140,0,156,92,0,153,0,153,,20,5,6,4,,109,169,0,84,8,42.616666666666667,1,2024-05-24T14:52:00.674202
66bc71ca-5cd8-4789-b532-0209beb6263d,closed_captioning,486,92,1,119,40,0,128,0,128,,8,11,5,0,,84,94,0,111,76,22.383333333333333,2,2024-05-23T17:15:48.826184
e33ba1c9-ea77-4093-8e57-95a5e3fd1a56,closed_captioning,785,117,14,165,60,0,19,0,19,,22,70,23,0,,157,141,1,60,122,43.716666666666669,2,2024-05-23T12:04:20.187581